Day,Hour,RTU01,RKG01,RGS01,RKM02,RDP02,RGD01,RKM03,RBK01,RTU02,RKM01,RTG01,RDP01,RTD01,RTD02,RTD03,RKJ01,RTG02,RKM04,RTG01,RTG02
1,0,0,0,0,0,0,0,0,0,0,0,0,0,0,0,0,0,0,0,0,0
1,1,0,0,0,0,0,0,0,0,0,0,0,0,0,0,0,0,0,0,0,0
1,2,0,0,0,0,0,0,0,0,0,0,0,0,0,0,0,0,0,0,0,0
1,3,0,0,0,0,0,0,0,0,0,0,0,0,0,0,0,0,0,0,0,0
1,4,0,0,0,0,0,0,0,0,0,0,0,0,0,0,0,0,0,0,0,0
1,5,0,0,0,0,0,0,0,0,0,0,0,0,0,0,0,0,0,0,0,0
1,6,6.73,8.03,5.03,0.42,7.69,0.01,0.03,0.23,0.02,0.61,0.89,15.66,17.69,18.08,12.85,30.75,6.62,0.07,0.89,6.62
1,7,101.78,288.33,322.39,6.21,79.51,0.33,0.57,4.79,1.43,10.85,25.91,205.49,448.71,206.66,323.94,541.49,72.31,1.34,25.91,72.31
1,8,130.42,232.58,175.26,7.02,108.27,0.36,0.6,7.09,0.61,10.24,20.88,270.05,418.36,265.98,306.99,540.12,92.11,1.55,20.88,92.11
1,9,179.04,270.57,140.64,9.04,162.1,0.68,0.97,7.99,0.93,16.83,27.7,376.79,499.15,318.3,346.1,613.36,115.08,2.54,27.7,115.08
1,10,191.94,256.62,183.19,10,201.55,0.61,1.06,8.45,0.54,17.8,29.02,451.43,490.77,367.76,352.4,668.75,134.5,2.84,29.02,134.50
1,11,205.59,241.24,159.18,10.76,223.4,0.22,1.55,9.95,0.78,19.7,33.63,691.28,548.51,432.25,354.82,728.71,142.72,4.78,33.63,142.72
1,12,191.05,214.55,167.08,10.53,244.67,0.52,1.2,6.96,0.56,21.32,26.65,509.96,469.24,440.88,335.18,756.69,160.77,3.23,26.65,160.77
1,13,241.42,211.37,179.04,11.95,256.67,0.41,2.95,9.33,1,20.34,33.97,662.89,504.73,475.36,346.97,778.42,157.68,5.86,33.97,157.68
1,14,33.39,41.26,25.46,1.38,38.44,0.14,0.16,1.17,0.09,4.11,4.57,81.16,90.37,92.46,64.92,157.24,34.46,0.39,4.57,34.46
1,15,25.83,31.17,18.76,1.22,29.63,0.01,0.11,0.97,0.06,2.38,3.62,61.68,69.55,70.5,49.99,120.89,26.68,0.29,3.62,26.68
1,16,98.01,90.23,70.11,5.1,107.04,0.41,0.82,3.17,0.31,9.95,11.47,288.68,221.22,256.49,178.93,416.45,94.68,2.02,11.47,94.68
1,17,64.23,57.28,52.1,4.22,80.53,0.15,0.66,2.25,0.13,6.9,7.05,240.85,144.85,183.15,123.55,281.35,59.41,1.58,7.05,59.41
1,18,0,0,0,0,0,0,0,0,0,0,0,0,0,0,0,0,0,0,0,0
1,19,0,0,0,0,0,0,0,0,0,0,0,0,0,0,0,0,0,0,0,0
1,20,0,0,0,0,0,0,0,0,0,0,0,0,0,0,0,0,0,0,0,0
1,21,0,0,0,0,0,0,0,0,0,0,0,0,0,0,0,0,0,0,0,0
1,22,0,0,0,0,0,0,0,0,0,0,0,0,0,0,0,0,0,0,0,0
1,23,0,0,0,0,0,0,0,0,0,0,0,0,0,0,0,0,0,0,0,0
2,0,0,0,0,0,0,0,0,0,0,0,0,0,0,0,0,0,0,0,0,0
2,1,0,0,0,0,0,0,0,0,0,0,0,0,0,0,0,0,0,0,0,0
2,2,0,0,0,0,0,0,0,0,0,0,0,0,0,0,0,0,0,0,0,0
2,3,0,0,0,0,0,0,0,0,0,0,0,0,0,0,0,0,0,0,0,0
2,4,0,0,0,0,0,0,0,0,0,0,0,0,0,0,0,0,0,0,0,0
2,5,0,0,0,0,0,0,0,0,0,0,0,0,0,0,0,0,0,0,0,0
2,6,5.29,6.23,3.93,0.47,6.03,0.03,0.02,0.26,0.01,0.45,0.68,12.36,13.77,14.28,9.97,24.24,5.21,0.06,0.68,5.21
2,7,74.09,156.22,104.67,10.22,56.58,0.28,0.36,3.77,0.45,8.15,11.51,149.14,291.54,165.55,205.43,341.66,55.91,0.82,11.51,55.91
2,8,133.11,226.89,148.78,6.96,116.68,0.57,0.66,5.83,0.82,12.87,24.88,285.72,424.74,261.92,312.12,527.34,95.74,1.39,24.88,95.74
2,9,167.88,259.43,136.02,6.76,164.08,0.86,0.81,7.26,0.64,16.99,22.59,387.06,460.48,324.08,350.04,611.98,122.09,1.97,22.59,122.09
2,10,184.25,248.14,164.48,9.95,193.74,0.69,0.9,7.82,0.52,16.08,26.84,445,469.17,387.64,343.89,673.03,136.05,2.33,26.84,136.05
2,11,179.67,232.63,154.28,5.65,239.16,0.25,0.83,6.6,0.4,17.39,22.67,515.79,464.73,389.86,331.96,710.64,156.09,2,22.67,156.09
2,12,189.49,214.2,164.79,6.77,263.2,1.29,0.89,4.46,0.68,18.56,22.76,523.68,458.44,438.34,329.71,758.14,171.33,2.34,22.76,171.33
2,13,207.03,215.43,175.13,10.87,264.57,1.5,1.3,8.98,0.46,17.63,26.21,562.41,472.78,480.75,350.65,824.3,187.65,2.95,26.21,187.65
2,14,202.04,192.01,161.47,7.61,238.42,0.92,1.67,8.84,0.61,21.34,29.95,555.25,439.7,464.19,328.69,792.11,176.45,3.23,29.95,176.45
2,15,164.88,170.16,123.55,7.12,186.13,0.26,1.11,6.93,0.66,16.25,21.75,406.79,363.06,395.87,281.45,660.67,146.88,2.29,21.75,146.88
2,16,98.96,100.19,69.66,3.98,109.25,0.34,0.49,3.1,0.32,8.75,12.21,232.96,222.71,245.34,173.56,409.59,89.8,1.4,12.21,89.80
2,17,31.99,35.32,24.43,1.19,36.76,0.01,0.12,1.32,0.08,3.71,3.64,80.31,83.58,91.03,64.98,151.89,32.8,0.52,3.64,32.80
2,18,0,0,0,0,0,0,0,0,0,0,0,0,0,0,0,0,0,0,0,0
2,19,0,0,0,0,0,0,0,0,0,0,0,0,0,0,0,0,0,0,0,0
2,20,0,0,0,0,0,0,0,0,0,0,0,0,0,0,0,0,0,0,0,0
2,21,0,0,0,0,0,0,0,0,0,0,0,0,0,0,0,0,0,0,0,0
2,22,0,0,0,0,0,0,0,0,0,0,0,0,0,0,0,0,0,0,0,0
2,23,0,0,0,0,0,0,0,0,0,0,0,0,0,0,0,0,0,0,0,0
3,0,0,0,0,0,0,0,0,0,0,0,0,0,0,0,0,0,0,0,0,0
3,1,0,0,0,0,0,0,0,0,0,0,0,0,0,0,0,0,0,0,0,0
3,2,0,0,0,0,0,0,0,0,0,0,0,0,0,0,0,0,0,0,0,0
3,3,0,0,0,0,0,0,0,0,0,0,0,0,0,0,0,0,0,0,0,0
3,4,0,0,0,0,0,0,0,0,0,0,0,0,0,0,0,0,0,0,0,0
3,5,0,0,0,0,0,0,0,0,0,0,0,0,0,0,0,0,0,0,0,0
3,6,7.83,9.91,6.08,0.65,9.15,0.05,0.03,0.33,0.02,0.79,1.01,18.96,21.51,22.16,15.78,37.56,8.04,0.09,1.01,8.04
3,7,99.46,295.89,366.96,11.41,70.56,0.3,0.59,5.59,1.93,11.17,22.91,189.25,449.66,189.99,327.07,545.9,70.98,1.33,22.91,70.98
3,8,138.63,250.58,402.29,9.59,106.53,0.7,0.81,6.69,2,15.07,31.14,255,484.49,243.03,344.68,658.91,82.7,2.18,31.14,82.7
3,9,172.18,243.85,133.78,6.87,130.49,0.49,1.15,9.38,1.16,17.44,32.41,312.38,513.97,297.58,331.59,569.59,93.44,3.13,32.41,93.44
3,10,195.16,239.74,182.42,7.33,166.52,0.56,1.16,9.53,0.9,20.9,35.6,388.77,531.03,370.1,345.61,638.7,116.92,4.08,35.6,116.92
3,11,197.82,221.25,139.06,14.27,182.57,0.82,1.74,9.65,0.86,21.93,34.68,683.11,535.41,418.84,339.14,683.42,126.92,5.11,34.68,126.92
3,12,223.76,221.16,164.32,8.71,235.18,1.41,2.09,8.02,1.03,23.63,34.79,514.17,525.71,444.01,340.24,732.78,141.77,5.58,34.79,141.77
3,13,236.34,210.38,173.3,7.18,252.62,0.68,2.93,9.1,0.88,21.94,38.22,670.24,504.35,459.63,345.58,761.95,152.3,6.09,38.22,152.3
3,14,231.23,192.45,173.38,9.23,264.7,1.38,4.39,9.76,0.73,25.21,37.39,793.59,480.13,460.56,328.79,752.07,151.26,6.08,37.39,151.26
3,15,197.02,161.2,156.27,10.01,237.89,1.37,4.3,7.02,0.78,17.67,35.08,788.39,407.75,447.02,296.16,666.23,133.05,4.89,35.08,133.05
3,16,175.98,119.01,118.72,4.59,177.81,0.5,3.4,5.4,0.44,14.02,26.58,673.05,276.7,326.82,225.43,486.83,87.54,3.35,26.58,87.54
3,17,52.35,49.32,45.63,4.39,71.72,0.25,0.9,2.02,0.19,6.23,6.3,250.25,119.66,157.54,100.65,221.87,43.5,1.24,6.3,43.5
3,18,0,0,0,0,0,0,0,0,0,0,0,0,0,0,0,0,0,0,0,0
3,19,0,0,0,0,0,0,0,0,0,0,0,0,0,0,0,0,0,0,0,0
3,20,0,0,0,0,0,0,0,0,0,0,0,0,0,0,0,0,0,0,0,0
3,21,0,0,0,0,0,0,0,0,0,0,0,0,0,0,0,0,0,0,0,0
3,22,0,0,0,0,0,0,0,0,0,0,0,0,0,0,0,0,0,0,0,0
3,23,0,0,0,0,0,0,0,0,0,0,0,0,0,0,0,0,0,0,0,0
4,0,0,0,0,0,0,0,0,0,0,0,0,0,0,0,0,0,0,0,0,0
4,1,0,0,0,0,0,0,0,0,0,0,0,0,0,0,0,0,0,0,0,0
4,2,0,0,0,0,0,0,0,0,0,0,0,0,0,0,0,0,0,0,0,0
4,3,0,0,0,0,0,0,0,0,0,0,0,0,0,0,0,0,0,0,0,0
4,4,0,0,0,0,0,0,0,0,0,0,0,0,0,0,0,0,0,0,0,0
4,5,0,0,0,0,0,0,0,0,0,0,0,0,0,0,0,0,0,0,0,0
4,6,7.44,9.33,5.61,0.35,8.89,0.04,0.03,0.36,0.02,0.95,1.02,17.79,20.29,20.38,14.78,35.43,7.71,0.08,1.02,7.71
4,7,91.37,246.47,174.93,9.28,69.33,0.93,0.45,4.91,1.44,9.08,21.05,182.75,399.95,192.17,288.14,481.51,68.01,1.18,21.05,68.01
4,8,135.48,253.51,403.18,9.68,114.31,0.4,0.77,4.49,1.18,13.42,30.91,279.48,461.21,253.37,335.84,592.65,85.68,1.83,30.91,85.68
4,9,181.22,264.7,142.73,8.39,146.32,0.17,0.92,7.62,0.95,19.28,33.89,352.33,518.4,308.65,350.66,601.76,103.49,2.73,33.89,103.49
4,10,195.17,253.34,181.55,8.56,184.63,0.92,1.15,8.93,0.77,17.77,30.66,410.15,519.17,359.45,348.57,635.6,116.72,3.47,30.66,116.72
4,11,203.67,232.09,155.7,7.4,221.43,0.14,1.47,9.19,0.89,18.36,32.19,667.75,518.4,404.92,343.69,696.47,137.67,4.18,32.19,137.67
4,12,224.86,225.3,175.86,6.62,264,0.26,1.54,9.35,0.75,20.67,31.95,549.85,503.52,447.24,350.29,757.12,163.23,3.99,31.95,163.23
4,13,227.37,217.11,178.57,9.17,271.78,1.56,2.06,9.9,1.03,20.43,34.72,632.53,491.04,474.49,349.09,796.04,167.57,4.58,34.72,167.57
4,14,224.51,203.27,176.32,14.51,270.19,1.11,2.81,8.87,0.85,21.62,32.84,703.08,487.01,491.47,353.08,820.49,175.72,4.68,32.84,175.72
4,15,205.09,170.53,162.6,8.07,246.88,0.57,3.84,8.12,0.56,20.71,33.95,763.81,421.51,462.52,311.63,712.44,146.06,4.66,33.95,146.06
4,16,159.16,127.97,112.38,8.6,161.89,0.37,1.94,4.68,0.34,11.58,20.25,528.04,292.05,335.14,244.03,523.02,109.36,2.95,20.25,109.36
4,17,56.77,52.46,48.86,2.11,70.95,0.26,0.74,2.06,0.24,5.1,7.59,236.09,128.31,157.91,104.9,236.5,48.39,1.21,7.59,48.39
4,18,0,0,0,0,0,0,0,0,0,0,0,0,0,0,0,0,0,0,0,0
4,19,0,0,0,0,0,0,0,0,0,0,0,0,0,0,0,0,0,0,0,0
4,20,0,0,0,0,0,0,0,0,0,0,0,0,0,0,0,0,0,0,0,0
4,21,0,0,0,0,0,0,0,0,0,0,0,0,0,0,0,0,0,0,0,0
4,22,0,0,0,0,0,0,0,0,0,0,0,0,0,0,0,0,0,0,0,0
4,23,0,0,0,0,0,0,0,0,0,0,0,0,0,0,0,0,0,0,0,0
5,0,0,0,0,0,0,0,0,0,0,0,0,0,0,0,0,0,0,0,0,0
5,1,0,0,0,0,0,0,0,0,0,0,0,0,0,0,0,0,0,0,0,0
5,2,0,0,0,0,0,0,0,0,0,0,0,0,0,0,0,0,0,0,0,0
5,3,0,0,0,0,0,0,0,0,0,0,0,0,0,0,0,0,0,0,0,0
5,4,0,0,0,0,0,0,0,0,0,0,0,0,0,0,0,0,0,0,0,0
5,5,0,0,0,0,0,0,0,0,0,0,0,0,0,0,0,0,0,0,0,0
5,6,2.74,3.21,2.03,0.19,3.12,0.02,0.01,0.12,0.01,0.31,0.35,6.46,7.25,7.4,5.25,12.78,2.77,0.03,0.35,2.77
5,7,86.19,227.73,97.26,8.52,64.46,0.43,0.51,4.27,1.03,8.42,20.8,174.84,380.41,185.74,272.25,446.43,63.46,1.1,20.8,63.46
5,8,137.95,256.51,448.89,13.97,111.1,0.9,0.68,7.17,1.35,12.17,27.71,272.55,459.17,250.68,336.31,590.24,88.87,1.74,27.71,88.87
5,9,181.78,276.62,147.94,7.49,161.09,0.15,1.03,8.37,1.09,20.68,33.98,383.65,512.06,314.33,356.63,613.95,111.79,2.45,33.98,111.79
5,10,168.75,237.73,137.34,3.58,195.03,0.74,0.75,9.46,0.38,12.03,21.2,429.58,446.26,341.58,330.45,631.63,131.62,1.86,21.2,131.62
5,11,170.18,214.82,147.7,9.16,224.75,1.56,0.74,6.12,0.38,14.51,19.56,485.01,432.66,369.61,315.89,655.97,143.95,1.82,19.56,143.95
5,12,175.76,194.92,149.92,8.45,233.72,1.99,0.72,6.22,0.45,16.99,20.83,462.13,415.31,388.67,305.94,670.87,153.58,2.05,20.83,153.58
5,13,217.6,210.37,168.63,10.35,262.65,0.87,1.73,8.43,0.66,22.28,29.71,592.77,464.11,444.46,339.14,759.84,166.67,3.93,29.71,166.67
5,14,251.1,205.12,195.28,12.91,286.8,1.3,5.2,9.52,0.82,24.54,42.98,925.38,529.43,482.58,355.59,781.99,148.72,7.57,42.98,148.72
5,15,209.37,179.63,163.38,8.39,244,1.9,3.32,8.05,0.75,19.8,28.94,730.46,433.93,474.57,320.79,749.59,160.44,4.35,28.94,160.44
5,16,97.14,101.33,69.9,5.15,108.24,0.38,0.54,4.06,0.41,9.8,13.03,233.3,218.6,238.2,172.36,395.59,87.52,1.33,13.03,87.52
5,17,19.75,22.74,14.45,1.65,22.12,0.07,0.06,0.71,0.07,2.24,2.37,46.58,52.08,53.89,37.63,91.5,19.83,0.24,2.37,19.83
5,18,0,0,0,0,0,0,0,0,0,0,0,0,0,0,0,0,0,0,0,0
5,19,0,0,0,0,0,0,0,0,0,0,0,0,0,0,0,0,0,0,0,0
5,20,0,0,0,0,0,0,0,0,0,0,0,0,0,0,0,0,0,0,0,0
5,21,0,0,0,0,0,0,0,0,0,0,0,0,0,0,0,0,0,0,0,0
5,22,0,0,0,0,0,0,0,0,0,0,0,0,0,0,0,0,0,0,0,0
5,23,0,0,0,0,0,0,0,0,0,0,0,0,0,0,0,0,0,0,0,0
6,0,0,0,0,0,0,0,0,0,0,0,0,0,0,0,0,0,0,0,0,0
6,1,0,0,0,0,0,0,0,0,0,0,0,0,0,0,0,0,0,0,0,0
6,2,0,0,0,0,0,0,0,0,0,0,0,0,0,0,0,0,0,0,0,0
6,3,0,0,0,0,0,0,0,0,0,0,0,0,0,0,0,0,0,0,0,0
6,4,0,0,0,0,0,0,0,0,0,0,0,0,0,0,0,0,0,0,0,0
6,5,0,0,0,0,0,0,0,0,0,0,0,0,0,0,0,0,0,0,0,0
6,6,8.38,10.43,6.45,0.6,9.82,0.05,0.03,0.33,0.02,0.74,1.22,20.19,22.85,23.44,16.32,39.79,8.66,0.1,1.22,8.66
6,7,95.44,301.43,126.25,9.68,71.67,0.6,0.6,5.2,2,10.8,28.39,196.7,589.83,193.44,327.26,550.4,68.99,1.37,28.39,68.99
6,8,137.39,251.6,496.49,11.06,99.64,0.25,0.93,8.62,2.18,14.59,34.76,242.12,482.29,235.27,351.15,669.4,77.97,2.28,34.76,77.97
6,9,174.58,251.82,130.76,8.23,130.16,0.63,1.12,9.07,1.3,22.16,34.09,306.76,518.42,294.63,330.83,568.04,90.89,3.22,34.09,90.89
6,10,192.78,230.54,131.59,10.65,158.47,0.14,1.2,9.41,0.91,18.95,35.98,363.56,535.63,352.66,337.84,605.22,106.31,4.24,35.98,106.31
6,11,199.31,216.93,128.81,8.77,174.97,0.9,2.08,10.5,1.11,20.8,35.54,749.42,554.64,407.22,335.94,661.47,119.29,5.75,35.54,119.29
6,12,231.03,217.15,152.82,11.21,214.6,1.16,2.44,9.36,1.08,26.82,35.82,498.44,548.12,448.95,348.96,720.63,134.31,6.43,35.82,134.31
6,13,249.19,210.62,171.9,7.81,249.62,1.03,3.65,8.66,0.87,24.44,41.62,701.58,519.26,463.78,347.29,746.35,140.15,6.82,41.62,140.15
6,14,233.26,194.09,175.77,7.57,258.03,0.9,4.96,7.85,0.87,22.4,41.94,826.4,488.37,448.06,336.99,729.79,137.62,6.9,41.94,137.62
6,15,208.97,163.84,162.51,6.76,240.77,1.26,5.41,8.59,0.59,18.94,36.41,875.28,408.99,435.34,290.12,626.93,119.97,5.56,36.41,119.97
6,16,179.16,122.63,123.02,4.29,184.98,0.99,3.49,5.63,0.55,12.43,28.68,706.91,276.44,326.36,234.73,456.79,88.85,3.82,28.68,88.85
6,17,55.76,48.71,47.12,2.77,74.12,0.23,0.87,2.4,0.18,5.29,6.15,257.02,120.07,154.43,100.07,218.43,43.34,1.18,6.15,43.34
6,18,0,0,0,0,0,0,0,0,0,0,0,0,0,0,0,0,0,0,0,0
6,19,0,0,0,0,0,0,0,0,0,0,0,0,0,0,0,0,0,0,0,0
6,20,0,0,0,0,0,0,0,0,0,0,0,0,0,0,0,0,0,0,0,0
6,21,0,0,0,0,0,0,0,0,0,0,0,0,0,0,0,0,0,0,0,0
6,22,0,0,0,0,0,0,0,0,0,0,0,0,0,0,0,0,0,0,0,0
6,23,0,0,0,0,0,0,0,0,0,0,0,0,0,0,0,0,0,0,0,0
7,0,0,0,0,0,0,0,0,0,0,0,0,0,0,0,0,0,0,0,0,0
7,1,0,0,0,0,0,0,0,0,0,0,0,0,0,0,0,0,0,0,0,0
7,2,0,0,0,0,0,0,0,0,0,0,0,0,0,0,0,0,0,0,0,0
7,3,0,0,0,0,0,0,0,0,0,0,0,0,0,0,0,0,0,0,0,0
7,4,0,0,0,0,0,0,0,0,0,0,0,0,0,0,0,0,0,0,0,0
7,5,0,0,0,0,0,0,0,0,0,0,0,0,0,0,0,0,0,0,0,0
7,6,9.18,11.02,6.83,0.58,10.41,0.03,0.04,0.36,0.02,0.72,1.15,21.01,24.04,24.64,17.52,41.55,9.05,0.1,1.15,9.05
7,7,98.69,290.02,118.81,11.29,74.87,0.68,0.55,5.05,1.41,11.01,23.85,198.95,547.15,199.45,319.04,485.57,71.65,1.21,23.85,71.65
7,8,137.34,257.84,211.84,6.2,119.89,0.6,0.64,5.79,1.01,11.96,23.75,291.26,451.18,270.78,331.33,572.08,95.48,1.67,23.75,95.48
7,9,168.82,268.59,126.37,11.19,160.02,0.64,0.78,7.14,0.79,14.18,26.17,378.96,465.76,323.52,344.24,609.44,114.33,1.93,26.17,114.33
7,10,198.29,259.99,151.33,7.31,207.26,0.54,1.02,8.79,0.74,17.28,29.62,459.13,506.59,389,368.56,689.94,140.4,2.71,29.62,140.4
7,11,217.12,253.33,180.53,11.07,259.52,0.8,1.26,9.74,0.84,21.86,30.31,636.9,531.14,464.86,378.62,794.65,171.04,3.05,30.31,171.04
7,12,212.02,227.65,180.07,9.55,270.39,0.79,1.5,8.46,1.03,19.78,31.69,553.78,500.4,434.21,349.33,740.97,158.31,3.81,31.69,158.31
7,13,240.41,215.41,180.85,8.5,270.78,0.86,2.89,10.59,1.06,21.43,35.11,680.64,508.42,470.52,356.25,765.56,155.44,5.5,35.11,155.44
7,14,215.77,206.06,172.95,8.77,265.39,1.07,2.39,8.14,0.66,22.42,30.52,663.89,481.65,481.13,355.44,807.98,178.86,4.07,30.52,178.86
7,15,205.4,176.08,162.59,7.11,242.67,1.55,3.51,8.75,0.73,15.99,34.26,724.02,419.01,453.38,316.81,706.7,149.4,4.26,34.26,149.4
7,16,161.99,123.93,116.36,5.7,168.7,0.78,2.3,5.06,0.42,13.89,22.95,567.1,289.97,331.95,239.09,500.66,103.28,2.95,22.95,103.28
7,17,55.17,51.71,44.25,3.04,68.13,0.28,0.55,2.24,0.17,6.21,7.91,215.86,128.71,160.16,110.24,238.81,50.64,1.18,7.91,50.64
7,18,0,0,0,0,0,0,0,0,0,0,0,0,0,0,0,0,0,0,0,0
7,19,0,0,0,0,0,0,0,0,0,0,0,0,0,0,0,0,0,0,0,0
7,20,0,0,0,0,0,0,0,0,0,0,0,0,0,0,0,0,0,0,0,0
7,21,0,0,0,0,0,0,0,0,0,0,0,0,0,0,0,0,0,0,0,0
7,22,0,0,0,0,0,0,0,0,0,0,0,0,0,0,0,0,0,0,0,0
7,23,0,0,0,0,0,0,0,0,0,0,0,0,0,0,0,0,0,0,0,0
8,0,0,0,0,0,0,0,0,0,0,0,0,0,0,0,0,0,0,0,0,0
8,1,0,0,0,0,0,0,0,0,0,0,0,0,0,0,0,0,0,0,0,0
8,2,0,0,0,0,0,0,0,0,0,0,0,0,0,0,0,0,0,0,0,0
8,3,0,0,0,0,0,0,0,0,0,0,0,0,0,0,0,0,0,0,0,0
8,4,0,0,0,0,0,0,0,0,0,0,0,0,0,0,0,0,0,0,0,0
8,5,0,0,0,0,0,0,0,0,0,0,0,0,0,0,0,0,0,0,0,0
8,6,4.13,5.01,3.19,0.32,4.89,0.03,0.02,0.16,0.01,0.41,0.55,9.96,11.28,11.54,8.17,19.82,4.35,0.05,0.55,4.35
8,7,63.07,78.8,43.05,2.5,63.56,0.22,0.29,2.42,0.25,5.66,10.15,134.41,155.55,140.26,114.56,250.22,52.62,0.73,10.15,52.62
8,8,116.22,149.49,85.53,4.81,121.81,0.72,0.63,3.57,0.32,10.94,18.04,258.29,296.9,256.61,217.4,466.53,97.77,1.26,18.04,97.77
8,9,162.31,211.98,118.24,10,177.22,0.17,0.78,6.31,0.69,12.71,22.24,373.38,414.02,363.31,298.47,654.53,143.39,1.66,22.24,143.39
8,10,173.09,244.05,139.01,11.8,202.9,1.16,0.85,6.32,0.47,16.82,27.08,440.16,451.49,346.38,340.36,635.2,131.4,1.71,27.08,131.4
8,11,174.58,223.78,142.54,8.48,232.62,1.26,0.63,5.99,0.55,14.93,19.08,479.77,494.43,465.62,337.33,820.82,182.53,1.58,19.08,182.53
8,12,160.01,202.06,139.47,5.98,221.23,0.19,0.59,6.79,0.36,12.01,16.34,446.34,459.06,450.93,314.25,783.91,173.69,1.6,16.34,173.69
8,13,157.32,168.42,132.59,9.27,215.11,1.11,0.73,6.65,0.39,16.54,20.61,416.6,371.19,365.3,279.73,627.95,142.85,2,20.61,142.85
8,14,158.3,177.31,114.67,7.74,180.46,1.02,0.87,6.92,0.5,12.38,20.29,373.31,371.29,374.13,272.53,650.79,144.9,1.88,20.29,144.9
8,15,126.74,139.09,91.4,7.57,141.34,0.45,0.74,5.11,0.41,15.77,17.7,290.79,289.59,303.15,225.19,509.02,114.67,1.66,17.7,114.67
8,16,86.46,92.65,63.54,4.68,95.27,0.54,0.4,3.86,0.27,9.64,11.15,200.01,197.45,212.84,157.51,360.25,79.63,1.2,11.15,79.63
8,17,35.62,37.99,26.02,2.83,40.3,0.04,0.13,1.65,0.14,3.48,4.45,87.84,91.09,99.37,71.41,165.15,35.37,0.57,4.45,35.37
8,18,0,0,0,0,0,0,0,0,0,0,0,0,0,0,0,0,0,0,0,0
8,19,0,0,0,0,0,0,0,0,0,0,0,0,0,0,0,0,0,0,0,0
8,20,0,0,0,0,0,0,0,0,0,0,0,0,0,0,0,0,0,0,0,0
8,21,0,0,0,0,0,0,0,0,0,0,0,0,0,0,0,0,0,0,0,0
8,22,0,0,0,0,0,0,0,0,0,0,0,0,0,0,0,0,0,0,0,0
8,23,0,0,0,0,0,0,0,0,0,0,0,0,0,0,0,0,0,0,0,0
9,0,0,0,0,0,0,0,0,0,0,0,0,0,0,0,0,0,0,0,0,0
9,1,0,0,0,0,0,0,0,0,0,0,0,0,0,0,0,0,0,0,0,0
9,2,0,0,0,0,0,0,0,0,0,0,0,0,0,0,0,0,0,0,0,0
9,3,0,0,0,0,0,0,0,0,0,0,0,0,0,0,0,0,0,0,0,0
9,4,0,0,0,0,0,0,0,0,0,0,0,0,0,0,0,0,0,0,0,0
9,5,0,0,0,0,0,0,0,0,0,0,0,0,0,0,0,0,0,0,0,0
9,6,8.58,10.42,6.26,0.57,9.94,0.07,0.03,0.42,0.01,0.79,1.21,20.21,23.16,23.2,16.5,39.79,8.83,0.1,1.21,8.83
9,7,100.29,283.69,111.21,11.16,74.93,0.71,0.48,4.11,1.29,9.02,24.98,196.86,540.42,198.17,319.78,479.38,69.95,1.35,24.98,69.95
9,8,140.92,270.81,164.43,6.98,112.08,0.1,0.75,8.58,1.67,16.36,30.4,272.98,488.11,250.44,357.06,638.24,86.77,1.94,30.4,86.77
9,9,177.28,275.21,139.41,8.12,143.39,0.42,0.96,8.03,1.09,20.65,30.26,341.43,519.91,305.19,347.03,593.51,101.06,2.79,30.26,101.06
9,10,201.46,267.76,146.52,9.26,191.57,0.32,1.2,8.47,0.83,21.83,32.91,437.83,543.46,360.83,364.85,634.71,120.31,3.47,32.91,120.31
9,11,202.69,223.11,140.55,12.59,198.26,0.41,1.75,8.61,0.86,21.88,34.34,748.98,548.25,410.33,342.46,675.09,126.67,4.75,34.34,126.67
9,12,228.15,222.39,252.51,7.35,230.96,0.72,2.21,9.48,1.08,21.95,36.38,516,539.03,445.78,348.42,728.02,137.62,5.49,36.38,137.62
9,13,254.25,221.84,190.37,12.91,277.61,1.05,3.27,9.02,0.92,23.54,39.16,724.58,533.09,480.14,366.13,786.1,154.91,5.98,39.16,154.91
9,14,242.11,195.88,183.23,9.17,262.05,0.9,4.87,9.08,0.86,21.99,45.33,844.25,492.14,445.16,332.94,717.63,136.04,7.04,45.33,136.04
9,15,215.27,163.26,166.04,6.56,248.61,0.9,5.48,9.38,0.86,18.43,36.54,901.33,408.79,433.98,293.3,618.25,116.28,5.68,36.54,116.28
9,16,185.16,122.38,127.66,5.2,190.9,0.93,4.09,5.99,0.62,14.42,28.66,763.86,271.5,319.05,232.7,434.82,84.41,3.68,28.66,84.41
9,17,56.68,54.43,53,2.56,80.38,0.24,0.99,2.44,0.12,6.43,6.96,276.74,132.49,164.33,108.48,239.3,48.79,1.23,6.96,48.79
9,18,0,0,0,0,0,0,0,0,0,0,0,0,0,0,0,0,0,0,0,0
9,19,0,0,0,0,0,0,0,0,0,0,0,0,0,0,0,0,0,0,0,0
9,20,0,0,0,0,0,0,0,0,0,0,0,0,0,0,0,0,0,0,0,0
9,21,0,0,0,0,0,0,0,0,0,0,0,0,0,0,0,0,0,0,0,0
9,22,0,0,0,0,0,0,0,0,0,0,0,0,0,0,0,0,0,0,0,0
9,23,0,0,0,0,0,0,0,0,0,0,0,0,0,0,0,0,0,0,0,0
10,0,0,0,0,0,0,0,0,0,0,0,0,0,0,0,0,0,0,0,0,0
10,1,0,0,0,0,0,0,0,0,0,0,0,0,0,0,0,0,0,0,0,0
10,2,0,0,0,0,0,0,0,0,0,0,0,0,0,0,0,0,0,0,0,0
10,3,0,0,0,0,0,0,0,0,0,0,0,0,0,0,0,0,0,0,0,0
10,4,0,0,0,0,0,0,0,0,0,0,0,0,0,0,0,0,0,0,0,0
10,5,0,0,0,0,0,0,0,0,0,0,0,0,0,0,0,0,0,0,0,0
10,6,6.23,7.33,4.6,0.34,7.12,0.02,0.02,0.22,0.04,0.63,0.74,14.31,16.55,16.56,11.83,28.66,6.27,0.07,0.74,6.27
10,7,80.06,187.61,76.22,5.62,61.14,0.29,0.41,4.12,0.74,7.93,16.73,158.8,363.62,174.76,234.25,365.97,58.91,0.93,16.73,58.91
10,8,130.3,223.99,106.62,9.21,112.32,0.74,0.55,5.36,0.76,10.68,18.79,279.35,398.73,248.69,298.66,491.34,88.46,1.26,18.79,88.46
10,9,165.53,264.47,129.34,10.57,162.05,1.05,0.73,6.48,0.53,14.03,25.55,386.21,470.15,311.81,345.19,597.15,113.44,1.66,25.55,113.44
10,10,183.36,259.23,158.5,5.54,210.86,0.75,0.8,6.28,0.45,15.72,25.53,466.01,478.04,354.27,354.53,656.16,138.62,2.1,25.53,138.62
10,11,186.18,237.35,166.47,8.34,251.15,1.53,0.83,7.91,0.46,17.89,22.11,535.65,470.65,380.37,346.47,704.44,154.51,1.97,22.11,154.51
10,12,183.26,203.27,161.06,6.77,253.97,1.29,0.78,6.82,0.49,20.15,22.81,494.52,427.66,386.11,314.9,687.77,153.96,2,22.81,153.96
10,13,199.74,209.17,172.98,8.47,273.36,0.71,1.06,9.76,0.41,20.61,25.26,546.4,457.19,442.19,348.51,779.1,176.14,2.6,25.26,176.14
10,14,185.81,185.06,154.52,6.69,239.52,1.16,1.14,6.57,0.72,20.24,24.62,507.85,412.9,436.82,319.04,736.58,168.67,2.75,24.62,168.67
10,15,169.02,173.98,125.8,4.75,196.03,1.59,1.02,6.9,0.67,15.23,23.62,421.27,372.02,394.52,284.03,670.98,148.96,2.33,23.62,148.96
10,16,104.22,109.67,77.36,3.53,118.69,0.37,0.56,4.41,0.33,12.05,13,260.76,237.69,256.87,190.07,429.82,94.19,1.48,13,94.19
10,17,44.17,45.42,31.05,4,47.22,0.6,0.19,2.4,0.16,4.39,4.97,107.81,108.18,117.66,86.75,194.55,41.38,0.89,4.97,41.38
10,18,0,0,0,0,0,0,0,0,0,0,0,0,0,0,0,0,0,0,0,0
10,19,0,0,0,0,0,0,0,0,0,0,0,0,0,0,0,0,0,0,0,0
10,20,0,0,0,0,0,0,0,0,0,0,0,0,0,0,0,0,0,0,0,0
10,21,0,0,0,0,0,0,0,0,0,0,0,0,0,0,0,0,0,0,0,0
10,22,0,0,0,0,0,0,0,0,0,0,0,0,0,0,0,0,0,0,0,0
10,23,0,0,0,0,0,0,0,0,0,0,0,0,0,0,0,0,0,0,0,0
11,0,0,0,0,0,0,0,0,0,0,0,0,0,0,0,0,0,0,0,0,0
11,1,0,0,0,0,0,0,0,0,0,0,0,0,0,0,0,0,0,0,0,0
11,2,0,0,0,0,0,0,0,0,0,0,0,0,0,0,0,0,0,0,0,0
11,3,0,0,0,0,0,0,0,0,0,0,0,0,0,0,0,0,0,0,0,0
11,4,0,0,0,0,0,0,0,0,0,0,0,0,0,0,0,0,0,0,0,0
11,5,0,0,0,0,0,0,0,0,0,0,0,0,0,0,0,0,0,0,0,0
11,6,7.5,9.32,5.6,0.41,8.66,0.02,0.03,0.3,0.03,0.78,0.98,17.98,20.3,20.59,14.57,35.52,7.62,0.08,0.98,7.62
11,7,95.55,223.7,105.46,8.98,71.7,0.17,0.49,5.62,1.36,9.45,21.59,182.91,603.4,192,305.42,451.66,68.56,1.15,21.59,68.56
11,8,141.22,279.98,163.71,11.27,110.81,1.32,0.73,7.77,1.81,13.7,30.03,275.69,495.08,245.24,364.45,647.43,86.68,1.96,30.03,86.68
11,9,185.94,291.77,144.93,14.1,153.4,0.35,1.02,8.1,1.18,21.6,34.08,354.92,528.34,299.99,353.12,584.42,98.8,2.48,34.08,98.8
11,10,207.25,268.86,150.02,11.18,195,1.02,1.22,8.67,1.17,19.5,34.44,442.82,545.73,354,361.42,636.25,117.28,3.4,34.44,117.28
11,11,216.48,255.15,170.48,6.37,246.34,1.31,1.81,9.24,0.88,22.92,32.03,814.39,570.22,419.24,374.37,722.68,142.68,4.43,32.03,142.68
11,12,176.88,196.4,172.95,8.79,236.46,0.47,1.06,6.76,1.02,14.52,23.62,516.06,426.73,392.35,316.41,665.81,141.02,2.63,23.62,141.02
11,13,204.94,207.93,168.87,8.2,272.07,0.03,0.95,8.07,0.42,18.44,25.36,539.12,455.54,441.84,337.99,762.79,175.31,2.48,25.36,175.31
11,14,196.02,185.15,160.29,8.88,242,1.03,1.41,7.26,0.96,18.22,24.9,529.01,426.49,435.86,329.31,750.22,162.96,3.01,24.9,162.96
11,15,168.48,177.53,124.98,8.06,197.09,0.94,1.08,8.16,0.63,17.12,23.19,416.91,372.66,384.82,290.17,663.17,148.53,2.3,23.19,148.53
11,16,112.48,112.33,79.11,5.29,124.72,0.51,0.63,4.64,0.48,12.45,15.05,273.65,246.53,262.89,197.92,447.05,98.62,1.64,15.05,98.62
11,17,36.83,38.72,27.86,2.3,42.16,0.28,0.13,1.82,0.13,4.26,4.03,92.1,95.11,103.48,75.37,170.35,36.6,0.61,4.03,36.6
11,18,0,0,0,0,0,0,0,0,0,0,0,0,0,0,0,0,0,0,0,0
11,19,0,0,0,0,0,0,0,0,0,0,0,0,0,0,0,0,0,0,0,0
11,20,0,0,0,0,0,0,0,0,0,0,0,0,0,0,0,0,0,0,0,0
11,21,0,0,0,0,0,0,0,0,0,0,0,0,0,0,0,0,0,0,0,0
11,22,0,0,0,0,0,0,0,0,0,0,0,0,0,0,0,0,0,0,0,0
11,23,0,0,0,0,0,0,0,0,0,0,0,0,0,0,0,0,0,0,0,0
12,0,0,0,0,0,0,0,0,0,0,0,0,0,0,0,0,0,0,0,0,0
12,1,0,0,0,0,0,0,0,0,0,0,0,0,0,0,0,0,0,0,0,0
12,2,0,0,0,0,0,0,0,0,0,0,0,0,0,0,0,0,0,0,0,0
12,3,0,0,0,0,0,0,0,0,0,0,0,0,0,0,0,0,0,0,0,0
12,4,0,0,0,0,0,0,0,0,0,0,0,0,0,0,0,0,0,0,0,0
12,5,0,0,0,0,0,0,0,0,0,0,0,0,0,0,0,0,0,0,0,0
12,6,4.81,5.66,3.59,0.24,5.41,0.02,0.02,0.23,0.02,0.44,0.58,11.19,12.59,12.74,8.83,22.12,4.79,0.05,0.58,4.79
12,7,66.84,85.82,50.72,4.39,68.58,0.11,0.3,2.9,0.29,6.77,10.93,144.28,174.82,150.34,127.82,269.28,57.23,0.8,10.93,57.23
12,8,129.35,230.94,109.79,7.68,115.65,0.23,0.65,5.6,0.54,14.82,25.22,285.77,413.15,246.84,303.01,504.77,89.88,1.35,25.22,89.88
12,9,174.92,276.83,130.28,15.38,168.01,1.01,0.79,6.99,0.89,16.47,25.46,389.6,474.07,312.54,347.28,600.33,115.07,1.78,25.46,115.07
12,10,184.18,257.68,149.21,9.66,201.3,0.2,0.8,7.89,1.13,18.8,27.73,465.46,482.53,374.98,356.68,665.39,134.32,2.31,27.73,134.32
12,11,182.1,228.31,160.35,5.25,241.96,0.96,0.89,6.33,0.43,15.91,22.47,540.72,464.33,376.64,337.5,682.25,148.61,1.94,22.47,148.61
12,12,204.07,223.86,196.33,14.86,270.24,0.73,1.21,8.83,0.88,20.15,31.69,579.17,477.74,435.63,349.92,751.17,158.85,2.95,31.69,158.85
12,13,205.72,207.86,174.33,7.81,276.2,1.33,1.17,7.61,0.71,17.91,25.7,548.73,451.81,435.9,344.86,764.33,169.94,2.76,25.7,169.94
12,14,192.28,209.96,146.1,10.64,230.92,1.16,0.95,9.1,0.75,16.97,27.29,472.03,447.69,445.82,334.51,778.1,176.79,2.41,27.29,176.79
12,15,155.28,160.28,110.74,7.27,167.14,0.66,0.87,4.98,0.44,15.3,20.95,354.76,338.86,351.56,259.34,597.44,131.48,1.97,20.95,131.48
12,16,105.18,105.59,75.65,6.18,109.72,0.32,0.52,4.76,0.42,9.7,12.61,242.5,230.02,243.15,181.9,413.2,90.56,1.49,12.61,90.56
12,17,38.29,40.57,27.85,3.09,42.94,0.27,0.14,1.82,0.07,4.42,4.01,94.4,96.48,103.45,77.11,173.96,37.59,0.62,4.01,37.59
12,18,0,0,0,0,0,0,0,0,0,0,0,0,0,0,0,0,0,0,0,0
12,19,0,0,0,0,0,0,0,0,0,0,0,0,0,0,0,0,0,0,0,0
12,20,0,0,0,0,0,0,0,0,0,0,0,0,0,0,0,0,0,0,0,0
12,21,0,0,0,0,0,0,0,0,0,0,0,0,0,0,0,0,0,0,0,0
12,22,0,0,0,0,0,0,0,0,0,0,0,0,0,0,0,0,0,0,0,0
12,23,0,0,0,0,0,0,0,0,0,0,0,0,0,0,0,0,0,0,0,0
13,0,0,0,0,0,0,0,0,0,0,0,0,0,0,0,0,0,0,0,0,0
13,1,0,0,0,0,0,0,0,0,0,0,0,0,0,0,0,0,0,0,0,0
13,2,0,0,0,0,0,0,0,0,0,0,0,0,0,0,0,0,0,0,0,0
13,3,0,0,0,0,0,0,0,0,0,0,0,0,0,0,0,0,0,0,0,0
13,4,0,0,0,0,0,0,0,0,0,0,0,0,0,0,0,0,0,0,0,0
13,5,0,0,0,0,0,0,0,0,0,0,0,0,0,0,0,0,0,0,0,0
13,6,8.75,10.3,6.19,0.63,9.66,0.02,0.04,0.29,0.03,0.76,1.04,20.09,22.62,23.33,16.71,39.71,8.52,0.09,1.04,8.52
13,7,90.53,287.61,161.32,8.92,64.48,0.26,0.53,4.82,1.32,8.16,21.92,176.47,535.55,187.59,285.38,428.36,63.5,1.06,21.92,63.5
13,8,144.03,277.14,146.6,7.11,115.92,0.19,0.7,6.38,1.63,15.42,31.28,295.73,480.14,253.19,351.4,600.55,88.52,1.76,31.28,88.52
13,9,185.45,297.91,147.53,8.65,165.7,0.76,0.83,8.74,1.15,19.15,30.62,388.42,530.9,307.22,368.67,599.71,106.55,2.29,30.62,106.55
13,10,205.43,272.57,158.85,9.98,198.15,0.17,1.15,9.46,0.7,20.69,33.6,451.7,546.24,355.95,371.01,647.37,123.01,3.2,33.6,123.01
13,11,206.57,234.64,153.77,7.83,231.32,0.81,1.7,9.08,0.92,21.62,31.11,772.1,540.94,388.8,352.41,669.81,127.99,4.12,31.11,127.99
13,12,227.66,237.15,232.08,10.25,283.68,0.27,1.8,9.63,0.71,19.59,32.49,699.96,517.1,435.74,355.8,742.83,152.88,3.92,32.49,152.88
13,13,238.54,224.35,195.35,7.62,294.93,0.99,2.43,9.21,1.02,23.23,34.06,682.14,506.59,461.48,361.31,770.86,162.47,4.59,34.06,162.47
13,14,235.76,207.23,184.58,15.13,279.97,0.89,2.45,9.72,0.84,21.12,28.74,697.38,492.73,480.65,361.26,807.35,173.39,4.16,28.74,173.39
13,15,198.83,175.6,159.14,6.24,240.3,0.93,2.39,8.07,0.6,22.85,23.09,625.25,414.97,448.91,327.61,716.4,154.14,3.76,23.09,154.14
13,16,147.89,128.78,106.3,4.65,164.44,0.53,1.31,6.09,0.47,12.14,19.95,436.8,297.83,330.52,244.33,532.34,115.92,2.42,19.95,115.92
13,17,56.48,57.12,42.76,1.69,64.32,0.25,0.35,1.94,0.13,5.5,7.83,171.15,132.47,150.35,111.65,241.04,51.69,1.08,7.83,51.69
13,18,0,0,0,0,0,0,0,0,0,0,0,0,0,0,0,0,0,0,0,0
13,19,0,0,0,0,0,0,0,0,0,0,0,0,0,0,0,0,0,0,0,0
13,20,0,0,0,0,0,0,0,0,0,0,0,0,0,0,0,0,0,0,0,0
13,21,0,0,0,0,0,0,0,0,0,0,0,0,0,0,0,0,0,0,0,0
13,22,0,0,0,0,0,0,0,0,0,0,0,0,0,0,0,0,0,0,0,0
13,23,0,0,0,0,0,0,0,0,0,0,0,0,0,0,0,0,0,0,0,0
14,0,0,0,0,0,0,0,0,0,0,0,0,0,0,0,0,0,0,0,0,0
14,1,0,0,0,0,0,0,0,0,0,0,0,0,0,0,0,0,0,0,0,0
14,2,0,0,0,0,0,0,0,0,0,0,0,0,0,0,0,0,0,0,0,0
14,3,0,0,0,0,0,0,0,0,0,0,0,0,0,0,0,0,0,0,0,0
14,4,0,0,0,0,0,0,0,0,0,0,0,0,0,0,0,0,0,0,0,0
14,5,0,0,0,0,0,0,0,0,0,0,0,0,0,0,0,0,0,0,0,0
14,6,8.03,9.81,6.13,0.36,9.18,0.02,0.03,0.28,0.03,0.88,1.06,18.83,21.76,22.04,15.58,37.27,8.25,0.09,1.06,8.25
14,7,100.22,385.7,234.59,10.07,74.58,0.37,0.56,7.06,2.38,11.33,28.16,200.26,707.1,196.7,341.82,502.2,71.13,1.32,28.16,71.13
14,8,146.85,295.01,176.98,13.58,110.63,0.14,0.78,7.43,1.53,17.64,35.28,274.84,505.58,248.28,368.96,655.56,87.07,1.92,35.28,87.07
14,9,187.19,300.28,144.38,9.55,162.07,0.61,0.92,8.06,1.33,17.1,33.25,395.53,529.73,304.77,364.34,602.18,107.8,2.32,33.25,107.8
14,10,205.15,270.56,154.34,13.05,201.02,0.57,1.19,8.47,0.73,21.9,33.55,463.77,544.09,360.23,372.18,646.16,124.92,3.16,33.55,124.92
14,11,204.11,239.3,159.37,9.02,234.44,0.47,1.77,7.43,0.76,22.92,34.32,807.36,553.06,395.97,357.98,676.99,131.73,4.13,34.32,131.73
14,12,231.09,235.78,183.88,5.81,275.13,1.38,2.08,8.93,0.85,24.34,31.87,734.37,528.72,436.63,365.21,736.31,147.6,4.46,31.87,147.6
14,13,234.81,227.87,195.66,10.35,299.68,1.38,2.21,7.92,0.88,19.3,36.03,672.05,515.65,472.26,368.13,797.02,170.94,4.3,36.03,170.94
14,14,226.8,207.45,177.65,14.01,273.69,0.84,2.25,8.67,0.61,20.75,30.1,667.6,477.84,471.55,358.32,789.91,165.44,3.91,30.1,165.44
14,15,199.76,179.94,156.03,7.49,238.95,0.24,2.19,8.18,0.48,20.94,26.97,621.35,416.74,440.18,323.12,719.75,157.1,3.36,26.97,157.1
14,16,135.55,120.38,97.58,6.78,149.04,1.03,1.03,4.64,0.38,12.38,17.99,393.31,278.12,308.8,230.65,499.92,107.24,2.16,17.99,107.24
14,17,49.4,51.59,36.55,2.39,53,0.02,0.23,1.61,0.09,5.44,6.07,127.16,121.85,134.98,98.89,217.12,45.98,0.95,6.07,45.98
14,18,0,0,0,0,0,0,0,0,0,0,0,0,0,0,0,0,0,0,0,0
14,19,0,0,0,0,0,0,0,0,0,0,0,0,0,0,0,0,0,0,0,0
14,20,0,0,0,0,0,0,0,0,0,0,0,0,0,0,0,0,0,0,0,0
14,21,0,0,0,0,0,0,0,0,0,0,0,0,0,0,0,0,0,0,0,0
14,22,0,0,0,0,0,0,0,0,0,0,0,0,0,0,0,0,0,0,0,0
14,23,0,0,0,0,0,0,0,0,0,0,0,0,0,0,0,0,0,0,0,0
15,0,0,0,0,0,0,0,0,0,0,0,0,0,0,0,0,0,0,0,0,0
15,1,0,0,0,0,0,0,0,0,0,0,0,0,0,0,0,0,0,0,0,0
15,2,0,0,0,0,0,0,0,0,0,0,0,0,0,0,0,0,0,0,0,0
15,3,0,0,0,0,0,0,0,0,0,0,0,0,0,0,0,0,0,0,0,0
15,4,0,0,0,0,0,0,0,0,0,0,0,0,0,0,0,0,0,0,0,0
15,5,0,0,0,0,0,0,0,0,0,0,0,0,0,0,0,0,0,0,0,0
15,6,3.25,3.89,2.41,0.14,3.63,0,0.02,0.14,0.02,0.26,0.44,7.61,8.7,8.83,6.17,15.03,3.27,0.03,0.44,3.27
15,7,58.89,74.89,42.93,3.18,61.94,0.52,0.26,3,0.17,5.58,9.61,128.86,148.15,137.1,110.61,241.01,51.84,0.7,9.61,51.84
15,8,74.75,96.74,59.32,4.32,86.08,0.03,0.3,3.29,0.16,5.99,10.29,179.95,207.17,193.29,147.49,340.73,73.26,0.75,10.29,73.26
15,9,121.04,155.48,94.57,3.42,137.98,1.15,0.59,5.14,0.5,11.62,17.75,291.01,315.51,300.65,231.84,526.62,114.3,1.35,17.75,114.3
15,10,179.13,255.16,148.23,12.64,211.07,0.8,0.81,5.89,0.73,12.78,23.9,454.33,457.7,342.88,343.06,629.51,131.49,1.82,23.9,131.49
15,11,120.9,157.43,102.85,5.21,162.36,0.68,0.36,3.47,0.41,10.86,13.02,333.68,355.21,345.96,246.54,598.1,133.99,1.19,13.02,133.99
15,12,115.49,141.72,92.51,6.45,147.85,0.83,0.46,4.26,0.18,10.73,12.4,300.4,326.64,313.66,222.4,557.21,124.75,1.16,12.4,124.75
15,13,156.59,176.3,116.3,5.47,191.89,0.24,0.66,5.49,0.59,15.26,18.45,383.12,389.82,390.91,274.69,675,149.86,1.74,18.45,149.86
15,14,168.39,187.28,125.5,12.63,196.8,0.35,0.84,7.24,0.44,17.79,21.06,404.02,389.1,403.62,294.76,682.22,153.23,2.09,21.06,153.23
15,15,186.63,169.25,151.31,8.55,222.29,0.62,1.74,8.27,0.72,13.81,25.61,567.1,394.91,416.55,309.11,692.36,149.92,3.14,25.61,149.92
15,16,222.06,149.71,152.25,3.61,220.68,0.67,4.05,7.1,0.61,16.12,29.33,828.75,332.54,367.75,277.86,530.06,103.25,3.75,29.33,103.25
15,17,58.07,51.76,60.22,3.35,93.94,0.43,1.23,2.69,0.15,6.37,6.94,349.46,126.79,164.34,106.25,230.53,46.22,1.27,6.94,46.22
15,18,0,0,0,0,0,0,0,0,0,0,0,0,0,0,0,0,0,0,0,0
15,19,0,0,0,0,0,0,0,0,0,0,0,0,0,0,0,0,0,0,0,0
15,20,0,0,0,0,0,0,0,0,0,0,0,0,0,0,0,0,0,0,0,0
15,21,0,0,0,0,0,0,0,0,0,0,0,0,0,0,0,0,0,0,0,0
15,22,0,0,0,0,0,0,0,0,0,0,0,0,0,0,0,0,0,0,0,0
15,23,0,0,0,0,0,0,0,0,0,0,0,0,0,0,0,0,0,0,0,0
16,0,0,0,0,0,0,0,0,0,0,0,0,0,0,0,0,0,0,0,0,0
16,1,0,0,0,0,0,0,0,0,0,0,0,0,0,0,0,0,0,0,0,0
16,2,0,0,0,0,0,0,0,0,0,0,0,0,0,0,0,0,0,0,0,0
16,3,0,0,0,0,0,0,0,0,0,0,0,0,0,0,0,0,0,0,0,0
16,4,0,0,0,0,0,0,0,0,0,0,0,0,0,0,0,0,0,0,0,0
16,5,0,0,0,0,0,0,0,0,0,0,0,0,0,0,0,0,0,0,0,0
16,6,5.77,6.92,4.23,0.48,6.63,0.04,0.03,0.26,0.01,0.5,0.74,13.3,14.94,15.45,10.82,26.59,5.82,0.06,0.74,5.82
16,7,66.65,88.16,50.85,3.98,65.43,0.37,0.34,3.01,0.33,6.34,10.76,142.81,173.4,148.76,126.62,267.45,55.84,0.76,10.76,55.84
16,8,132.75,224.83,98.84,8.13,111,0.53,0.61,5.44,0.57,13.68,20.69,277.99,401.77,243.75,291.39,479.8,86.73,1.26,20.69,86.73
16,9,169.78,262.95,124.61,7.98,165.19,0.1,0.75,6.02,0.82,13.07,27.48,384.74,464.28,303.74,349.25,579.62,114.15,1.73,27.48,114.15
16,10,186.58,258.78,142.55,11.07,210.32,1.66,0.82,7.01,0.74,16.92,22.74,459.2,469.18,340.77,349.52,636.24,130.13,1.81,22.74,130.13
16,11,196.63,242.78,166.48,11.4,257.23,1.76,0.99,7.29,0.7,16.63,22.45,581.26,481.54,387.38,353.87,696.18,150.43,2.21,22.45,150.43
16,12,204.48,232.51,184.45,11.23,280.58,0.08,1.16,10.32,0.85,18.61,30.33,610.44,491.71,447.77,361.63,759.8,164.5,2.94,30.33,164.5
16,13,202.24,211.28,168.88,13.19,274.35,0.51,1.26,8.89,0.41,19.11,25.64,554.4,453.7,431.1,340.79,752.03,166.37,2.69,25.64,166.37
16,14,214.31,199.14,172.35,9.73,262.4,0.84,1.6,8.62,0.45,18.1,28.32,601.72,455.65,463.25,346.42,776.11,170.25,3.22,28.32,170.25
16,15,174.24,162.79,140.04,7.92,207.3,1.23,1.37,7.3,0.85,18.05,20.06,501.99,374.76,394.06,300.81,670.27,142.58,2.79,20.06,142.58
16,16,118.49,115.98,88.71,5.35,133.28,0.08,0.72,5.5,0.39,12.53,14.91,291.62,258.34,273,202.52,462.32,103.41,1.69,14.91,103.41
16,17,46.38,46.88,32.76,3.88,49.06,0.39,0.18,1.72,0.08,5.15,5.81,110.32,111.48,117.29,89.94,198.35,41.78,0.79,5.81,41.78
16,18,0,0,0,0,0,0,0,0,0,0,0,0,0,0,0,0,0,0,0,0
16,19,0,0,0,0,0,0,0,0,0,0,0,0,0,0,0,0,0,0,0,0
16,20,0,0,0,0,0,0,0,0,0,0,0,0,0,0,0,0,0,0,0,0
16,21,0,0,0,0,0,0,0,0,0,0,0,0,0,0,0,0,0,0,0,0
16,22,0,0,0,0,0,0,0,0,0,0,0,0,0,0,0,0,0,0,0,0
16,23,0,0,0,0,0,0,0,0,0,0,0,0,0,0,0,0,0,0,0,0
17,0,0,0,0,0,0,0,0,0,0,0,0,0,0,0,0,0,0,0,0,0
17,1,0,0,0,0,0,0,0,0,0,0,0,0,0,0,0,0,0,0,0,0
17,2,0,0,0,0,0,0,0,0,0,0,0,0,0,0,0,0,0,0,0,0
17,3,0,0,0,0,0,0,0,0,0,0,0,0,0,0,0,0,0,0,0,0
17,4,0,0,0,0,0,0,0,0,0,0,0,0,0,0,0,0,0,0,0,0
17,5,0,0,0,0,0,0,0,0,0,0,0,0,0,0,0,0,0,0,0,0
17,6,8.92,10.33,6.52,0.49,9.86,0.04,0.04,0.34,0.03,0.88,1.08,20.34,22.75,22.97,16.63,39.93,8.59,0.1,1.08,8.59
17,7,98.45,368.28,105.63,13.4,69.16,0.39,0.46,5.41,1.95,11.63,26,188.47,585.05,191.5,306.3,501.42,69.43,1.19,26,69.43
17,8,141.58,294.14,145.85,8.57,116.64,0.66,0.62,7.58,1.1,14.39,29.39,293.82,491.79,254.49,359.73,599.55,92.87,1.65,29.39,92.87
17,9,191.77,312.08,151.54,10.01,163.95,0.38,1.08,8.97,1.69,17.85,35.51,393.55,554.32,313.19,377.2,620.15,108.27,2.36,35.51,108.27
17,10,209.52,283.21,162.05,8.23,216.29,0.25,1.18,8.49,0.73,16.69,29.87,489.42,531.52,360.72,380.02,656.2,125.26,2.88,29.87,125.26
17,11,205.17,247.28,205.24,10.49,250.49,1.13,1.83,9.67,0.69,18.23,31.06,775.89,542.31,394.13,364.61,683.27,138.87,3.63,31.06,138.87
17,12,227.91,231.6,178.71,9.5,279.86,0.42,1.97,8.64,0.97,19.46,31.83,749.45,532.02,427.25,353.86,721.31,144.75,4.31,31.83,144.75
17,13,246.98,222.46,194.17,9.55,288.66,0.92,2.85,8.55,0.74,24.24,37.8,710.78,521.49,446.47,364.74,756.58,152.1,4.99,37.8,152.1
17,14,251.79,209.26,194.66,5.01,287.58,0.5,4.12,9.51,0.72,22.07,38.21,833.02,510.18,453.9,353.22,756.87,147.69,5.82,38.21,147.69
17,15,228.52,163.38,167.27,8.54,247.22,1.24,5.61,6.37,0.87,19.03,34.27,907.35,413.61,427.31,295.74,602.34,109.36,5.79,34.27,109.36
17,16,200.35,125.14,136.51,5.45,200.15,0.54,4.07,5.75,0.44,15.17,29.1,787.89,283.17,317.11,238.17,439.16,81.91,3.65,29.1,81.91
17,17,54.95,49.77,51.01,3.57,76.28,0.61,0.89,2.21,0.1,4.84,7.02,281.77,126.86,153.31,103.59,222.34,44.36,1.18,7.02,44.36
17,18,0,0,0,0,0,0,0,0,0,0,0,0,0,0,0,0,0,0,0,0
17,19,0,0,0,0,0,0,0,0,0,0,0,0,0,0,0,0,0,0,0,0
17,20,0,0,0,0,0,0,0,0,0,0,0,0,0,0,0,0,0,0,0,0
17,21,0,0,0,0,0,0,0,0,0,0,0,0,0,0,0,0,0,0,0,0
17,22,0,0,0,0,0,0,0,0,0,0,0,0,0,0,0,0,0,0,0,0
17,23,0,0,0,0,0,0,0,0,0,0,0,0,0,0,0,0,0,0,0,0
18,0,0,0,0,0,0,0,0,0,0,0,0,0,0,0,0,0,0,0,0,0
18,1,0,0,0,0,0,0,0,0,0,0,0,0,0,0,0,0,0,0,0,0
18,2,0,0,0,0,0,0,0,0,0,0,0,0,0,0,0,0,0,0,0,0
18,3,0,0,0,0,0,0,0,0,0,0,0,0,0,0,0,0,0,0,0,0
18,4,0,0,0,0,0,0,0,0,0,0,0,0,0,0,0,0,0,0,0,0
18,5,0,0,0,0,0,0,0,0,0,0,0,0,0,0,0,0,0,0,0,0
18,6,7.54,8.96,5.8,0.3,8.73,0.03,0.03,0.41,0.02,0.79,0.91,17.9,20.48,20.24,14.53,35.06,7.65,0.08,0.91,7.65
18,7,93.47,322.51,111.65,9.03,71.16,0.24,0.46,6.13,2.07,10.57,25.8,186.73,589.76,190.68,309.78,501.59,65.41,1.14,25.8,65.41
18,8,150.17,311.69,174.37,8.6,114.51,0.42,0.79,7.92,1.3,13.32,33.56,287.49,516.9,251.29,376.99,653.12,89.58,1.86,33.56,89.58
18,9,192.91,452.27,153.67,13.73,167.53,0.33,1.02,9.26,1.24,19.05,33.21,407.61,555.08,315.6,381.25,627.73,111.54,2.35,33.21,111.54
18,10,203.71,278.98,158.6,15.5,214.39,1.19,1.18,9.59,0.67,19.85,33.29,487.67,532.36,357.84,371.65,640.55,127,2.9,33.29,127
18,11,204.28,243.63,202.54,11.77,236.66,0.97,1.85,8.54,0.7,18.57,30.82,792.92,545.72,386.46,354.54,669.77,130.05,3.81,30.82,130.05
18,12,230.39,236.26,191.19,7.5,287.98,0.59,1.95,8.26,0.94,23.64,33.62,741.8,520.34,422.25,361.91,721.3,150.76,3.97,33.62,150.76
18,13,255.17,222.68,194.88,11.29,293.08,1.29,3.25,9.82,0.91,22.67,36.5,735.87,532.81,451.25,360.67,756.61,150.22,5.59,36.5,150.22
18,14,248.94,203.78,191.64,7.61,273.86,1.3,4.04,9.16,0.83,21.78,35.86,829.33,505.64,444.35,353.75,739.83,145.5,5.87,35.86,145.5
18,15,219.97,163.97,166.76,7.43,247.94,0.91,4.5,7.91,0.5,19.84,36.29,845.6,415.95,422.42,304.31,627.1,119.85,5,36.29,119.85
18,16,192.31,136.59,128.58,5.94,191.45,0.76,2.98,6.14,0.41,13.75,27.23,659.62,307.04,336.2,257.15,504.66,102.01,3.02,27.23,102.01
18,17,61.79,57.44,53.65,3.46,83.67,0.37,0.91,2.52,0.15,7.63,7.57,274.89,141.38,165.48,113.89,246.47,50.81,1.18,7.57,50.81
18,18,0,0,0,0,0,0,0,0,0,0,0,0,0,0,0,0,0,0,0,0
18,19,0,0,0,0,0,0,0,0,0,0,0,0,0,0,0,0,0,0,0,0
18,20,0,0,0,0,0,0,0,0,0,0,0,0,0,0,0,0,0,0,0,0
18,21,0,0,0,0,0,0,0,0,0,0,0,0,0,0,0,0,0,0,0,0
18,22,0,0,0,0,0,0,0,0,0,0,0,0,0,0,0,0,0,0,0,0
18,23,0,0,0,0,0,0,0,0,0,0,0,0,0,0,0,0,0,0,0,0
19,0,0,0,0,0,0,0,0,0,0,0,0,0,0,0,0,0,0,0,0,0
19,1,0,0,0,0,0,0,0,0,0,0,0,0,0,0,0,0,0,0,0,0
19,2,0,0,0,0,0,0,0,0,0,0,0,0,0,0,0,0,0,0,0,0
19,3,0,0,0,0,0,0,0,0,0,0,0,0,0,0,0,0,0,0,0,0
19,4,0,0,0,0,0,0,0,0,0,0,0,0,0,0,0,0,0,0,0,0
19,5,0,0,0,0,0,0,0,0,0,0,0,0,0,0,0,0,0,0,0,0
19,6,8.3,10.21,6.29,0.52,9.6,0,0.04,0.4,0.02,0.86,1.13,20.16,22.78,22.99,16.44,40.05,8.79,0.1,1.13,8.79
19,7,103.95,370.2,118.49,9.27,75.01,0.57,0.49,5.35,1.92,8.68,28.83,195.01,670.57,197.01,332.22,588.3,72.59,1.28,28.83,72.59
19,8,151.55,327.86,144.24,14.21,112.74,0.4,0.85,8.93,1.86,15.05,36.93,280.95,522.67,253.92,376.89,552.87,88.11,2.18,36.93,88.11
19,9,195.27,504.97,147.25,11.28,141.92,0.17,1.17,9.94,1.37,20.55,40.2,338.23,543.93,295.86,358.86,586.2,97.7,2.69,40.2,97.7
19,10,204.28,261.1,141.13,8.6,178.81,0.22,1.27,8.27,1.02,20.12,35.48,409.61,552.66,354.61,361.01,620.2,113.11,3.54,35.48,113.11
19,11,202.17,226,204.51,4.78,206.15,0.53,2.33,7.42,0.85,24.14,32.15,854.72,557.19,393.93,348.18,656.62,121.83,4.66,32.15,121.83
19,12,231.23,227.36,168.36,10.91,252.3,0.85,2.45,9.29,0.81,22.35,35.63,804.94,553.04,435.44,357.07,711.81,133.36,5.32,35.63,133.36
19,13,247,215.38,185.39,6.61,272.56,1.23,3.34,10.21,0.89,23.29,36.39,714.18,527.06,441.09,353.42,720.19,139.5,5.54,36.39,139.5
19,14,249.6,206.63,190.6,7.77,282.46,1.56,3.8,8.75,0.81,20.57,34.89,809.5,499.89,440.95,350.3,744.31,149.79,5.59,34.89,149.79
19,15,219.4,176.77,166.68,7.81,248.66,1.28,3.66,8.74,0.52,18.85,26.89,789.24,426.97,437.79,316.79,668.27,139.29,4.55,26.89,139.29
19,16,183.83,132.21,128.89,8.01,186.3,0.72,3.05,5.77,0.37,15.92,26.32,666.35,299.52,327.34,250.63,491.51,98.24,3.15,26.32,98.24
19,17,58.4,55.98,51.34,2,78.57,0.42,0.85,2.68,0.14,6,8.77,270.87,137.7,164.28,115.49,240.7,47.69,1.17,8.77,47.69
19,18,0,0,0,0,0,0,0,0,0,0,0,0,0,0,0,0,0,0,0,0
19,19,0,0,0,0,0,0,0,0,0,0,0,0,0,0,0,0,0,0,0,0
19,20,0,0,0,0,0,0,0,0,0,0,0,0,0,0,0,0,0,0,0,0
19,21,0,0,0,0,0,0,0,0,0,0,0,0,0,0,0,0,0,0,0,0
19,22,0,0,0,0,0,0,0,0,0,0,0,0,0,0,0,0,0,0,0,0
19,23,0,0,0,0,0,0,0,0,0,0,0,0,0,0,0,0,0,0,0,0
20,0,0,0,0,0,0,0,0,0,0,0,0,0,0,0,0,0,0,0,0,0
20,1,0,0,0,0,0,0,0,0,0,0,0,0,0,0,0,0,0,0,0,0
20,2,0,0,0,0,0,0,0,0,0,0,0,0,0,0,0,0,0,0,0,0
20,3,0,0,0,0,0,0,0,0,0,0,0,0,0,0,0,0,0,0,0,0
20,4,0,0,0,0,0,0,0,0,0,0,0,0,0,0,0,0,0,0,0,0
20,5,0,0,0,0,0,0,0,0,0,0,0,0,0,0,0,0,0,0,0,0
20,6,7.87,9.22,5.83,0.65,8.78,0.04,0.03,0.33,0.02,0.8,1.06,17.91,20,20.77,14.55,35.06,7.75,0.08,1.06,7.75
20,7,100.65,378.63,122.84,14.13,74.76,0.33,0.52,6.65,1.93,10.99,28.93,201.48,679.82,196.05,336.54,603.57,72.57,1.29,28.93,72.57
20,8,155.17,329.24,145.27,11.8,115.72,0.39,0.89,8.85,2.26,12.83,37.39,287.45,543.7,254.76,398.95,565.75,88.87,2.18,37.39,88.87
20,9,194.68,483.79,155.12,12.25,153.89,0.4,1.07,11.56,1.77,19.21,37,373.43,552.25,293.69,372.36,588.43,98.25,2.46,37,98.25
20,10,204.2,274.08,152.32,11.61,193.88,1.18,1.17,8.45,0.8,20.36,35.29,453.62,547.4,344.73,364.87,618.19,116.63,3.11,35.29,116.63
20,11,209.87,233.94,202.91,9.64,232.28,1.13,1.95,9.49,0.69,20.54,31.77,816.74,542.8,373.99,351.2,640.08,123.67,3.9,31.77,123.67
20,12,235.98,234.13,337.74,12.85,280.14,0.74,2.19,9.01,0.77,22.15,33.03,799.3,547.11,425.02,362.97,720.98,142.76,4.58,33.03,142.76
20,13,246.12,226.98,196.41,4.97,298.8,1.17,2.69,7.72,0.61,18.56,35.08,701.29,521.97,457.53,365.91,757.41,155.77,4.7,35.08,155.77
20,14,232.6,202.47,189.22,5.46,271.65,0.73,3.2,8.88,0.68,20.37,33.75,747.68,485.95,440.91,353.79,740.11,153.31,4.81,33.75,153.31
20,15,225.83,179.92,170.47,5.77,258.66,1.68,3.66,8.15,0.72,16.36,32.87,788.23,432.79,443.93,325.52,682.72,135.62,4.56,32.87,135.62
20,16,164.21,131.88,117.99,8.99,179.98,0.93,2.13,6.55,0.69,15.32,23.89,560.01,305.24,329.76,252.7,518.25,103.08,2.86,23.89,103.08
20,17,66.71,61.83,55.89,4.27,83.03,0.59,0.64,3.15,0.21,5.42,7.6,257.01,151.63,174.39,130.74,270.69,55.02,1.25,7.6,55.02
20,18,0,0,0,0,0,0,0,0,0,0,0,0,0,0,0,0,0,0,0,0
20,19,0,0,0,0,0,0,0,0,0,0,0,0,0,0,0,0,0,0,0,0
20,20,0,0,0,0,0,0,0,0,0,0,0,0,0,0,0,0,0,0,0,0
20,21,0,0,0,0,0,0,0,0,0,0,0,0,0,0,0,0,0,0,0,0
20,22,0,0,0,0,0,0,0,0,0,0,0,0,0,0,0,0,0,0,0,0
20,23,0,0,0,0,0,0,0,0,0,0,0,0,0,0,0,0,0,0,0,0
21,0,0,0,0,0,0,0,0,0,0,0,0,0,0,0,0,0,0,0,0,0
21,1,0,0,0,0,0,0,0,0,0,0,0,0,0,0,0,0,0,0,0,0
21,2,0,0,0,0,0,0,0,0,0,0,0,0,0,0,0,0,0,0,0,0
21,3,0,0,0,0,0,0,0,0,0,0,0,0,0,0,0,0,0,0,0,0
21,4,0,0,0,0,0,0,0,0,0,0,0,0,0,0,0,0,0,0,0,0
21,5,0,0,0,0,0,0,0,0,0,0,0,0,0,0,0,0,0,0,0,0
21,6,4.65,5.73,3.54,0.31,5.4,0.04,0.02,0.22,0.01,0.54,0.59,11.04,12.58,12.98,8.98,21.86,4.74,0.05,0.59,4.74
21,7,43.84,57.09,33.42,3.53,50.47,0.28,0.18,1.9,0.08,5.44,5.69,105.93,121.32,113.4,87.29,198.36,42.69,0.49,5.69,42.69
21,8,136.79,253.16,109.83,11.94,116.91,0.52,0.62,6.66,0.84,15.85,21.22,292.6,435.19,251.43,323.79,499.64,89.58,1.43,21.22,89.58
21,9,179.76,337.34,141.58,8.77,167.74,0.58,0.82,8.06,0.85,18.89,27.21,403.99,499.61,324.6,364.72,615.38,113.41,1.95,27.21,113.41
21,10,207.68,288.11,160.75,5.4,223.1,0.17,1.07,10.33,1.05,20.09,29.61,501.47,536.07,355.04,383.77,651.61,128.44,2.9,29.61,128.44
21,11,199.8,247.22,192.39,11.12,260.44,0.51,1.35,9.46,0.93,20.95,26.67,673.86,511.78,417.18,364.92,720.39,146.92,3.03,26.67,146.92
21,12,216.23,232.04,229.87,10.23,291.33,0.33,1.27,7.16,0.56,21.49,27.86,631.76,493.11,431.41,363.91,744.12,159.93,2.92,27.86,159.93
21,13,169.62,174.54,145.43,9.58,228.75,0.3,0.86,5.91,0.75,15.18,20.9,447.26,383.66,362.36,290.85,621.46,137.08,2.08,20.9,137.08
21,14,79.77,94.85,60.71,3.84,90.42,0.04,0.38,3.95,0.3,7.71,10.41,185.47,201.59,204.34,146.52,349.24,77.14,0.94,10.41,77.14
21,15,63.12,74.67,47.86,2.31,72.37,0.19,0.26,2.25,0.23,6.85,8.56,149.56,163.38,166.19,117.27,285.74,62.76,0.69,8.56,62.76
21,16,18.38,22.21,13.48,0.71,20.73,0.07,0.08,0.68,0.07,2,2.32,43.39,49.35,49.37,35.67,85.48,18.86,0.2,2.32,18.86
21,17,20.81,25.04,16.17,1.25,24.38,0.17,0.08,0.92,0.05,1.98,2.99,50.9,55.24,57.25,41.94,96.54,21.1,0.25,2.99,21.1
21,18,0,0,0,0,0,0,0,0,0,0,0,0,0,0,0,0,0,0,0,0
21,19,0,0,0,0,0,0,0,0,0,0,0,0,0,0,0,0,0,0,0,0
21,20,0,0,0,0,0,0,0,0,0,0,0,0,0,0,0,0,0,0,0,0
21,21,0,0,0,0,0,0,0,0,0,0,0,0,0,0,0,0,0,0,0,0
21,22,0,0,0,0,0,0,0,0,0,0,0,0,0,0,0,0,0,0,0,0
21,23,0,0,0,0,0,0,0,0,0,0,0,0,0,0,0,0,0,0,0,0
22,0,0,0,0,0,0,0,0,0,0,0,0,0,0,0,0,0,0,0,0,0
22,1,0,0,0,0,0,0,0,0,0,0,0,0,0,0,0,0,0,0,0,0
22,2,0,0,0,0,0,0,0,0,0,0,0,0,0,0,0,0,0,0,0,0
22,3,0,0,0,0,0,0,0,0,0,0,0,0,0,0,0,0,0,0,0,0
22,4,0,0,0,0,0,0,0,0,0,0,0,0,0,0,0,0,0,0,0,0
22,5,0,0,0,0,0,0,0,0,0,0,0,0,0,0,0,0,0,0,0,0
22,6,4.7,5.61,3.49,0.33,5.4,0.01,0.02,0.2,0.02,0.5,0.63,11.02,12.57,12.82,9.15,22.04,4.76,0.05,0.63,4.76
22,7,15.21,18.32,11.14,1.62,17.03,0.06,0.07,0.63,0.04,1.42,1.84,35.78,40.1,41.31,28.25,70.5,15.44,0.17,1.84,15.44
22,8,136.12,274.43,112.44,11.15,116.64,0.41,0.66,6.69,0.74,13.35,24.21,292.77,455.41,257.24,334.4,517.49,91.8,1.47,24.21,91.8
22,9,146.89,192.03,110.67,12.41,162.34,0.86,0.68,5.06,0.71,12.45,20.04,338.39,372.65,335.48,275.48,597.29,128.08,1.57,20.04,128.08
22,10,107.19,136.93,84.73,6.85,132.19,0.21,0.44,4.48,0.21,7.83,11.97,267.02,293.05,284.96,208.81,496.51,110.56,1.08,11.97,110.56
22,11,107.1,137.88,87.37,6.29,136.68,0.79,0.41,3.95,0.2,11.63,12.92,282.5,309.12,302.8,210.4,525.07,119.67,1.05,12.92,119.67
22,12,161.68,183.74,150.2,12.02,224.98,0.29,0.72,5.35,0.51,15.84,17.91,454.45,384.45,328.83,286.54,593.8,130.58,1.7,17.91,130.58
22,13,199.55,208.31,174.75,8.07,275.29,1.65,1.1,7.06,0.57,18.07,24.97,541.27,445.85,417.11,342.11,718,161.77,2.56,24.97,161.77
22,14,220.96,201.37,179.16,7.94,269.72,0.33,2.14,9.17,0.85,18.01,26.28,646.73,467.08,450.35,349.57,756.88,163.68,3.78,26.28,163.68
22,15,245.54,181.44,181.05,5.47,268.47,1.19,5.02,8.53,0.57,20.14,35.28,911.62,445.95,446.02,329.01,662.88,127.62,5.26,35.28,127.62
22,16,199.38,147.86,143.28,4.69,211.57,0.7,3.19,5.93,0.36,15.28,26.21,715.17,334.91,358.93,275.08,546.93,108.03,3.27,26.21,108.03
22,17,78.31,67.95,61.59,4.12,95.67,0.54,0.73,3.38,0.14,7.99,8.31,280.54,167.93,190.44,143.76,294.76,63.24,1.39,8.31,63.24
22,18,0,0,0,0,0,0,0,0,0,0,0,0,0,0,0,0,0,0,0,0
22,19,0,0,0,0,0,0,0,0,0,0,0,0,0,0,0,0,0,0,0,0
22,20,0,0,0,0,0,0,0,0,0,0,0,0,0,0,0,0,0,0,0,0
22,21,0,0,0,0,0,0,0,0,0,0,0,0,0,0,0,0,0,0,0,0
22,22,0,0,0,0,0,0,0,0,0,0,0,0,0,0,0,0,0,0,0,0
22,23,0,0,0,0,0,0,0,0,0,0,0,0,0,0,0,0,0,0,0,0
23,0,0,0,0,0,0,0,0,0,0,0,0,0,0,0,0,0,0,0,0,0
23,1,0,0,0,0,0,0,0,0,0,0,0,0,0,0,0,0,0,0,0,0
23,2,0,0,0,0,0,0,0,0,0,0,0,0,0,0,0,0,0,0,0,0
23,3,0,0,0,0,0,0,0,0,0,0,0,0,0,0,0,0,0,0,0,0
23,4,0,0,0,0,0,0,0,0,0,0,0,0,0,0,0,0,0,0,0,0
23,5,0,0,0,0,0,0,0,0,0,0,0,0,0,0,0,0,0,0,0,0
23,6,6.59,8.14,4.96,0.32,7.56,0.04,0.03,0.24,0.01,0.82,0.84,15.59,17.75,17.74,12.89,30.83,6.84,0.07,0.84,6.84
23,7,82.19,218.67,79.46,11.81,61.68,0.28,0.36,4.51,0.94,9.37,20.49,166.1,411.47,174.38,244.38,409.72,60.81,0.96,20.49,60.81
23,8,143.86,266.16,113.14,6.89,126.21,0.45,0.63,4.57,0.78,12.63,21.26,315.33,459.19,261.37,344.2,525.19,93.92,1.37,21.26,93.92
23,9,183.41,330.56,136.46,7.93,179.63,0.54,0.9,8.71,0.59,16.97,26.94,431.3,507.48,320.14,374.71,615.94,119.54,1.85,26.94,119.54
23,10,196.25,280.92,155.66,10.09,218.08,1.17,1,8.02,0.51,14.86,22.89,497.64,499.74,372.66,366.98,677.73,134.86,2.29,22.89,134.86
23,11,216.15,267.78,200.85,14.45,287.81,0.67,1.21,8.17,1.13,19.12,31.19,688.8,537.53,438.9,398.65,768.84,159.82,2.79,31.19,159.82
23,12,221.6,240.15,263.84,8.48,303.69,0.98,1.49,10.09,0.59,23.45,30.73,700.43,519.28,446.28,378.93,767.06,159.64,3.32,30.73,159.64
23,13,213.57,221.66,200.29,11.01,287.61,0.52,1.41,8.43,0.81,21.32,29.09,600.55,484.57,443.4,357.93,771.95,163.72,3.06,29.09,163.72
23,14,204.45,197.94,168.75,7.63,269.4,0.88,1.42,8.46,0.75,16.36,28.02,576.21,446.61,431.46,342.98,748.97,163.58,3.16,28.02,163.58
23,15,170.54,156.75,138.75,11.5,203.48,0.47,1.04,7.24,0.36,17.56,21.3,471.87,363.11,377.37,286.83,636.05,139.82,2.5,21.3,139.82
23,16,114.4,113.74,79.89,5.78,126.52,0.44,0.58,5.27,0.23,8.86,15.36,274.3,253.43,261.29,197.91,445.03,97.26,1.56,15.36,97.26
23,17,47.6,47.59,33.24,2.07,50.95,0.38,0.17,1.94,0.18,4.33,6.06,110.06,111.42,118.5,90.44,197.5,42.15,0.79,6.06,42.15
23,18,0,0,0,0,0,0,0,0,0,0,0,0,0,0,0,0,0,0,0,0
23,19,0,0,0,0,0,0,0,0,0,0,0,0,0,0,0,0,0,0,0,0
23,20,0,0,0,0,0,0,0,0,0,0,0,0,0,0,0,0,0,0,0,0
23,21,0,0,0,0,0,0,0,0,0,0,0,0,0,0,0,0,0,0,0,0
23,22,0,0,0,0,0,0,0,0,0,0,0,0,0,0,0,0,0,0,0,0
23,23,0,0,0,0,0,0,0,0,0,0,0,0,0,0,0,0,0,0,0,0
24,0,0,0,0,0,0,0,0,0,0,0,0,0,0,0,0,0,0,0,0,0
24,1,0,0,0,0,0,0,0,0,0,0,0,0,0,0,0,0,0,0,0,0
24,2,0,0,0,0,0,0,0,0,0,0,0,0,0,0,0,0,0,0,0,0
24,3,0,0,0,0,0,0,0,0,0,0,0,0,0,0,0,0,0,0,0,0
24,4,0,0,0,0,0,0,0,0,0,0,0,0,0,0,0,0,0,0,0,0
24,5,0,0,0,0,0,0,0,0,0,0,0,0,0,0,0,0,0,0,0,0
24,6,7.85,9.62,5.87,0.44,9.01,0.08,0.03,0.27,0.03,0.77,1.11,19.17,21.86,21.69,15.56,37.36,8.23,0.09,1.11,8.23
24,7,102.03,445.04,139.97,9.49,73.1,0.52,0.58,8.15,2.54,10.82,34.59,196.87,780.47,190.25,366.67,667.06,69.23,1.49,34.59,69.23
24,8,148.92,346.89,145.76,14.55,105.04,0.69,0.78,11.64,2.47,15.34,44.12,255.78,542.84,236.73,397.57,547.01,82.41,2.18,44.12,82.41
24,9,197.33,559.92,146.31,11.62,135.33,0.6,1.14,13.78,1.74,21.82,46,322.04,556.22,284.55,362.6,571.4,90.02,2.77,46,90.02
24,10,201.7,262.73,137.73,10.44,164.26,0.76,1.44,11.04,0.82,21.87,34.94,391.32,563.45,345.01,355.28,597.21,107.11,3.8,34.94,107.11
24,11,213.12,232.62,215.33,11,215,0.72,2.51,9.4,0.79,24.22,34.6,924.48,573.49,399.37,357.92,657.68,122.44,4.65,34.6,122.44
24,12,233.86,228.84,407.57,14.01,261.44,0.45,2.9,10.53,1.26,22.09,38.56,887.05,571.1,434.5,363.13,705.62,132.31,5.23,38.56,132.31
24,13,259.27,216.22,259.3,8.69,284.25,0.93,3.56,10.19,1.22,24.39,39.17,748.35,543.53,435.44,357.14,715.23,134.47,5.79,39.17,134.47
24,14,254.7,197.98,190.05,6.91,274.53,1.49,4.88,8.8,0.78,20.83,40.51,871.34,503.39,418.77,338.91,688.65,126.71,6.49,40.51,126.71
24,15,242.23,162.95,171.15,4.25,253.02,1.03,5.67,8.01,0.56,17.89,36.53,934.01,421.63,424.25,303.36,596.17,106.51,5.73,36.53,106.51
24,16,210.79,125.27,139.06,6.63,201.29,0.84,4.16,5.26,0.56,15.09,29.25,818.7,295.59,317.27,248.24,432.06,79.58,3.81,29.25,79.58
24,17,57.78,50.31,56.73,2.07,86.19,0.31,1.26,2.89,0.22,6.2,7.6,351.33,129.19,159.78,111.03,217.53,41.85,1.37,7.6,41.85
24,18,0,0,0,0,0,0,0,0,0,0,0,0,0,0,0,0,0,0,0,0
24,19,0,0,0,0,0,0,0,0,0,0,0,0,0,0,0,0,0,0,0,0
24,20,0,0,0,0,0,0,0,0,0,0,0,0,0,0,0,0,0,0,0,0
24,21,0,0,0,0,0,0,0,0,0,0,0,0,0,0,0,0,0,0,0,0
24,22,0,0,0,0,0,0,0,0,0,0,0,0,0,0,0,0,0,0,0,0
24,23,0,0,0,0,0,0,0,0,0,0,0,0,0,0,0,0,0,0,0,0
25,0,0,0,0,0,0,0,0,0,0,0,0,0,0,0,0,0,0,0,0,0
25,1,0,0,0,0,0,0,0,0,0,0,0,0,0,0,0,0,0,0,0,0
25,2,0,0,0,0,0,0,0,0,0,0,0,0,0,0,0,0,0,0,0,0
25,3,0,0,0,0,0,0,0,0,0,0,0,0,0,0,0,0,0,0,0,0
25,4,0,0,0,0,0,0,0,0,0,0,0,0,0,0,0,0,0,0,0,0
25,5,0,0,0,0,0,0,0,0,0,0,0,0,0,0,0,0,0,0,0,0
25,6,8.8,10.34,6.4,0.44,9.46,0.05,0.04,0.39,0.02,0.79,1.22,20.08,22.85,22.87,16.54,39.56,8.6,0.09,1.22,8.6
25,7,101.6,361.75,117.14,10.2,71.15,0.57,0.47,7.01,1.89,9.46,26.93,189.78,640.74,192.14,320,620.62,66.94,1.29,26.93,66.94
25,8,152.65,497.24,146.87,11.13,114.33,0.28,0.87,9.62,2.19,15.62,40.37,281.72,548.3,248.25,396.46,564.58,90.14,2.12,40.37,90.14
25,9,203.03,502.34,151.07,13.46,153.99,0.18,0.92,9.97,1.44,17.8,39.9,372.98,559.91,290.47,382.39,596.01,102.16,2.34,39.9,102.16
25,10,210.5,291.24,162.59,17.64,219.02,0.17,1.12,8.73,0.63,18.93,31.95,493.15,538.17,351.31,383.6,639.62,121.19,2.79,31.95,121.19
25,11,212.24,251.95,211.78,9.33,255.44,0.95,1.94,9.53,0.93,19.48,32.23,843.61,551.32,387.31,368.07,675.04,129.25,3.54,32.23,129.25
25,12,228.9,244.67,302.67,11.61,312.76,1.39,1.82,8.92,0.65,23.12,33.31,764.6,536.43,431.13,375.44,747.13,155.75,3.69,33.31,155.75
25,13,250.4,231.41,228.2,7.79,315.47,0.96,2.61,8.28,0.97,26.69,36.42,771.04,531.96,446.73,372.58,758.42,154.35,4.32,36.42,154.35
25,14,241,205.93,192.09,3.61,289.29,1.03,3.03,10.31,0.8,19.64,33.31,752.22,486.9,437.62,354.67,738.14,152.45,4.68,33.31,152.45
25,15,227.55,178.84,166.68,10.26,256.43,0.96,3.73,6.85,0.49,18.82,30.21,786.54,431.44,439.83,332.25,671.88,135.48,4.43,30.21,135.48
25,16,191.28,134.18,131.06,4.42,195.11,0.92,3.05,5.81,0.38,13.82,26.37,675.11,311.01,326.69,257.16,497.47,98.38,3.3,26.37,98.38
25,17,60.81,51.25,59.79,2.51,90.15,0.25,1.26,2.67,0.18,5.98,7.72,341.97,132.75,163.67,114,223.47,44.26,1.4,7.72,44.26
25,18,0,0,0,0,0,0,0,0,0,0,0,0,0,0,0,0,0,0,0,0
25,19,0,0,0,0,0,0,0,0,0,0,0,0,0,0,0,0,0,0,0,0
25,20,0,0,0,0,0,0,0,0,0,0,0,0,0,0,0,0,0,0,0,0
25,21,0,0,0,0,0,0,0,0,0,0,0,0,0,0,0,0,0,0,0,0
25,22,0,0,0,0,0,0,0,0,0,0,0,0,0,0,0,0,0,0,0,0
25,23,0,0,0,0,0,0,0,0,0,0,0,0,0,0,0,0,0,0,0,0
26,0,0,0,0,0,0,0,0,0,0,0,0,0,0,0,0,0,0,0,0,0
26,1,0,0,0,0,0,0,0,0,0,0,0,0,0,0,0,0,0,0,0,0
26,2,0,0,0,0,0,0,0,0,0,0,0,0,0,0,0,0,0,0,0,0
26,3,0,0,0,0,0,0,0,0,0,0,0,0,0,0,0,0,0,0,0,0
26,4,0,0,0,0,0,0,0,0,0,0,0,0,0,0,0,0,0,0,0,0
26,5,0,0,0,0,0,0,0,0,0,0,0,0,0,0,0,0,0,0,0,0
26,6,6.4,7.41,4.52,0.44,7.11,0.01,0.03,0.23,0.01,0.68,0.75,14.44,16.29,16.74,11.86,28.41,6.25,0.07,0.75,6.25
26,7,19.76,24.01,14.89,1.48,22.7,0.03,0.08,0.79,0.05,2.01,2.92,46.02,53.66,53.06,38.24,91.97,19.79,0.22,2.92,19.79
26,8,76.17,97.76,57.3,5.04,87.93,0.9,0.34,3,0.3,7.19,9.83,179.07,204.95,190.96,144.58,333.26,73.08,0.77,9.83,73.08
26,9,157.94,269.8,118.88,6.69,156.15,0.54,0.78,5.96,0.5,16.43,24.87,375.65,443.56,285.76,336.92,545.51,103.06,1.47,24.87,103.06
26,10,146.46,189.79,119.68,10,179.25,1.01,0.55,6.14,0.3,12.63,15.68,369.66,399.13,368.46,281.29,653.63,140.68,1.5,15.68,140.68
26,11,75.14,99.01,64.29,5.48,99.95,0.32,0.26,3.08,0.15,4.34,8.49,200.94,225.03,223.83,151.41,383.97,84.7,0.77,8.49,84.7
26,12,50.24,62.13,39.4,2.94,59.11,0.33,0.2,1.83,0.12,5.37,7.16,121.03,133.46,135.38,96.34,235.08,51.31,0.54,7.16,51.31
26,13,136.38,160.72,105.31,6.78,161.78,1.75,0.61,5.26,0.52,12.97,14.58,332.43,345.55,335.84,245.96,592.22,129.8,1.56,14.58,129.8
26,14,206.05,196.99,171.59,6.35,262.37,0.67,1.45,6.91,0.48,21.13,28.94,583,448.19,433.63,331.66,732.04,158.49,2.99,28.94,158.49
26,15,212.42,178.2,159.02,7.82,247.93,0.85,2.25,9.55,0.67,20.23,28.38,642.82,420.42,430.35,330.02,698.54,146.52,3.55,28.38,146.52
26,16,186.02,137.51,127.8,5.33,198.06,0.4,2.66,6.13,0.34,14.6,26.55,650.18,320.46,339.65,265.66,518.48,102.6,3.01,26.55,102.6
26,17,65.53,61.37,54.38,2.47,84.77,0.41,0.84,2.22,0.13,6.68,6.96,278.09,149.06,170.84,124.57,252.77,50.91,1.17,6.96,50.91
26,18,0,0,0,0,0,0,0,0,0,0,0,0,0,0,0,0,0,0,0,0
26,19,0,0,0,0,0,0,0,0,0,0,0,0,0,0,0,0,0,0,0,0
26,20,0,0,0,0,0,0,0,0,0,0,0,0,0,0,0,0,0,0,0,0
26,21,0,0,0,0,0,0,0,0,0,0,0,0,0,0,0,0,0,0,0,0
26,22,0,0,0,0,0,0,0,0,0,0,0,0,0,0,0,0,0,0,0,0
26,23,0,0,0,0,0,0,0,0,0,0,0,0,0,0,0,0,0,0,0,0
27,0,0,0,0,0,0,0,0,0,0,0,0,0,0,0,0,0,0,0,0,0
27,1,0,0,0,0,0,0,0,0,0,0,0,0,0,0,0,0,0,0,0,0
27,2,0,0,0,0,0,0,0,0,0,0,0,0,0,0,0,0,0,0,0,0
27,3,0,0,0,0,0,0,0,0,0,0,0,0,0,0,0,0,0,0,0,0
27,4,0,0,0,0,0,0,0,0,0,0,0,0,0,0,0,0,0,0,0,0
27,5,0,0,0,0,0,0,0,0,0,0,0,0,0,0,0,0,0,0,0,0
27,6,2.12,2.64,1.66,0.12,2.52,0.02,0.01,0.09,0.01,0.22,0.25,5.18,5.78,5.88,4.23,10.26,2.25,0.02,0.25,2.25
27,7,31.96,38.24,23.29,0.84,35.14,0.01,0.13,1.3,0.06,2.97,4.02,73.08,84.42,82.76,60.14,142.61,30.7,0.34,4.02,30.7
27,8,68.38,87.42,51.66,3.65,77.83,0.24,0.26,2.65,0.25,5.8,8.63,168.65,188.96,178.38,137.86,312.66,67.19,0.73,8.63,67.19
27,9,107.01,142.1,81.73,5.86,121.28,0.09,0.45,4.26,0.48,11.67,14.53,258.57,281.98,267.31,206.57,468.34,102.17,1.21,14.53,102.17
27,10,128.23,161.84,100.9,7.05,158.01,0.84,0.54,5.2,0.27,12.34,14.52,325.08,347.91,326.19,245.05,584.47,128.04,1.29,14.52,128.04
27,11,150.42,193.03,126.82,12.36,198.61,0.9,0.61,5.21,0.29,10.88,17.29,413.6,428.33,405.43,299.99,714.7,159.42,1.43,17.29,159.42
27,12,165.53,208.19,144.38,5.52,221.86,0.55,0.66,5.58,0.45,12.36,21.65,455.57,464.27,438.86,323.45,766.68,174.31,1.59,21.65,174.31
27,13,166.76,172.8,150.81,7.19,225.15,1.59,0.79,5.6,0.47,14.78,22.51,446.13,374.34,351.07,298.7,609.79,134.62,2.01,22.51,134.62
27,14,170.56,186.81,125.08,9.17,201.34,0.18,0.89,8.35,0.42,15.78,23.15,409.21,400.76,397.43,294.51,678.44,150.54,2.08,23.15,150.54
27,15,143.06,150.99,98.8,4.35,159.49,0.67,0.73,5.99,0.4,12.27,19.26,323.82,315.34,316.24,247.64,550.27,123.19,1.79,19.26,123.19
27,16,95.73,103.56,69.35,4.32,104.74,0.6,0.46,4.1,0.27,8.64,12.42,222.75,218.75,228.27,171.87,381.91,85.16,1.31,12.42,85.16
27,17,40.64,42.32,28.52,1.42,45.82,0.41,0.14,1.94,0.13,4.98,5.2,98.12,101.25,102.27,79.32,177.51,38.42,0.57,5.2,38.42
27,18,0,0,0,0,0,0,0,0,0,0,0,0,0,0,0,0,0,0,0,0
27,19,0,0,0,0,0,0,0,0,0,0,0,0,0,0,0,0,0,0,0,0
27,20,0,0,0,0,0,0,0,0,0,0,0,0,0,0,0,0,0,0,0,0
27,21,0,0,0,0,0,0,0,0,0,0,0,0,0,0,0,0,0,0,0,0
27,22,0,0,0,0,0,0,0,0,0,0,0,0,0,0,0,0,0,0,0,0
27,23,0,0,0,0,0,0,0,0,0,0,0,0,0,0,0,0,0,0,0,0
28,0,0,0,0,0,0,0,0,0,0,0,0,0,0,0,0,0,0,0,0,0
28,1,0,0,0,0,0,0,0,0,0,0,0,0,0,0,0,0,0,0,0,0
28,2,0,0,0,0,0,0,0,0,0,0,0,0,0,0,0,0,0,0,0,0
28,3,0,0,0,0,0,0,0,0,0,0,0,0,0,0,0,0,0,0,0,0
28,4,0,0,0,0,0,0,0,0,0,0,0,0,0,0,0,0,0,0,0,0
28,5,0,0,0,0,0,0,0,0,0,0,0,0,0,0,0,0,0,0,0,0
28,6,7.66,9.08,5.79,0.63,8.76,0.05,0.03,0.36,0.03,0.62,0.94,17.96,20.06,20.48,14.37,35.23,7.57,0.08,0.94,7.57
28,7,108.57,463.33,263.92,13.34,75.83,0.64,0.58,9.31,3.64,11.32,40.18,205.57,800.93,197.73,377.36,760.09,75.28,1.47,40.18,75.28
28,8,144.09,557.59,139.06,10.28,91.44,0.1,0.89,11.2,2.87,15.39,45.89,227.59,531.82,207.83,385.46,702.9,74.36,2.34,45.89,74.36
28,9,195.47,597.48,139.11,11.57,114.43,0.42,1.02,13.94,2.56,22.41,50.52,272.82,516.68,235.76,325.08,497.07,74.59,2.84,50.52,74.59
28,10,183.63,234.04,128.74,9.71,134.99,0.59,1.38,9.66,0.89,19.17,35.35,327.27,532.35,287.34,315.36,498.04,84.07,3.72,35.35,84.07
28,11,192.8,202.76,129.42,12.04,173.45,0.5,2.87,11.21,0.84,23.04,32.51,996.23,556.06,340.45,324.88,546.61,95.84,4.65,32.51,95.84
28,12,227.54,203.99,462.29,8.94,226.92,0.79,3.2,11.02,0.97,22.02,38.7,937.76,559.91,381.73,335.27,605.59,106,5.9,38.7,106
28,13,251.25,197.07,420.19,8.93,247.84,0.89,4.41,10.24,1.02,27.14,43.3,862.41,525.77,393.89,333.5,629.5,106.23,6.74,43.3,106.23
28,14,259.71,183.43,177.75,8.99,256.94,1.21,5.53,9.07,0.8,22.51,43.06,892.85,488.25,390.3,324.59,625.72,106.22,7.02,43.06,106.22
28,15,241.46,157.24,167.08,10.11,243.12,1.35,6.09,7.98,0.57,19.47,35.23,975.7,412.8,410.17,293.35,551.05,92.02,6.06,35.23,92.02
28,16,218.31,128.88,144.49,5.41,209.41,0.58,4.41,6.86,0.51,15.3,33.77,864.37,298.83,315.72,250.53,423.01,72.94,3.97,33.77,72.94
28,17,61.2,52.9,59.96,5.23,91.43,0.47,1.49,2.51,0.13,6.43,9.74,378.81,132.87,167.15,116.4,220.92,41.86,1.38,9.74,41.86
28,18,0,0,0,0,0,0,0,0,0,0,0,0,0,0,0,0,0,0,0,0
28,19,0,0,0,0,0,0,0,0,0,0,0,0,0,0,0,0,0,0,0,0
28,20,0,0,0,0,0,0,0,0,0,0,0,0,0,0,0,0,0,0,0,0
28,21,0,0,0,0,0,0,0,0,0,0,0,0,0,0,0,0,0,0,0,0
28,22,0,0,0,0,0,0,0,0,0,0,0,0,0,0,0,0,0,0,0,0
28,23,0,0,0,0,0,0,0,0,0,0,0,0,0,0,0,0,0,0,0,0
29,0,0,0,0,0,0,0,0,0,0,0,0,0,0,0,0,0,0,0,0,0
29,1,0,0,0,0,0,0,0,0,0,0,0,0,0,0,0,0,0,0,0,0
29,2,0,0,0,0,0,0,0,0,0,0,0,0,0,0,0,0,0,0,0,0
29,3,0,0,0,0,0,0,0,0,0,0,0,0,0,0,0,0,0,0,0,0
29,4,0,0,0,0,0,0,0,0,0,0,0,0,0,0,0,0,0,0,0,0
29,5,0,0,0,0,0,0,0,0,0,0,0,0,0,0,0,0,0,0,0,0
29,6,7.7,9.27,5.68,0.45,8.63,0.03,0.04,0.32,0.02,0.71,1.06,17.76,20.25,20.2,14.67,35.16,7.63,0.09,1.06,7.63
29,7,103.72,429.01,246.44,10.44,71.51,0.86,0.59,8.13,2.29,12.63,30.41,198.24,750.94,188.43,360.87,712.28,71.26,1.44,30.41,71.26
29,8,154.01,534.78,147.86,9.91,100.7,0.88,0.84,12.34,3.1,18.6,44.48,261.18,553.47,233.19,406.36,714.73,84.22,2.22,44.48,84.22
29,9,203.35,564.99,149.56,8.86,141.72,0.46,1.12,11.79,1.76,20.11,46.21,329.86,562.46,287.99,372.76,581.42,92.68,2.83,46.21,92.68
29,10,201.82,267.84,148.97,11.44,167.68,0.71,1.26,8.72,0.8,20.98,36.29,400.83,571.78,337.77,359.38,597.67,106.06,3.45,36.29,106.06
29,11,210.13,233.14,153.92,12.19,214.75,0.53,2.65,9.29,0.89,22.23,34.95,979.75,582.41,393.02,358.06,644.18,118.88,4.5,34.95,118.88
29,12,237.18,226.92,444.06,5.46,260.08,0.71,3.22,9.61,1.04,24.18,39.99,939.47,575.05,421.2,359.51,686.81,124.74,5.29,39.99,124.74
29,13,262.12,215.98,188.97,10.97,280.31,1.03,4.19,9.57,0.99,23.26,40.82,863.2,553.45,435.73,355.59,700.61,127.08,5.95,40.82,127.08
29,14,264.1,203.13,191.77,10.22,285.23,0.83,4.45,9.29,0.77,24.1,38.51,851.88,507.61,420.81,348.68,705.76,134.97,5.9,38.51,134.97
29,15,239.65,174.97,171.43,5.6,259,1.04,4.69,8.14,0.62,19.8,36.36,864.79,429.21,428.08,322.49,629.85,118.94,5.09,36.36,118.94
29,16,199.3,132.36,130.65,4.44,196.07,0.87,3.52,5.3,0.52,16.01,29.72,720.93,313.52,323.92,258.43,475.84,89.72,3.3,29.72,89.72
29,17,67.3,61.29,56.21,3.63,84.53,0.16,1.05,2.51,0.15,5.17,9.76,315.05,146.73,169.89,124.8,245.32,48.45,1.27,9.76,48.45
29,18,0,0,0,0,0,0,0,0,0,0,0,0,0,0,0,0,0,0,0,0
29,19,0,0,0,0,0,0,0,0,0,0,0,0,0,0,0,0,0,0,0,0
29,20,0,0,0,0,0,0,0,0,0,0,0,0,0,0,0,0,0,0,0,0
29,21,0,0,0,0,0,0,0,0,0,0,0,0,0,0,0,0,0,0,0,0
29,22,0,0,0,0,0,0,0,0,0,0,0,0,0,0,0,0,0,0,0,0
29,23,0,0,0,0,0,0,0,0,0,0,0,0,0,0,0,0,0,0,0,0
30,0,0,0,0,0,0,0,0,0,0,0,0,0,0,0,0,0,0,0,0,0
30,1,0,0,0,0,0,0,0,0,0,0,0,0,0,0,0,0,0,0,0,0
30,2,0,0,0,0,0,0,0,0,0,0,0,0,0,0,0,0,0,0,0,0
30,3,0,0,0,0,0,0,0,0,0,0,0,0,0,0,0,0,0,0,0,0
30,4,0,0,0,0,0,0,0,0,0,0,0,0,0,0,0,0,0,0,0,0
30,5,0,0,0,0,0,0,0,0,0,0,0,0,0,0,0,0,0,0,0,0
30,6,7.48,9.12,5.55,0.67,8.54,0.05,0.03,0.27,0.02,0.75,0.96,17.85,20.11,20.78,14.57,35.05,7.49,0.08,0.96,7.49
30,7,100.96,423.84,241.18,8.23,72.94,0.22,0.56,8.17,2.81,7.96,32.17,198.25,737.05,192.24,353.59,703.56,72.38,1.46,32.17,72.38
30,8,155.24,523.55,145.72,14.02,107.82,0.72,0.88,10.57,3.17,16.44,45.82,267.23,563.82,243.23,414.93,707.59,87.08,2.26,45.82,87.08
30,9,210.09,548.26,151.09,8.34,147.55,0.7,1.1,12.55,2.19,20.8,42.74,356.51,566.83,296.94,382.42,598.25,99.7,2.7,42.74,99.7
30,10,207.77,276.78,148.98,7.42,184.86,1.24,1.32,9.24,1.03,22.88,33.86,426.83,571.35,353.54,369.5,623.82,109.79,3.31,33.86,109.79
30,11,206.8,233,152.91,12.22,213.58,0.88,2.56,9.34,0.85,22.24,32.33,942.26,569.46,385.63,352.19,639.83,117.17,4.2,32.33,117.17
30,12,242.34,245.11,416.38,8.78,309.5,1.16,2.54,8.69,0.98,23.16,37.01,927.1,581.16,429.18,382.14,719.16,137.1,4.69,37.01,137.1
30,13,262.36,222.01,197.86,9.32,293.18,0.89,3.61,9.65,0.74,24.44,38.64,850.16,545.58,500.29,367.43,722.79,136,5.57,38.64,136
30,14,261.61,200.34,190.97,10.03,282.28,0.66,4.64,8.6,0.82,24.05,39.75,862.53,507.48,425.06,348.1,693.13,127.84,5.93,39.75,127.84
30,15,244.91,171.21,171.4,9.74,248.82,0.53,5.38,8.57,0.68,19.01,39,899.8,433.04,429.11,317.28,615.15,110.66,5.18,39,110.66
30,16,212.61,132.07,137.24,6.91,206.26,0.44,4.08,6.8,0.63,16.74,33.33,795.41,313.84,319.25,257.29,453.11,85.03,3.74,33.33,85.03
30,17,68.15,62.72,61.18,3.08,95.09,0.35,1.2,3.45,0.31,7.51,8.1,330.79,153.12,178.36,131.75,253.31,50.49,1.22,8.1,50.49
30,18,0,0,0,0,0,0,0,0,0,0,0,0,0,0,0,0,0,0,0,0
30,19,0,0,0,0,0,0,0,0,0,0,0,0,0,0,0,0,0,0,0,0
30,20,0,0,0,0,0,0,0,0,0,0,0,0,0,0,0,0,0,0,0,0
30,21,0,0,0,0,0,0,0,0,0,0,0,0,0,0,0,0,0,0,0,0
30,22,0,0,0,0,0,0,0,0,0,0,0,0,0,0,0,0,0,0,0,0
30,23,0,0,0,0,0,0,0,0,0,0,0,0,0,0,0,0,0,0,0,0
