Day,Hour,RGS01,RGD01,RTU02,RTU01,RKM01,RKM02,RDP02,RDP01,RBK01,RKG01,RKM03,RTD01,RTD02,RTD03,RKM04,RKJ01,RTG01,RTG02
1,0,27.03,27.17,26.91,26.95,26.72,27.44,27.39,25.89,26.02,27.31,27.33,27.58,27.69,28.06,27.95,27.62,28.44,28.44
1,1,26.87,27.08,26.79,26.86,26.6,27.42,27.31,25.65,25.9,27.23,27.2,27.31,27.4,27.84,27.69,27.38,28.20,28.20
1,2,26.7,26.98,26.67,26.76,26.46,27.39,27.22,25.4,25.76,27.14,27.06,27.03,27.11,27.6,27.44,27.13,27.96,27.96
1,3,26.55,26.89,26.55,26.67,26.33,27.36,27.13,25.17,25.62,27.06,26.93,26.76,26.83,27.38,27.19,26.89,27.72,27.72
1,4,26.39,26.79,26.42,26.57,26.21,27.32,27.03,24.95,25.49,26.97,26.79,26.5,26.56,27.14,26.94,26.65,27.48,27.48
1,5,26.27,26.7,26.31,26.48,26.11,27.28,26.94,25.03,25.5,26.88,26.66,26.31,26.36,26.96,26.72,26.49,27.28,27.28
1,6,26.28,26.63,26.24,26.42,26.09,27.23,26.87,25.92,25.84,26.83,26.56,26.6,26.63,27.19,26.79,26.9,27.43,27.43
1,7,26.39,26.59,26.24,26.39,26.15,27.19,26.85,26.61,26.28,26.82,26.51,27.31,27.2,27.69,27.18,27.59,27.94,27.94
1,8,26.62,26.61,26.3,26.4,26.29,27.15,26.88,27.56,26.73,26.85,26.52,28.42,28.05,28.47,27.93,28.58,28.78,28.78
1,9,26.91,26.67,26.47,26.49,26.53,27.14,26.95,29.17,27.49,26.93,26.6,29.73,29.09,29.39,28.9,29.75,29.77,29.77
1,10,27.22,26.8,26.8,26.75,26.93,27.14,27.07,31.59,28.63,27.04,26.76,31.08,30.23,30.38,29.94,30.97,30.84,30.84
1,11,27.5,26.99,27.21,27.11,27.4,27.16,27.22,32.59,29.37,27.16,27,31.95,31.01,31.07,30.68,31.8,31.56,31.56
1,12,27.75,27.19,27.53,27.33,27.71,27.21,27.41,34.02,30.18,27.32,27.28,32.48,31.58,31.58,31.2,32.35,32.03,32.03
1,13,28.01,27.36,27.73,27.44,27.85,27.26,27.58,30.55,28.53,27.46,27.6,32.05,31.27,31.2,31.12,31.8,31.75,31.75
1,14,28.16,27.48,27.81,27.47,27.84,27.31,27.69,29.51,28,27.55,27.83,31,30.33,30.3,30.6,30.58,30.98,30.98
1,15,28.15,27.54,27.83,27.48,27.8,27.35,27.75,30.02,28.38,27.61,27.92,30.69,30.13,30.16,30.43,30.33,30.81,30.81
1,16,28.17,27.59,27.82,27.48,27.75,27.39,27.78,29.83,28.11,27.64,27.98,30.73,30.31,30.34,30.47,30.5,30.93,30.93
1,17,28.25,27.61,27.79,27.46,27.67,27.43,27.8,28.45,27.24,27.66,28.02,30.3,30.21,30.02,30.22,30.06,30.64,30.64
1,18,28.2,27.61,27.71,27.41,27.54,27.47,27.79,27.83,26.9,27.66,28,29.65,29.83,29.5,29.79,29.39,30.09,30.09
1,19,28.02,27.57,27.59,27.35,27.41,27.49,27.76,27.44,26.73,27.64,27.93,29.17,29.39,29.16,29.41,28.95,29.70,29.70
1,20,27.81,27.5,27.46,27.29,27.27,27.51,27.72,27.06,26.57,27.6,27.84,28.8,28.99,28.92,29.09,28.64,29.42,29.42
1,21,27.6,27.43,27.32,27.21,27.13,27.51,27.65,26.73,26.43,27.54,27.72,28.47,28.64,28.72,28.79,28.37,29.18,29.18
1,22,27.4,27.35,27.18,27.13,26.99,27.51,27.58,26.43,26.29,27.48,27.6,28.17,28.31,28.52,28.51,28.13,28.95,28.95
1,23,27.21,27.27,27.05,27.05,26.85,27.5,27.5,26.15,26.16,27.4,27.48,27.88,28,28.31,28.25,27.89,28.72,28.72
2,0,27.03,27.18,26.92,26.96,26.72,27.48,27.41,25.88,26.02,27.32,27.34,27.6,27.7,28.09,27.98,27.65,28.48,28.48
2,1,26.85,27.09,26.79,26.86,26.58,27.45,27.32,25.63,25.89,27.24,27.2,27.32,27.41,27.87,27.72,27.41,28.25,28.25
2,2,26.69,26.99,26.66,26.77,26.45,27.42,27.23,25.42,25.77,27.16,27.06,27.06,27.13,27.65,27.47,27.18,28.02,28.02
2,3,26.54,26.89,26.54,26.67,26.32,27.39,27.14,25.24,25.66,27.07,26.92,26.81,26.88,27.44,27.22,26.96,27.79,27.79
2,4,26.39,26.79,26.42,26.57,26.2,27.35,27.05,25.09,25.58,26.98,26.79,26.58,26.64,27.24,26.99,26.76,27.58,27.58
2,5,26.28,26.7,26.31,26.48,26.11,27.3,26.96,25.17,25.62,26.9,26.66,26.42,26.46,27.08,26.8,26.62,27.40,27.40
2,6,26.23,26.63,26.24,26.4,26.08,27.25,26.88,25.84,25.98,26.83,26.55,26.54,26.57,27.2,26.78,26.85,27.44,27.44
2,7,26.29,26.6,26.23,26.37,26.13,27.21,26.85,26.7,26.45,26.81,26.5,27.01,27,27.6,27.01,27.41,27.75,27.75
2,8,26.45,26.61,26.3,26.39,26.27,27.17,26.87,27.69,27.01,26.83,26.51,27.78,27.65,28.2,27.51,28.19,28.33,28.33
2,9,26.69,26.68,26.46,26.46,26.49,27.15,26.93,28.99,27.68,26.89,26.59,28.76,28.48,28.95,28.24,29.15,29.05,29.05
2,10,26.97,26.8,26.73,26.64,26.8,27.14,27.02,30.23,28.41,26.98,26.73,29.66,29.28,29.63,28.97,29.99,29.70,29.70
2,11,27.25,26.96,27.05,26.86,27.14,27.15,27.13,31.31,29.04,27.07,26.94,30.36,29.95,30.19,29.61,30.66,30.23,30.23
2,12,27.52,27.13,27.33,27.02,27.41,27.17,27.27,32.2,29.6,27.19,27.17,30.96,30.57,30.72,30.17,31.27,30.71,30.71
2,13,27.82,27.32,27.58,27.15,27.63,27.21,27.43,32.54,29.93,27.33,27.44,31.44,31.1,31.15,30.66,31.74,31.11,31.11
2,14,28.15,27.49,27.79,27.27,27.8,27.27,27.62,31.75,29.56,27.5,27.74,31.53,31.27,31.23,30.89,31.76,31.21,31.21
2,15,28.42,27.63,27.96,27.36,27.9,27.32,27.76,30.78,28.94,27.62,28,31.25,31.12,30.97,30.9,31.34,31.04,31.04
2,16,28.54,27.73,28.05,27.43,27.94,27.38,27.84,29.81,28.36,27.7,28.16,30.8,30.77,30.57,30.75,30.72,30.75,30.75
2,17,28.5,27.78,28.05,27.46,27.89,27.43,27.88,28.88,27.84,27.74,28.22,30.29,30.32,30.13,30.48,30.11,30.40,30.40
2,18,28.35,27.78,27.98,27.45,27.78,27.47,27.88,28.28,27.52,27.74,28.2,29.8,29.84,29.76,30.11,29.61,30.03,30.03
2,19,28.16,27.75,27.86,27.41,27.63,27.5,27.85,27.79,27.27,27.72,28.15,29.4,29.44,29.48,29.77,29.25,29.74,29.74
2,20,27.94,27.69,27.72,27.35,27.47,27.52,27.8,27.33,27.03,27.69,28.06,29.02,29.06,29.23,29.44,28.93,29.49,29.49
2,21,27.72,27.62,27.56,27.27,27.3,27.53,27.74,26.91,26.8,27.63,27.94,28.67,28.7,28.98,29.12,28.62,29.24,29.24
2,22,27.5,27.54,27.4,27.19,27.13,27.54,27.67,26.52,26.59,27.57,27.81,28.31,28.35,28.72,28.8,28.31,28.99,28.99
2,23,27.28,27.44,27.24,27.1,26.95,27.53,27.59,26.15,26.37,27.49,27.66,27.97,28,28.46,28.48,28.01,28.74,28.74
3,0,27.06,27.34,27.06,26.99,26.77,27.52,27.49,25.78,26.14,27.4,27.5,27.62,27.65,28.19,28.16,27.7,28.48,28.48
3,1,26.84,27.22,26.89,26.88,26.58,27.49,27.39,25.44,25.93,27.3,27.34,27.27,27.29,27.91,27.83,27.39,28.21,28.21
3,2,26.66,27.11,26.74,26.77,26.44,27.46,27.28,25.2,25.77,27.2,27.18,26.96,26.98,27.64,27.53,27.1,27.95,27.95
3,3,26.49,26.99,26.59,26.66,26.29,27.42,27.18,24.98,25.62,27.11,27.01,26.69,26.71,27.41,27.26,26.87,27.72,27.72
3,4,26.29,26.85,26.42,26.52,26.11,27.38,27.07,24.69,25.42,27,26.83,26.38,26.39,27.14,26.95,26.59,27.46,27.46
3,5,26.14,26.73,26.27,26.4,25.97,27.33,26.96,24.72,25.39,26.89,26.66,26.14,26.15,26.92,26.69,26.39,27.22,27.22
3,6,26.13,26.64,26.17,26.32,25.93,27.28,26.87,25.5,25.6,26.82,26.53,26.41,26.4,27.11,26.71,26.77,27.35,27.35
3,7,26.28,26.58,26.14,26.28,25.98,27.23,26.85,25.9,25.74,26.82,26.46,27.31,27.1,27.67,27.18,27.57,27.99,27.99
3,8,26.62,26.58,26.2,26.29,26.16,27.19,26.88,26.92,26.11,26.87,26.46,28.85,28.2,28.63,28.21,28.81,29.16,29.16
3,9,27.02,26.63,26.38,26.39,26.49,27.17,26.97,29.05,27.07,26.97,26.52,30.57,29.44,29.7,29.47,30.16,30.46,30.46
3,10,27.4,26.77,26.79,26.78,27.04,27.18,27.09,31.66,28.5,27.08,26.68,32,30.51,30.63,30.56,31.33,31.59,31.59
3,11,27.69,26.97,27.29,27.23,27.61,27.2,27.27,33.84,29.81,27.23,26.94,32.96,31.37,31.4,31.34,32.26,32.39,32.39
3,12,27.96,27.21,27.66,27.5,27.98,27.25,27.46,35.1,30.65,27.39,27.28,33.51,32.03,32.01,31.84,32.95,32.90,32.90
3,13,28.34,27.46,27.93,27.65,28.21,27.31,27.69,35.45,31.19,27.57,27.7,33.71,32.45,32.36,32.14,33.3,33.14,33.14
3,14,28.86,27.72,28.17,27.78,28.38,27.39,27.95,35.04,31.19,27.79,28.21,33.66,32.73,32.48,32.27,33.36,33.17,33.17
3,15,29.48,27.94,28.36,27.88,28.49,27.48,28.17,34.19,30.5,27.99,28.72,33.35,32.87,32.37,32.23,33.09,33.02,33.02
3,16,30.01,28.1,28.47,27.96,28.52,27.57,28.34,32.78,29.23,28.13,29.09,32.73,32.86,31.97,31.96,32.46,32.62,32.62
3,17,30.23,28.22,28.5,28,28.45,27.67,28.44,31.18,28.25,28.22,29.25,31.81,32.57,31.25,31.44,31.45,31.97,31.97
3,18,30.07,28.26,28.43,27.99,28.33,27.75,28.47,30.27,27.83,28.25,29.27,31.04,31.99,30.72,30.95,30.69,31.37,31.37
3,19,29.72,28.25,28.31,27.94,28.16,27.82,28.46,29.51,27.55,28.25,29.19,30.5,31.34,30.41,30.54,30.23,30.98,30.98
3,20,29.33,28.21,28.15,27.85,27.96,27.88,28.42,28.82,27.3,28.21,29.08,30.05,30.76,30.18,30.18,29.87,30.66,30.66
3,21,28.94,28.13,27.97,27.76,27.76,27.92,28.35,28.19,27.06,28.16,28.93,29.63,30.23,29.94,29.83,29.53,30.37,30.37
3,22,28.58,28.04,27.79,27.66,27.55,27.94,28.27,27.59,26.81,28.09,28.76,29.22,29.73,29.68,29.49,29.19,30.08,30.08
3,23,28.24,27.93,27.61,27.54,27.34,27.95,28.17,27.06,26.58,28,28.57,28.81,29.25,29.4,29.15,28.84,29.78,29.78
4,0,27.92,27.82,27.42,27.42,27.14,27.95,28.06,26.58,26.35,27.89,28.36,28.42,28.8,29.12,28.8,28.5,29.47,29.47
4,1,27.61,27.69,27.23,27.29,26.94,27.93,27.94,26.15,26.14,27.78,28.15,28.03,28.36,28.81,28.46,28.16,29.15,29.15
4,2,27.33,27.55,27.04,27.16,26.74,27.9,27.81,25.76,25.93,27.66,27.94,27.66,27.95,28.52,28.12,27.84,28.85,28.85
4,3,27.12,27.43,26.89,27.04,26.61,27.86,27.68,25.55,25.82,27.55,27.74,27.38,27.63,28.26,27.83,27.59,28.58,28.58
4,4,26.92,27.3,26.74,26.92,26.49,27.81,27.56,25.39,25.76,27.44,27.54,27.14,27.35,28.04,27.56,27.38,28.33,28.33
4,5,26.74,27.18,26.6,26.8,26.36,27.76,27.44,25.44,25.79,27.33,27.35,26.92,27.11,27.84,27.32,27.21,28.10,28.10
4,6,26.66,27.08,26.5,26.71,26.3,27.71,27.34,26.14,26.06,27.24,27.18,27.11,27.26,27.99,27.31,27.52,28.19,28.19
4,7,26.72,27.01,26.46,26.66,26.31,27.65,27.29,26.63,26.31,27.21,27.08,27.75,27.76,28.42,27.65,28.15,28.64,28.64
4,8,26.96,27,26.52,26.66,26.48,27.61,27.29,27.49,26.62,27.23,27.06,28.91,28.61,29.18,28.41,29.14,29.53,29.53
4,9,27.27,27.05,26.69,26.76,26.76,27.58,27.35,29.24,27.39,27.3,27.1,30.32,29.64,30.08,29.45,30.29,30.55,30.55
4,10,27.6,27.16,27.05,27.07,27.24,27.57,27.44,31.32,28.54,27.39,27.23,31.51,30.54,30.85,30.38,31.27,31.44,31.44
4,11,27.87,27.33,27.48,27.45,27.73,27.58,27.56,32.76,29.49,27.49,27.44,32.22,31.16,31.39,31,31.93,32.00,32.00
4,12,28.11,27.53,27.79,27.67,28.05,27.61,27.72,33.5,30.04,27.62,27.71,32.57,31.59,31.76,31.39,32.34,32.28,32.28
4,13,28.42,27.73,28.04,27.8,28.26,27.65,27.89,33.75,30.45,27.77,28.03,32.74,31.92,32.02,31.67,32.62,32.45,32.45
4,14,28.82,27.93,28.25,27.91,28.42,27.7,28.07,33.74,30.63,27.93,28.4,32.81,32.21,32.18,31.86,32.75,32.55,32.55
4,15,29.3,28.1,28.41,28.01,28.51,27.76,28.26,32.83,29.95,28.09,28.79,32.57,32.32,32.07,31.85,32.52,32.43,32.43
4,16,29.68,28.23,28.51,28.07,28.53,27.83,28.38,31.81,29.02,28.2,29.06,32.06,32.26,31.7,31.62,31.95,32.10,32.10
4,17,29.81,28.3,28.52,28.09,28.46,27.89,28.44,30.45,28.23,28.25,29.16,31.36,31.98,31.14,31.21,31.18,31.61,31.61
4,18,29.65,28.32,28.44,28.06,28.32,27.94,28.45,29.67,27.85,28.27,29.15,30.68,31.45,30.65,30.76,30.5,31.07,31.07
4,19,29.36,28.29,28.31,28,28.16,27.99,28.43,29.05,27.61,28.25,29.07,30.21,30.9,30.36,30.39,30.08,30.72,30.72
4,20,29.03,28.23,28.15,27.92,27.98,28.02,28.38,28.48,27.38,28.21,28.95,29.82,30.41,30.13,30.06,29.77,30.45,30.45
4,21,28.7,28.16,27.99,27.84,27.81,28.03,28.32,28,27.19,28.15,28.81,29.47,29.96,29.91,29.74,29.47,30.19,30.19
4,22,28.41,28.07,27.83,27.75,27.63,28.04,28.24,27.55,27,28.08,28.66,29.13,29.55,29.68,29.44,29.18,29.94,29.94
4,23,28.13,27.97,27.67,27.65,27.45,28.04,28.15,27.14,26.82,28,28.49,28.8,29.17,29.44,29.15,28.9,29.69,29.69
5,0,27.88,27.87,27.52,27.55,27.29,28.02,28.05,26.76,26.63,27.91,28.32,28.48,28.81,29.19,28.87,28.62,29.44,29.44
5,1,27.64,27.76,27.36,27.44,27.12,28,27.94,26.42,26.45,27.82,28.14,28.17,28.46,28.94,28.59,28.34,29.18,29.18
5,2,27.42,27.65,27.21,27.33,26.97,27.96,27.84,26.16,26.32,27.72,27.97,27.88,28.14,28.7,28.32,28.09,28.93,28.93
5,3,27.22,27.54,27.07,27.22,26.82,27.92,27.73,25.96,26.21,27.62,27.79,27.64,27.86,28.48,28.07,27.87,28.71,28.71
5,4,27.04,27.42,26.93,27.1,26.69,27.88,27.62,25.78,26.12,27.52,27.62,27.41,27.6,28.27,27.82,27.67,28.49,28.49
5,5,26.88,27.31,26.8,26.99,26.57,27.83,27.52,25.79,26.12,27.42,27.45,27.21,27.38,28.08,27.61,27.5,28.29,28.29
5,6,26.84,27.23,26.72,26.92,26.54,27.78,27.43,26.51,26.43,27.35,27.32,27.4,27.55,28.23,27.62,27.8,28.37,28.37
5,7,26.96,27.19,26.72,26.9,26.63,27.72,27.4,27.18,26.76,27.34,27.26,28.12,28.13,28.73,28,28.52,28.85,28.85
5,8,27.23,27.2,26.81,26.93,26.83,27.68,27.43,28.25,27.3,27.38,27.27,29.29,29.02,29.53,28.78,29.55,29.74,29.74
5,9,27.54,27.27,26.99,27.02,27.1,27.66,27.48,29.37,28.02,27.44,27.34,30.3,29.72,30.12,29.58,30.32,30.43,30.43
5,10,27.79,27.37,27.25,27.19,27.4,27.65,27.55,30.23,28.57,27.5,27.46,30.84,30.1,30.41,30.11,30.69,30.80,30.80
5,11,28,27.5,27.52,27.38,27.67,27.66,27.64,30.99,29.01,27.58,27.62,31.22,30.49,30.72,30.52,31.04,31.08,31.08
5,12,28.19,27.65,27.75,27.52,27.9,27.67,27.77,32.78,29.89,27.69,27.81,31.71,31.05,31.2,30.97,31.6,31.49,31.49
5,13,28.48,27.82,27.98,27.65,28.12,27.7,27.94,34.41,30.94,27.84,28.07,32.42,31.89,31.92,31.53,32.46,32.11,32.11
5,14,28.97,28.01,28.19,27.78,28.31,27.75,28.11,33.27,30.44,27.99,28.48,32.5,32.21,32.09,31.67,32.61,32.20,32.20
5,15,29.46,28.17,28.36,27.89,28.43,27.81,28.27,31.75,29.38,28.12,28.88,31.93,31.97,31.62,31.4,31.95,31.76,31.76
5,16,29.64,28.28,28.45,27.98,28.46,27.86,28.35,30.78,28.79,28.19,29.08,31.3,31.56,31.07,31.09,31.18,31.31,31.31
5,17,29.52,28.33,28.45,28.02,28.4,27.91,28.38,29.96,28.4,28.22,29.12,30.81,31.1,30.69,30.8,30.64,30.97,30.97
5,18,29.28,28.33,28.38,28.01,28.29,27.95,28.38,29.31,28.09,28.22,29.07,30.39,30.64,30.41,30.49,30.24,30.68,30.68
5,19,29.02,28.29,28.28,27.97,28.15,27.98,28.34,28.77,27.85,28.19,28.99,30.04,30.24,30.19,30.2,29.94,30.43,30.43
5,20,28.75,28.24,28.14,27.91,27.99,28,28.3,28.26,27.61,28.15,28.88,29.7,29.87,29.97,29.92,29.65,30.20,30.20
5,21,28.49,28.16,28,27.83,27.83,28.01,28.23,27.78,27.37,28.1,28.74,29.36,29.51,29.73,29.64,29.36,29.97,29.97
5,22,28.23,28.08,27.85,27.74,27.65,28.01,28.15,27.32,27.12,28.03,28.59,29.02,29.14,29.47,29.34,29.05,29.72,29.72
5,23,27.98,27.98,27.69,27.65,27.47,28,28.07,26.89,26.88,27.94,28.42,28.67,28.78,29.21,29.04,28.74,29.46,29.46
6,0,27.73,27.87,27.52,27.54,27.28,27.98,27.97,26.48,26.64,27.85,28.25,28.32,28.41,28.93,28.74,28.42,29.19,29.19
6,1,27.47,27.75,27.35,27.41,27.08,27.95,27.86,26.08,26.41,27.75,28.06,27.96,28.04,28.63,28.42,28.09,28.91,28.91
6,2,27.23,27.62,27.16,27.28,26.88,27.92,27.74,25.72,26.18,27.64,27.87,27.61,27.68,28.34,28.11,27.77,28.64,28.64
6,3,27,27.49,26.99,27.15,26.69,27.87,27.62,25.4,25.96,27.52,27.67,27.28,27.34,28.06,27.8,27.47,28.37,28.37
6,4,26.82,27.36,26.83,27.02,26.55,27.82,27.51,25.23,25.85,27.41,27.48,27.01,27.06,27.81,27.52,27.23,28.11,28.11
6,5,26.64,27.22,26.68,26.89,26.41,27.77,27.39,25.24,25.82,27.31,27.29,26.79,26.83,27.61,27.26,27.05,27.89,27.89
6,6,26.58,27.11,26.55,26.78,26.32,27.71,27.29,25.9,25.97,27.22,27.12,26.98,27,27.74,27.25,27.36,27.98,27.98
6,7,26.73,27.04,26.52,26.74,26.38,27.65,27.26,26.24,26.06,27.21,27.04,27.84,27.66,28.26,27.7,28.11,28.57,28.57
6,8,27.07,27.03,26.58,26.74,26.57,27.6,27.28,27.27,26.44,27.26,27.02,29.32,28.68,29.15,28.68,29.27,29.69,29.69
6,9,27.47,27.08,26.76,26.86,26.91,27.57,27.36,29.34,27.34,27.35,27.07,31,29.87,30.16,29.91,30.56,30.95,30.95
6,10,27.83,27.19,27.16,27.23,27.46,27.57,27.47,31.94,28.75,27.45,27.21,32.36,30.87,31.03,30.95,31.66,32.01,32.01
6,11,28.12,27.39,27.67,27.7,28.05,27.59,27.63,34.17,30.07,27.58,27.46,33.3,31.71,31.77,31.7,32.56,32.79,32.79
6,12,28.38,27.62,28.04,27.98,28.42,27.63,27.81,35.55,30.98,27.74,27.79,33.8,32.34,32.34,32.16,33.22,33.25,33.25
6,13,28.77,27.87,28.31,28.13,28.65,27.68,28.03,36.02,31.61,27.91,28.21,34.05,32.82,32.75,32.45,33.66,33.51,33.51
6,14,29.32,28.12,28.55,28.25,28.81,27.75,28.29,35.68,31.66,28.13,28.73,34.04,33.16,32.92,32.6,33.77,33.58,33.58
6,15,29.97,28.34,28.74,28.35,28.92,27.83,28.52,34.59,30.82,28.32,29.27,33.67,33.28,32.75,32.52,33.44,33.36,33.36
6,16,30.52,28.51,28.85,28.43,28.95,27.92,28.68,33.25,29.59,28.47,29.64,33,33.24,32.29,32.22,32.75,32.90,32.90
6,17,30.72,28.62,28.88,28.47,28.89,28.01,28.77,31.69,28.66,28.55,29.79,32.15,32.97,31.64,31.74,31.82,32.30,32.30
6,18,30.53,28.66,28.81,28.46,28.76,28.09,28.8,30.79,28.26,28.58,29.79,31.43,32.41,31.14,31.29,31.11,31.75,31.75
6,19,30.18,28.65,28.7,28.42,28.61,28.16,28.79,30.03,27.99,28.58,29.71,30.92,31.79,30.86,30.92,30.68,31.38,31.38
6,20,29.8,28.61,28.54,28.33,28.42,28.21,28.75,29.31,27.72,28.54,29.59,30.5,31.22,30.63,30.59,30.33,31.07,31.07
6,21,29.42,28.53,28.37,28.24,28.22,28.25,28.68,28.66,27.46,28.49,29.45,30.08,30.69,30.38,30.25,29.98,30.77,30.77
6,22,29.06,28.44,28.2,28.13,28.02,28.27,28.6,28.07,27.21,28.42,29.28,29.68,30.21,30.12,29.92,29.64,30.48,30.48
6,23,28.72,28.34,28.02,28.02,27.82,28.27,28.5,27.53,26.98,28.33,29.08,29.28,29.74,29.85,29.58,29.3,30.18,30.18
7,0,28.4,28.22,27.83,27.9,27.61,28.27,28.39,27.05,26.75,28.23,28.87,28.9,29.3,29.57,29.25,28.97,29.88,29.88
7,1,28.11,28.1,27.65,27.77,27.42,28.25,28.27,26.63,26.55,28.12,28.66,28.53,28.88,29.28,28.92,28.65,29.58,29.58
7,2,27.83,27.97,27.48,27.65,27.23,28.21,28.15,26.27,26.37,28.01,28.45,28.17,28.49,28.99,28.6,28.33,29.27,29.27
7,3,27.58,27.84,27.31,27.52,27.06,28.17,28.02,25.98,26.21,27.89,28.25,27.86,28.14,28.72,28.3,28.05,29.00,29.00
7,4,27.34,27.71,27.14,27.38,26.89,28.13,27.89,25.7,26.06,27.77,28.04,27.56,27.81,28.46,28.01,27.79,28.73,28.73
7,5,27.15,27.58,26.98,27.26,26.75,28.07,27.76,25.73,26.07,27.66,27.84,27.32,27.54,28.24,27.75,27.59,28.48,28.48
7,6,27.1,27.48,26.89,27.17,26.72,28.02,27.66,26.64,26.45,27.57,27.68,27.59,27.77,28.45,27.78,27.99,28.60,28.60
7,7,27.2,27.43,26.87,27.13,26.79,27.96,27.62,27.43,26.96,27.55,27.59,28.34,28.37,28.97,28.19,28.73,29.12,29.12
7,8,27.42,27.42,26.94,27.13,26.94,27.91,27.62,28.49,27.58,27.56,27.56,29.31,29.08,29.61,28.84,29.57,29.85,29.85
7,9,27.68,27.47,27.11,27.2,27.18,27.88,27.67,30,28.3,27.62,27.61,30.47,30.02,30.45,29.71,30.64,30.69,30.69
7,10,27.94,27.58,27.39,27.41,27.52,27.87,27.76,31.71,29.22,27.69,27.74,31.54,30.94,31.25,30.57,31.63,31.50,31.50
7,11,28.23,27.74,27.76,27.7,27.95,27.87,27.89,33.59,30.19,27.8,27.94,32.47,31.8,31.98,31.36,32.52,32.24,32.24
7,12,28.51,27.95,28.09,27.9,28.28,27.9,28.07,35.25,31.12,27.95,28.21,33.25,32.62,32.69,32.03,33.35,32.89,32.89
7,13,28.86,28.16,28.35,28.03,28.51,27.94,28.27,35.07,31.37,28.12,28.56,33.62,33.1,33.11,32.41,33.8,33.23,33.23
7,14,29.31,28.37,28.58,28.15,28.69,28,28.46,35.04,31.54,28.28,28.97,33.7,33.37,33.26,32.64,33.9,33.34,33.34
7,15,29.81,28.56,28.77,28.27,28.82,28.07,28.65,34.18,30.87,28.45,29.38,33.55,33.52,33.19,32.7,33.7,33.29,33.29
7,16,30.24,28.7,28.89,28.35,28.87,28.14,28.79,32.84,29.73,28.57,29.67,33.01,33.43,32.78,32.49,33.07,32.95,32.95
7,17,30.4,28.79,28.92,28.39,28.83,28.21,28.87,31.41,28.87,28.64,29.8,32.24,33.08,32.13,32.06,32.16,32.40,32.40
7,18,30.27,28.82,28.87,28.4,28.74,28.28,28.89,30.63,28.5,28.67,29.8,31.59,32.54,31.64,31.64,31.48,31.90,31.90
7,19,30,28.8,28.78,28.38,28.63,28.33,28.88,30.03,28.28,28.67,29.74,31.12,31.98,31.34,31.28,31.04,31.54,31.54
7,20,29.71,28.76,28.66,28.34,28.5,28.37,28.84,29.5,28.09,28.64,29.64,30.77,31.51,31.12,30.98,30.74,31.28,31.28
7,21,29.43,28.7,28.53,28.29,28.37,28.39,28.78,29.03,27.92,28.6,29.52,30.45,31.1,30.92,30.7,30.47,31.05,31.05
7,22,29.16,28.64,28.4,28.23,28.24,28.41,28.71,28.61,27.76,28.54,29.39,30.15,30.72,30.72,30.43,30.22,30.83,30.83
7,23,28.91,28.56,28.27,28.17,28.11,28.41,28.64,28.24,27.61,28.48,29.25,29.87,30.37,30.51,30.18,29.97,30.61,30.61
8,0,28.69,28.48,28.15,28.1,27.99,28.41,28.55,27.91,27.47,28.41,29.09,29.6,30.04,30.3,29.93,29.73,30.39,30.39
8,1,28.49,28.39,28.03,28.04,27.87,28.39,28.47,27.65,27.36,28.33,28.94,29.36,29.75,30.1,29.71,29.52,30.19,30.19
8,2,28.29,28.31,27.92,27.97,27.75,28.37,28.37,27.33,27.18,28.24,28.79,29.12,29.47,29.89,29.5,29.3,30.00,30.00
8,3,28.06,28.19,27.78,27.86,27.57,28.33,28.27,26.89,26.87,28.13,28.61,28.86,29.15,29.66,29.25,29.04,29.80,29.80
8,4,27.78,28.03,27.56,27.69,27.4,28.29,28.15,26.75,26.87,28.03,28.36,28.56,28.8,29.43,28.88,28.82,29.53,29.53
8,5,27.54,27.89,27.36,27.53,27.22,28.24,28.04,26.58,26.76,27.92,28.14,28.28,28.48,29.2,28.59,28.59,29.31,29.31
8,6,27.36,27.76,27.22,27.42,27.09,28.19,27.93,26.55,26.71,27.82,27.96,28.12,28.29,29.06,28.38,28.49,29.14,29.14
8,7,27.28,27.67,27.14,27.35,27.07,28.13,27.84,26.73,26.78,27.74,27.82,28.04,28.18,28.99,28.23,28.48,29.00,29.00
8,8,27.33,27.63,27.14,27.34,27.18,28.07,27.79,27.6,27.27,27.7,27.75,28.15,28.27,29.06,28.2,28.67,28.95,28.95
8,9,27.44,27.64,27.22,27.38,27.35,28.02,27.79,29.8,28.62,27.72,27.74,28.97,29.06,29.83,28.67,29.69,29.55,29.55
8,10,27.67,27.71,27.43,27.53,27.61,27.99,27.83,30.85,29.29,27.76,27.83,30.06,30.07,30.74,29.47,30.85,30.40,30.40
8,11,27.99,27.85,27.75,27.72,27.94,27.97,27.91,31.49,29.7,27.84,28.02,30.85,30.8,31.29,30.17,31.56,30.95,30.95
8,12,28.28,28.01,28.03,27.88,28.2,27.97,28.01,31.85,29.93,27.93,28.22,31.35,31.3,31.62,30.71,31.94,31.29,31.29
8,13,28.54,28.16,28.28,28,28.42,27.98,28.12,31.78,29.98,28.03,28.43,31.65,31.61,31.8,31.1,32.13,31.49,31.49
8,14,28.77,28.29,28.48,28.11,28.58,28,28.24,31.51,29.86,28.14,28.61,31.77,31.73,31.84,31.35,32.13,31.58,31.58
8,15,28.94,28.4,28.64,28.21,28.69,28.03,28.34,31.04,29.59,28.23,28.77,31.72,31.71,31.74,31.48,31.95,31.57,31.57
8,16,29.04,28.48,28.73,28.29,28.75,28.07,28.41,30.39,29.21,28.3,28.89,31.51,31.53,31.52,31.47,31.6,31.44,31.44
8,17,29.05,28.52,28.77,28.34,28.74,28.09,28.44,29.66,28.81,28.33,28.95,31.18,31.22,31.19,31.32,31.15,31.21,31.21
8,18,28.97,28.53,28.73,28.34,28.65,28.12,28.43,28.98,28.41,28.32,28.95,30.75,30.81,30.82,31.04,30.65,30.92,30.92
8,19,28.75,28.46,28.57,28.27,28.47,28.13,28.4,28.51,28.13,28.29,28.86,30.27,30.33,30.48,30.62,30.21,30.59,30.59
8,20,28.47,28.36,28.33,28.13,28.25,28.12,28.34,28.22,28,28.24,28.72,29.89,29.94,30.28,30.19,29.96,30.34,30.34
8,21,28.26,28.28,28.17,28.05,28.07,28.11,28.28,27.87,27.8,28.18,28.61,29.6,29.64,30.06,29.91,29.71,30.15,30.15
8,22,28.11,28.21,28.05,27.99,27.94,28.1,28.21,27.56,27.61,28.12,28.5,29.34,29.38,29.85,29.68,29.47,29.95,29.95
8,23,27.96,28.13,27.94,27.92,27.81,28.09,28.14,27.25,27.42,28.06,28.39,29.07,29.11,29.62,29.45,29.21,29.74,29.74
9,0,27.81,28.05,27.82,27.85,27.67,28.07,28.06,26.99,27.25,27.98,28.28,28.81,28.85,29.39,29.21,28.96,29.54,29.54
9,1,27.64,27.96,27.7,27.76,27.52,28.04,27.98,26.7,27.06,27.91,28.15,28.54,28.58,29.15,28.97,28.71,29.33,29.33
9,2,27.48,27.87,27.56,27.66,27.37,28.01,27.89,26.42,26.87,27.82,28.01,28.27,28.3,28.91,28.73,28.45,29.10,29.10
9,3,27.32,27.76,27.42,27.56,27.22,27.97,27.8,26.17,26.69,27.74,27.87,28,28.03,28.66,28.48,28.19,28.88,28.88
9,4,27.16,27.66,27.28,27.45,27.07,27.93,27.71,25.93,26.52,27.65,27.73,27.74,27.76,28.42,28.23,27.93,28.65,28.65
9,5,27.03,27.55,27.16,27.35,26.95,27.89,27.61,25.99,26.5,27.56,27.59,27.54,27.56,28.23,28.01,27.77,28.45,28.45
9,6,27.03,27.47,27.08,27.29,26.92,27.84,27.54,26.8,26.8,27.5,27.48,27.81,27.81,28.44,28.06,28.15,28.60,28.60
9,7,27.21,27.44,27.09,27.27,27.02,27.8,27.54,27.35,27.04,27.51,27.44,28.68,28.53,29.03,28.53,28.97,29.21,29.21
9,8,27.58,27.45,27.18,27.31,27.24,27.76,27.58,28.43,27.47,27.57,27.47,30.16,29.63,30,29.53,30.22,30.32,30.32
9,9,27.98,27.53,27.38,27.44,27.59,27.75,27.68,30.51,28.38,27.68,27.57,31.79,30.86,31.06,30.74,31.56,31.56,31.56
9,10,28.35,27.68,27.79,27.79,28.11,27.76,27.82,33.12,29.74,27.81,27.76,33.3,32.04,32.09,31.89,32.83,32.77,32.77
9,11,28.66,27.89,28.28,28.24,28.67,27.8,28,35.42,31.08,27.96,28.02,34.39,33.02,32.95,32.77,33.86,33.69,33.69
9,12,28.98,28.14,28.67,28.53,29.08,27.86,28.22,36.9,32.05,28.15,28.37,35.05,33.77,33.64,33.34,34.65,34.28,34.28
9,13,29.4,28.41,28.97,28.7,29.33,27.93,28.47,37.53,32.75,28.35,28.83,35.39,34.3,34.09,33.73,35.12,34.64,34.64
9,14,30,28.69,29.24,28.85,29.53,28.02,28.76,37.32,32.88,28.59,29.4,35.46,34.7,34.31,33.95,35.28,34.78,34.78
9,15,30.73,28.95,29.46,28.98,29.66,28.12,29.02,36.44,32.13,28.82,30,35.22,34.94,34.26,33.96,35.06,34.69,34.69
9,16,31.38,29.15,29.59,29.09,29.71,28.24,29.22,34.96,30.7,29,30.43,34.63,35.04,33.89,33.73,34.45,34.32,34.32
9,17,31.67,29.29,29.65,29.16,29.69,28.36,29.36,33.3,29.73,29.12,30.65,33.72,34.81,33.18,33.24,33.44,33.68,33.68
9,18,31.55,29.36,29.62,29.18,29.61,28.46,29.41,32.41,29.34,29.18,30.69,32.98,34.29,32.67,32.8,32.68,33.13,33.13
9,19,31.22,29.38,29.53,29.18,29.5,28.56,29.42,31.63,29.07,29.19,30.65,32.47,33.64,32.39,32.44,32.23,32.76,32.76
9,20,30.86,29.37,29.42,29.14,29.36,28.63,29.4,30.93,28.84,29.18,30.56,32.07,33.05,32.19,32.12,31.9,32.48,32.48
9,21,30.51,29.32,29.28,29.09,29.21,28.69,29.36,30.31,28.62,29.15,30.44,31.7,32.54,31.98,31.82,31.6,32.22,32.22
9,22,30.19,29.26,29.14,29.01,29.04,28.73,29.3,29.77,28.43,29.1,30.31,31.35,32.08,31.77,31.53,31.31,31.97,31.97
9,23,29.87,29.18,28.99,28.92,28.87,28.76,29.22,29.27,28.24,29.04,30.15,31.01,31.65,31.55,31.25,31.02,31.72,31.72
10,0,29.58,29.1,28.84,28.84,28.72,28.78,29.13,28.85,28.07,28.97,29.99,30.7,31.26,31.33,30.98,30.75,31.48,31.48
10,1,29.32,29.01,28.7,28.75,28.57,28.78,29.04,28.5,27.93,28.89,29.81,30.41,30.91,31.11,30.72,30.5,31.25,31.25
10,2,29.09,28.91,28.56,28.67,28.43,28.77,28.94,28.2,27.81,28.8,29.63,30.14,30.58,30.89,30.48,30.27,31.02,31.02
10,3,28.88,28.82,28.43,28.58,28.31,28.75,28.85,27.93,27.69,28.72,29.46,29.89,30.28,30.68,30.24,30.05,30.80,30.80
10,4,28.68,28.72,28.3,28.49,28.19,28.72,28.75,27.71,27.59,28.63,29.29,29.66,30.01,30.47,30.01,29.85,30.58,30.58
10,5,28.52,28.62,28.19,28.41,28.08,28.69,28.65,27.74,27.62,28.54,29.13,29.49,29.79,30.31,29.82,29.71,30.40,30.40
10,6,28.44,28.55,28.13,28.35,28.06,28.65,28.56,28.43,28.01,28.47,29,29.64,29.91,30.45,29.82,29.97,30.47,30.47
10,7,28.48,28.52,28.13,28.34,28.14,28.62,28.52,29.29,28.56,28.44,28.93,30.15,30.34,30.85,30.09,30.54,30.81,30.81
10,8,28.62,28.53,28.2,28.36,28.28,28.59,28.53,30.29,29.13,28.46,28.92,30.93,30.99,31.47,30.61,31.35,31.41,31.41
10,9,28.84,28.59,28.36,28.45,28.5,28.57,28.58,31.49,29.76,28.51,28.98,31.92,31.83,32.23,31.35,32.33,32.14,32.14
10,10,29.1,28.7,28.62,28.62,28.8,28.57,28.66,32.62,30.42,28.59,29.1,32.82,32.61,32.91,32.08,33.17,32.79,32.79
10,11,29.34,28.83,28.91,28.8,29.1,28.59,28.77,33.35,30.89,28.68,29.27,33.44,33.18,33.38,32.68,33.74,33.27,33.27
10,12,29.57,28.99,29.17,28.96,29.35,28.61,28.9,34.07,31.37,28.79,29.46,33.95,33.69,33.81,33.19,34.23,33.67,33.67
10,13,29.83,29.16,29.4,29.08,29.55,28.66,29.04,34.18,31.57,28.92,29.68,34.33,34.1,34.15,33.62,34.59,34.00,34.00
10,14,30.1,29.31,29.6,29.19,29.71,28.71,29.2,33.82,31.42,29.06,29.92,34.46,34.28,34.26,33.89,34.65,34.14,34.14
10,15,30.33,29.45,29.76,29.29,29.82,28.76,29.32,32.98,30.91,29.18,30.14,34.31,34.22,34.1,33.96,34.37,34.07,34.07
10,16,30.45,29.54,29.85,29.36,29.85,28.82,29.4,32.06,30.33,29.26,30.28,33.91,33.92,33.73,33.84,33.82,33.81,33.81
10,17,30.43,29.58,29.86,29.39,29.82,28.87,29.43,31.07,29.79,29.29,30.33,33.4,33.47,33.28,33.57,33.19,33.47,33.47
10,18,30.3,29.58,29.79,29.4,29.73,28.91,29.43,30.45,29.45,29.29,30.31,32.89,32.99,32.89,33.2,32.66,33.08,33.08
10,19,30.13,29.54,29.69,29.37,29.61,28.94,29.4,30,29.23,29.27,30.25,32.46,32.56,32.58,32.85,32.27,32.77,32.77
10,20,29.93,29.49,29.56,29.32,29.47,28.95,29.35,29.6,29.02,29.23,30.15,32.1,32.19,32.33,32.52,31.96,32.51,32.51
10,21,29.72,29.42,29.42,29.25,29.31,28.96,29.29,29.21,28.81,29.17,30.04,31.76,31.84,32.08,32.21,31.67,32.27,32.27
10,22,29.51,29.34,29.27,29.18,29.16,28.96,29.21,28.84,28.61,29.11,29.91,31.43,31.5,31.84,31.9,31.38,32.03,32.03
10,23,29.31,29.24,29.12,29.09,29,28.95,29.13,28.49,28.41,29.04,29.77,31.1,31.17,31.58,31.6,31.1,31.79,31.79
11,0,29.11,29.15,28.97,29,28.84,28.94,29.04,28.16,28.21,28.96,29.62,30.78,30.83,31.32,31.3,30.81,31.54,31.54
11,1,28.91,29.04,28.81,28.9,28.67,28.91,28.95,27.85,28.02,28.87,29.46,30.46,30.51,31.06,31,30.52,31.29,31.29
11,2,28.72,28.93,28.66,28.8,28.51,28.88,28.85,27.56,27.84,28.78,29.31,30.15,30.19,30.8,30.7,30.24,31.04,31.04
11,3,28.54,28.82,28.51,28.69,28.36,28.85,28.75,27.29,27.67,28.68,29.15,29.85,29.89,30.54,30.42,29.97,30.79,30.79
11,4,28.37,28.71,28.36,28.59,28.21,28.8,28.65,27.05,27.5,28.59,28.99,29.57,29.61,30.28,30.14,29.71,30.53,30.53
11,5,28.22,28.6,28.23,28.49,28.09,28.76,28.55,27.1,27.49,28.49,28.83,29.35,29.38,30.07,29.89,29.53,30.31,30.31
11,6,28.2,28.52,28.15,28.42,28.06,28.71,28.47,27.92,27.81,28.43,28.72,29.59,29.61,30.26,29.92,29.88,30.43,30.43
11,7,28.37,28.47,28.14,28.41,28.15,28.66,28.46,28.49,28.03,28.43,28.67,30.42,30.29,30.83,30.35,30.69,31.02,31.02
11,8,28.7,28.48,28.22,28.44,28.35,28.62,28.48,29.52,28.44,28.47,28.68,31.78,31.29,31.7,31.26,31.82,32.03,32.03
11,9,29.09,28.55,28.42,28.57,28.7,28.6,28.57,31.54,29.34,28.57,28.77,33.36,32.46,32.71,32.42,33.11,33.22,33.22
11,10,29.43,28.68,28.79,28.9,29.19,28.61,28.7,33.84,30.6,28.69,28.95,34.73,33.52,33.64,33.46,34.26,34.28,34.28
11,11,29.71,28.86,29.23,29.31,29.68,28.64,28.86,33.91,30.99,28.83,29.18,35.24,33.94,33.98,33.99,34.66,34.68,34.68
11,12,29.95,29.05,29.57,29.56,30.01,28.68,29.04,34.02,31.29,28.98,29.45,35.21,33.99,34,34.17,34.64,34.67,34.67
11,13,30.17,29.24,29.81,29.69,30.2,28.73,29.18,34.15,31.53,29.11,29.71,35.27,34.2,34.15,34.4,34.77,34.76,34.76
11,14,30.42,29.41,30,29.8,30.32,28.79,29.33,33.64,31.33,29.25,29.98,35.18,34.27,34.17,34.52,34.71,34.76,34.76
11,15,30.61,29.55,30.13,29.87,30.37,28.85,29.45,32.87,30.89,29.35,30.21,34.86,34.12,33.96,34.46,34.35,34.58,34.58
11,16,30.68,29.64,30.18,29.91,30.34,28.91,29.52,31.94,30.34,29.41,30.34,34.38,33.8,33.6,34.25,33.81,34.30,34.30
11,17,30.61,29.68,30.15,29.91,30.24,28.96,29.54,31.05,29.88,29.44,30.39,33.82,33.35,33.18,33.91,33.24,33.92,33.92
11,18,30.44,29.67,30.04,29.86,30.09,29,29.53,30.45,29.55,29.43,30.36,33.26,32.87,32.82,33.5,32.74,33.50,33.50
11,19,30.23,29.62,29.9,29.79,29.92,29.03,29.49,29.99,29.31,29.39,30.29,32.81,32.47,32.55,33.12,32.39,33.20,33.20
11,20,30,29.56,29.74,29.69,29.72,29.05,29.44,29.56,29.08,29.34,30.18,32.41,32.11,32.31,32.77,32.08,32.92,32.92
11,21,29.78,29.48,29.57,29.59,29.53,29.05,29.37,29.19,28.87,29.28,30.06,32.04,31.76,32.06,32.43,31.79,32.64,32.64
11,22,29.55,29.39,29.4,29.48,29.34,29.05,29.29,28.84,28.68,29.21,29.93,31.68,31.43,31.82,32.11,31.5,32.38,32.38
11,23,29.33,29.29,29.23,29.36,29.14,29.04,29.21,28.5,28.48,29.13,29.77,31.34,31.11,31.57,31.8,31.21,32.13,32.13
12,0,29.11,29.18,29.05,29.24,28.95,29.03,29.12,28.15,28.27,29.04,29.62,30.99,30.79,31.32,31.49,30.92,31.87,31.87
12,1,28.9,29.07,28.88,29.11,28.76,29,29.02,27.83,28.06,28.95,29.46,30.65,30.47,31.06,31.18,30.63,31.60,31.60
12,2,28.7,28.96,28.71,28.97,28.57,28.97,28.92,27.54,27.87,28.85,29.29,30.33,30.16,30.8,30.87,30.35,31.33,31.33
12,3,28.51,28.84,28.54,28.84,28.39,28.93,28.81,27.27,27.69,28.75,29.12,30.01,29.86,30.54,30.58,30.07,31.06,31.06
12,4,28.32,28.72,28.37,28.7,28.22,28.88,28.7,27.02,27.52,28.64,28.95,29.7,29.56,30.28,30.28,29.8,30.78,30.78
12,5,28.16,28.6,28.22,28.58,28.07,28.83,28.6,27.01,27.5,28.54,28.79,29.45,29.32,30.06,30.01,29.58,30.54,30.54
12,6,28.06,28.5,28.12,28.47,27.99,28.77,28.5,27.68,27.87,28.45,28.66,29.49,29.37,30.12,29.92,29.74,30.52,30.52
12,7,28.07,28.44,28.07,28.41,28,28.72,28.44,28.52,28.31,28.4,28.56,29.88,29.74,30.48,30.08,30.25,30.78,30.78
12,8,28.19,28.42,28.1,28.38,28.11,28.67,28.43,29.54,28.85,28.39,28.54,30.59,30.37,31.06,30.52,31.02,31.30,31.30
12,9,28.4,28.45,28.22,28.42,28.29,28.63,28.47,30.81,29.48,28.43,28.58,31.56,31.21,31.83,31.2,31.99,32.04,32.04
12,10,28.65,28.53,28.44,28.54,28.57,28.61,28.53,31.95,30.1,28.48,28.69,32.42,31.97,32.46,31.89,32.79,32.65,32.65
12,11,28.89,28.65,28.71,28.72,28.86,28.61,28.63,33.16,30.77,28.56,28.85,33.09,32.61,32.99,32.47,33.42,33.15,33.15
12,12,29.14,28.8,28.96,28.85,29.1,28.62,28.75,33.56,31.08,28.66,29.06,33.6,33.15,33.43,32.96,33.93,33.55,33.55
12,13,29.39,28.94,29.16,28.94,29.27,28.64,28.89,33.24,31.03,28.79,29.28,33.78,33.38,33.59,33.24,34.06,33.69,33.69
12,14,29.63,29.07,29.33,29.02,29.39,28.67,29.02,32.63,30.71,28.9,29.5,33.69,33.35,33.49,33.34,33.87,33.64,33.64
12,15,29.79,29.18,29.44,29.08,29.46,28.71,29.12,31.97,30.32,28.98,29.67,33.45,33.19,33.27,33.33,33.51,33.50,33.50
12,16,29.86,29.24,29.49,29.12,29.46,28.74,29.17,31.08,29.78,29.03,29.77,33.07,32.9,32.92,33.16,32.99,33.24,33.24
12,17,29.81,29.25,29.47,29.11,29.39,28.77,29.17,30.14,29.24,29.04,29.79,32.55,32.45,32.48,32.85,32.39,32.86,32.86
12,18,29.66,29.22,29.37,29.07,29.26,28.79,29.15,29.54,28.9,29.02,29.75,32.03,31.95,32.07,32.45,31.86,32.45,32.45
12,19,29.45,29.16,29.22,28.99,29.08,28.8,29.1,29.1,28.66,28.98,29.66,31.6,31.54,31.76,32.07,31.47,32.13,32.13
12,20,29.23,29.08,29.06,28.91,28.9,28.8,29.03,28.66,28.42,28.91,29.54,31.21,31.16,31.49,31.72,31.14,31.86,31.86
12,21,28.99,28.98,28.88,28.81,28.7,28.79,28.94,28.23,28.16,28.84,29.4,30.83,30.78,31.22,31.36,30.82,31.59,31.59
12,22,28.75,28.87,28.69,28.69,28.5,28.77,28.85,27.78,27.89,28.75,29.24,30.44,30.39,30.93,31,30.48,31.31,31.31
12,23,28.51,28.75,28.5,28.56,28.28,28.74,28.75,27.34,27.61,28.65,29.07,30.04,30,30.62,30.63,30.12,31.01,31.01
13,0,28.27,28.62,28.3,28.43,28.07,28.71,28.63,26.96,27.37,28.54,28.89,29.65,29.61,30.31,30.27,29.77,30.71,30.71
13,1,28.03,28.48,28.1,28.28,27.85,28.67,28.52,26.6,27.13,28.43,28.7,29.26,29.22,29.99,29.9,29.42,30.39,30.39
13,2,27.8,28.34,27.91,28.13,27.63,28.62,28.39,26.27,26.89,28.3,28.5,28.89,28.85,29.66,29.55,29.07,30.08,30.08
13,3,27.58,28.19,27.72,27.98,27.44,28.56,28.26,25.98,26.68,28.18,28.31,28.55,28.51,29.36,29.21,28.77,29.79,29.79
13,4,27.37,28.04,27.53,27.82,27.24,28.5,28.13,25.69,26.48,28.06,28.1,28.21,28.17,29.06,28.87,28.45,29.48,29.48
13,5,27.19,27.89,27.35,27.68,27.08,28.43,28,25.7,26.44,27.93,27.91,27.92,27.89,28.79,28.55,28.2,29.19,29.19
13,6,27.13,27.77,27.23,27.56,27.01,28.35,27.89,26.45,26.74,27.83,27.75,28.08,28.03,28.9,28.5,28.47,29.23,29.23
13,7,27.22,27.69,27.18,27.49,27.05,28.28,27.84,27.14,27.08,27.79,27.65,28.75,28.59,29.38,28.82,29.15,29.69,29.69
13,8,27.47,27.67,27.23,27.48,27.21,28.22,27.84,28.22,27.54,27.8,27.63,29.92,29.49,30.18,29.55,30.21,30.59,30.59
13,9,27.8,27.71,27.39,27.55,27.48,28.18,27.89,30.02,28.24,27.87,27.68,31.41,30.65,31.18,30.63,31.48,31.68,31.68
13,10,28.13,27.81,27.73,27.84,27.94,28.16,27.98,32.28,29.42,27.94,27.82,32.72,31.69,32.06,31.63,32.59,32.68,32.68
13,11,28.42,27.97,28.16,28.22,28.44,28.16,28.1,33.87,30.43,28.04,28.04,33.55,32.42,32.69,32.33,33.36,33.34,33.34
13,12,28.68,28.17,28.48,28.44,28.76,28.17,28.27,34.89,31.11,28.18,28.33,34,32.94,33.14,32.77,33.86,33.72,33.72
13,13,29.01,28.38,28.72,28.56,28.96,28.21,28.48,34.84,31.36,28.35,28.67,34.19,33.28,33.41,33.06,34.13,33.90,33.90
13,14,29.43,28.57,28.93,28.66,29.11,28.26,28.68,34.18,31.16,28.53,29.07,34.09,33.41,33.41,33.16,34.05,33.86,33.86
13,15,29.84,28.74,29.09,28.74,29.21,28.32,28.84,33.1,30.42,28.67,29.43,33.71,33.31,33.15,33.07,33.62,33.62,33.62
13,16,30.1,28.86,29.17,28.79,29.21,28.38,28.94,31.9,29.57,28.76,29.65,33.09,33,32.64,32.79,32.89,33.20,33.20
13,17,30.11,28.91,29.17,28.81,29.14,28.43,28.98,30.72,28.92,28.8,29.73,32.44,32.56,32.12,32.41,32.16,32.72,32.72
13,18,29.91,28.91,29.08,28.77,28.99,28.47,28.98,29.92,28.52,28.8,29.7,31.8,31.98,31.66,31.97,31.53,32.23,32.23
13,19,29.63,28.87,28.93,28.69,28.8,28.5,28.94,29.31,28.24,28.76,29.61,31.31,31.47,31.34,31.57,31.11,31.87,31.87
13,20,29.32,28.79,28.75,28.59,28.6,28.52,28.87,28.71,27.96,28.71,29.48,30.87,31,31.07,31.2,30.74,31.56,31.56
13,21,29.01,28.7,28.56,28.48,28.39,28.53,28.79,28.14,27.67,28.63,29.32,30.43,30.54,30.77,30.82,30.36,31.24,31.24
13,22,28.72,28.59,28.37,28.36,28.17,28.52,28.69,27.63,27.41,28.54,29.14,29.99,30.09,30.46,30.44,29.99,30.92,30.92
13,23,28.43,28.47,28.17,28.23,27.94,28.5,28.58,27.17,27.16,28.44,28.95,29.58,29.65,30.14,30.07,29.62,30.60,30.60
14,0,28.15,28.34,27.97,28.09,27.72,28.48,28.46,26.75,26.91,28.33,28.75,29.18,29.24,29.83,29.71,29.27,30.29,30.29
14,1,27.87,28.2,27.77,27.94,27.49,28.44,28.33,26.33,26.66,28.21,28.54,28.78,28.83,29.51,29.34,28.91,29.97,29.97
14,2,27.6,28.05,27.56,27.79,27.27,28.4,28.2,25.95,26.42,28.08,28.32,28.39,28.44,29.19,28.99,28.56,29.65,29.65
14,3,27.35,27.89,27.36,27.62,27.05,28.34,28.06,25.62,26.2,27.95,28.1,28.03,28.06,28.88,28.63,28.24,29.34,29.34
14,4,27.15,27.75,27.18,27.48,26.9,28.28,27.92,25.46,26.1,27.83,27.89,27.74,27.76,28.61,28.31,27.97,29.04,29.04
14,5,26.97,27.6,27,27.32,26.75,28.21,27.8,25.5,26.09,27.7,27.67,27.49,27.5,28.37,28.01,27.78,28.78,28.78
14,6,26.87,27.47,26.86,27.19,26.63,28.14,27.67,26.16,26.26,27.6,27.49,27.65,27.65,28.49,27.97,28.06,28.85,28.85
14,7,26.99,27.39,26.81,27.12,26.67,28.07,27.62,26.62,26.47,27.57,27.39,28.42,28.25,28.98,28.36,28.77,29.36,29.36
14,8,27.28,27.36,26.85,27.1,26.82,28.01,27.62,27.82,27.05,27.58,27.35,29.7,29.14,29.77,29.18,29.82,30.33,30.33
14,9,27.6,27.39,27.01,27.16,27.09,27.97,27.67,29.61,27.78,27.64,27.38,31.19,30.25,30.74,30.27,31.05,31.43,31.43
14,10,27.91,27.49,27.34,27.44,27.52,27.95,27.76,31.96,29,27.71,27.5,32.5,31.3,31.64,31.28,32.18,32.44,32.44
14,11,28.18,27.65,27.77,27.82,28.04,27.95,27.89,33.73,30.06,27.82,27.71,33.37,32.09,32.32,32,33.01,33.15,33.15
14,12,28.41,27.85,28.09,28.04,28.36,27.97,28.05,34.4,30.63,27.95,28,33.75,32.56,32.75,32.39,33.49,33.48,33.48
14,13,28.71,28.06,28.33,28.15,28.56,28.01,28.25,34.38,30.92,28.12,28.34,33.85,32.84,32.97,32.62,33.7,33.61,33.61
14,14,29.1,28.25,28.53,28.24,28.69,28.06,28.44,33.79,30.76,28.28,28.71,33.78,32.99,33.02,32.75,33.68,33.60,33.60
14,15,29.48,28.41,28.68,28.31,28.76,28.12,28.6,32.55,29.92,28.41,29.05,33.38,32.87,32.74,32.67,33.23,33.35,33.35
14,16,29.71,28.51,28.75,28.35,28.75,28.17,28.69,31.23,29.02,28.49,29.26,32.68,32.46,32.15,32.34,32.39,32.87,32.87
14,17,29.67,28.55,28.74,28.35,28.66,28.22,28.71,30.04,28.35,28.52,29.32,31.98,31.93,31.6,31.94,31.62,32.36,32.36
14,18,29.46,28.54,28.64,28.29,28.5,28.26,28.7,29.29,27.98,28.51,29.28,31.33,31.34,31.13,31.49,30.99,31.84,31.84
14,19,29.19,28.5,28.49,28.22,28.33,28.28,28.65,28.79,27.78,28.47,29.18,30.84,30.85,30.83,31.09,30.59,31.47,31.47
14,20,28.9,28.43,28.33,28.14,28.16,28.3,28.59,28.32,27.58,28.42,29.05,30.44,30.44,30.58,30.74,30.27,31.18,31.18
14,21,28.64,28.34,28.17,28.05,27.99,28.3,28.51,27.86,27.37,28.35,28.91,30.06,30.05,30.32,30.41,29.95,30.89,30.89
14,22,28.39,28.25,28.02,27.96,27.82,28.29,28.42,27.43,27.16,28.27,28.75,29.69,29.68,30.06,30.08,29.64,30.60,30.60
14,23,28.15,28.15,27.86,27.86,27.64,28.28,28.32,27.07,26.98,28.19,28.59,29.33,29.31,29.79,29.76,29.33,30.32,30.32
15,0,27.93,28.05,27.71,27.76,27.48,28.25,28.22,26.78,26.82,28.09,28.42,29,28.98,29.54,29.46,29.05,30.04,30.04
15,1,27.72,27.94,27.56,27.66,27.31,28.22,28.11,26.4,26.56,27.99,28.25,28.68,28.66,29.27,29.18,28.76,29.79,29.79
15,2,27.46,27.8,27.37,27.51,27.1,28.18,27.98,26.04,26.31,27.86,28.04,28.36,28.33,29.03,28.85,28.49,29.53,29.53
15,3,27.17,27.62,27.11,27.29,26.89,28.12,27.86,25.96,26.36,27.75,27.78,28.02,27.98,28.78,28.44,28.25,29.22,29.22
15,4,26.98,27.48,26.93,27.15,26.74,28.06,27.74,25.78,26.26,27.64,27.58,27.74,27.7,28.53,28.14,28,28.95,28.95
15,5,26.85,27.38,26.82,27.05,26.64,28,27.63,25.79,26.26,27.53,27.43,27.53,27.49,28.33,27.93,27.82,28.73,28.73
15,6,26.78,27.3,26.75,26.99,26.61,27.94,27.53,26.38,26.6,27.44,27.31,27.58,27.54,28.37,27.87,27.95,28.70,28.70
15,7,26.8,27.25,26.74,26.95,26.64,27.88,27.46,26.98,26.94,27.39,27.23,27.82,27.77,28.58,27.97,28.27,28.83,28.83
15,8,26.87,27.23,26.78,26.94,26.72,27.82,27.43,27.86,27.47,27.37,27.2,28.22,28.14,28.9,28.2,28.73,29.07,29.07
15,9,26.98,27.24,26.87,26.97,26.81,27.77,27.42,27.14,26.89,27.35,27.22,28.31,28.22,28.91,28.33,28.76,29.09,29.09
15,10,27.03,27.22,26.9,26.96,26.87,27.73,27.4,27.03,26.72,27.32,27.21,27.94,27.85,28.49,28.1,28.27,28.64,28.64
15,11,27,27.18,26.86,26.9,26.9,27.68,27.4,28.69,27.86,27.32,27.16,28.3,28.21,28.88,28.21,28.79,28.91,28.91
15,12,27.08,27.2,26.93,26.92,26.98,27.64,27.42,29.49,28.36,27.34,27.19,28.93,28.84,29.49,28.63,29.55,29.43,29.43
15,13,27.27,27.29,27.1,27,27.15,27.61,27.46,30.22,28.83,27.38,27.31,29.53,29.44,29.97,29.13,30.17,29.87,29.87
15,14,27.52,27.41,27.3,27.11,27.33,27.6,27.55,31.18,29.46,27.45,27.48,30.13,30.06,30.45,29.67,30.74,30.33,30.33
15,15,27.87,27.54,27.5,27.22,27.5,27.6,27.66,32.37,30.04,27.54,27.71,30.26,30.32,30.5,29.87,30.76,30.39,30.39
15,16,28.37,27.65,27.62,27.29,27.61,27.62,27.76,31.24,28.83,27.63,27.96,30.61,31.05,30.81,30.15,31.08,30.70,30.70
15,17,28.85,27.73,27.7,27.35,27.65,27.65,27.85,29.64,27.65,27.7,28.16,30.01,31.17,30.26,29.82,30.35,30.23,30.23
15,18,28.96,27.78,27.71,27.38,27.64,27.68,27.89,29.06,27.31,27.74,28.23,29.3,30.85,29.63,29.39,29.52,29.64,29.64
15,19,28.8,27.77,27.67,27.37,27.57,27.7,27.89,28.56,27.12,27.74,28.23,28.84,30.33,29.27,29.07,29.01,29.25,29.25
15,20,28.57,27.74,27.58,27.34,27.45,27.71,27.86,28.06,26.94,27.72,28.18,28.52,29.81,29.06,28.81,28.69,29.00,29.00
15,21,28.32,27.69,27.48,27.29,27.33,27.71,27.82,27.61,26.78,27.68,28.11,28.25,29.37,28.89,28.57,28.44,28.80,28.80
15,22,28.05,27.62,27.37,27.24,27.2,27.71,27.76,27.16,26.59,27.63,28.01,27.98,28.97,28.7,28.33,28.19,28.60,28.60
15,23,27.8,27.54,27.24,27.17,27.05,27.7,27.69,26.73,26.4,27.57,27.88,27.69,28.57,28.48,28.08,27.92,28.38,28.38
16,0,27.55,27.45,27.11,27.09,26.9,27.68,27.61,26.37,26.23,27.49,27.75,27.41,28.19,28.26,27.82,27.65,28.16,28.16
16,1,27.3,27.35,26.96,26.99,26.74,27.66,27.52,26.03,26.07,27.4,27.6,27.13,27.82,28.03,27.56,27.39,27.95,27.95
16,2,27.07,27.25,26.82,26.89,26.58,27.62,27.42,25.71,25.89,27.31,27.44,26.85,27.47,27.8,27.31,27.14,27.73,27.73
16,3,26.86,27.13,26.68,26.79,26.43,27.58,27.32,25.4,25.72,27.21,27.28,26.59,27.14,27.57,27.06,26.88,27.51,27.51
16,4,26.65,27.01,26.53,26.67,26.27,27.54,27.21,25.12,25.56,27.11,27.11,26.32,26.81,27.32,26.8,26.63,27.28,27.28
16,5,26.48,26.89,26.4,26.56,26.15,27.49,27.11,25.09,25.55,27.02,26.95,26.1,26.54,27.11,26.56,26.43,27.07,27.07
16,6,26.36,26.8,26.29,26.47,26.08,27.43,27.01,25.71,25.94,26.93,26.8,26.17,26.56,27.18,26.5,26.6,27.09,27.09
16,7,26.34,26.73,26.25,26.41,26.09,27.37,26.95,26.5,26.37,26.88,26.7,26.56,26.89,27.53,26.67,27.1,27.36,27.36
16,8,26.42,26.71,26.28,26.39,26.17,27.32,26.93,27.37,26.84,26.87,26.66,27.23,27.46,28.07,27.08,27.84,27.86,27.86
16,9,26.55,26.73,26.37,26.42,26.31,27.29,26.96,28.43,27.4,26.9,26.69,28.04,28.13,28.71,27.67,28.65,28.50,28.50
16,10,26.75,26.81,26.57,26.52,26.54,27.27,27.03,29.88,28.15,26.96,26.77,28.95,28.92,29.4,28.39,29.53,29.17,29.17
16,11,26.98,26.92,26.82,26.68,26.81,27.26,27.13,31.24,28.84,27.04,26.92,29.82,29.73,30.09,29.1,30.36,29.83,29.83
16,12,27.23,27.08,27.08,26.82,27.08,27.26,27.25,31.74,29.23,27.14,27.13,30.41,30.31,30.58,29.64,30.95,30.29,30.29
16,13,27.51,27.24,27.3,26.92,27.27,27.28,27.38,32.25,29.66,27.25,27.37,30.79,30.72,30.92,30.05,31.31,30.62,30.62
16,14,27.83,27.39,27.48,27.01,27.42,27.32,27.53,31.64,29.41,27.38,27.64,30.94,30.95,31.05,30.31,31.41,30.78,30.78
16,15,28.15,27.51,27.63,27.09,27.52,27.36,27.67,30.6,28.71,27.51,27.9,30.7,30.84,30.81,30.32,31.02,30.63,30.63
16,16,28.31,27.6,27.7,27.13,27.54,27.4,27.75,29.51,27.98,27.58,28.05,30.22,30.5,30.34,30.14,30.37,30.31,30.31
16,17,28.29,27.63,27.69,27.14,27.48,27.44,27.77,28.4,27.31,27.6,28.1,29.65,30,29.82,29.82,29.65,29.89,29.89
16,18,28.12,27.61,27.61,27.11,27.35,27.47,27.76,27.71,26.96,27.59,28.06,29.1,29.43,29.36,29.41,29.05,29.44,29.44
16,19,27.89,27.56,27.47,27.06,27.2,27.48,27.71,27.2,26.71,27.56,27.97,28.64,28.95,29.02,29.03,28.62,29.10,29.10
16,20,27.64,27.48,27.32,27,27.04,27.49,27.65,26.73,26.48,27.51,27.85,28.25,28.53,28.73,28.69,28.27,28.82,28.82
16,21,27.39,27.39,27.15,26.92,26.87,27.49,27.57,26.29,26.25,27.44,27.7,27.88,28.13,28.46,28.35,27.94,28.56,28.56
16,22,27.16,27.29,26.99,26.83,26.7,27.48,27.48,25.88,26.03,27.36,27.54,27.51,27.74,28.17,28.02,27.61,28.29,28.29
16,23,26.93,27.17,26.82,26.73,26.52,27.46,27.38,25.49,25.81,27.26,27.38,27.15,27.36,27.88,27.68,27.28,28.02,28.02
17,0,26.75,27.07,26.68,26.65,26.4,27.43,27.27,25.24,25.66,27.17,27.22,26.85,27.04,27.62,27.39,27,27.76,27.76
17,1,26.58,26.96,26.55,26.55,26.27,27.39,27.17,25.01,25.53,27.08,27.06,26.57,26.74,27.37,27.11,26.75,27.52,27.52
17,2,26.37,26.83,26.39,26.44,26.09,27.35,27.06,24.68,25.33,26.97,26.88,26.25,26.4,27.09,26.81,26.46,27.26,27.26
17,3,26.17,26.71,26.23,26.32,25.93,27.31,26.95,24.38,25.13,26.86,26.7,25.93,26.07,26.8,26.5,26.16,26.99,26.99
17,4,25.98,26.58,26.08,26.19,25.76,27.25,26.83,24.1,24.94,26.75,26.52,25.61,25.74,26.51,26.2,25.86,26.71,26.71
17,5,25.84,26.46,25.94,26.08,25.64,27.19,26.71,24.16,24.94,26.64,26.36,25.38,25.49,26.28,25.94,25.66,26.47,26.47
17,6,25.81,26.36,25.84,26,25.61,27.12,26.62,25.04,25.29,26.56,26.22,25.62,25.72,26.46,25.95,26.01,26.58,26.58
17,7,25.91,26.3,25.81,25.96,25.66,27.06,26.59,25.72,25.65,26.55,26.14,26.38,26.33,26.99,26.34,26.77,27.11,27.11
17,8,26.17,26.3,25.88,25.97,25.82,27.01,26.61,26.76,26.06,26.59,26.14,27.67,27.32,27.87,27.17,27.92,28.10,28.10
17,9,26.5,26.36,26.06,26.06,26.12,26.99,26.69,28.67,27,26.67,26.21,29.19,28.49,28.89,28.28,29.22,29.22,29.22
17,10,26.87,26.48,26.41,26.36,26.57,26.98,26.8,30.97,28.17,26.77,26.36,30.52,29.56,29.81,29.31,30.37,30.25,30.25
17,11,27.19,26.68,26.85,26.73,27.09,26.99,26.96,33.09,29.35,26.9,26.61,31.6,30.54,30.66,30.19,31.39,31.13,31.13
17,12,27.49,26.91,27.21,26.97,27.46,27.03,27.15,34.66,30.33,27.06,26.93,32.34,31.34,31.37,30.82,32.22,31.77,31.77
17,13,27.89,27.16,27.49,27.13,27.71,27.08,27.36,35.58,31.16,27.24,27.35,32.85,32.01,31.94,31.32,32.85,32.25,32.25
17,14,28.48,27.42,27.76,27.27,27.91,27.15,27.63,35.56,31.39,27.46,27.88,33.05,32.49,32.23,31.62,33.1,32.50,32.50
17,15,29.21,27.66,27.97,27.39,28.05,27.24,27.89,34.6,30.57,27.68,28.45,32.83,32.74,32.16,31.64,32.87,32.41,32.41
17,16,29.89,27.84,28.1,27.49,28.11,27.33,28.09,33.03,29.04,27.85,28.88,32.2,32.81,31.72,31.36,32.19,32.00,32.00
17,17,30.19,27.97,28.15,27.55,28.08,27.44,28.21,31.29,27.94,27.96,29.08,31.25,32.56,30.96,30.83,31.13,31.32,31.32
17,18,30.06,28.03,28.11,27.58,27.99,27.53,28.26,30.38,27.55,28.02,29.12,30.46,31.97,30.39,30.35,30.3,30.71,30.71
17,19,29.73,28.04,28.02,27.56,27.87,27.6,28.26,29.62,27.3,28.03,29.06,29.94,31.29,30.07,29.97,29.82,30.32,30.32
17,20,29.35,28.01,27.9,27.52,27.71,27.66,28.23,28.89,27.05,28.01,28.97,29.52,30.67,29.84,29.63,29.46,30.02,30.02
17,21,28.98,27.95,27.75,27.45,27.55,27.71,28.18,28.29,26.86,27.97,28.84,29.13,30.13,29.61,29.31,29.13,29.74,29.74
17,22,28.62,27.88,27.6,27.38,27.38,27.74,28.11,27.75,26.68,27.91,28.69,28.79,29.66,29.4,29.02,28.84,29.50,29.50
17,23,28.29,27.79,27.44,27.3,27.21,27.76,28.03,27.2,26.46,27.84,28.52,28.43,29.2,29.16,28.72,28.53,29.24,29.24
18,0,27.98,27.69,27.29,27.21,27.04,27.77,27.93,26.72,26.25,27.76,28.33,28.08,28.76,28.89,28.41,28.22,28.96,28.96
18,1,27.69,27.58,27.13,27.11,26.87,27.76,27.82,26.27,26.05,27.66,28.13,27.73,28.34,28.61,28.11,27.9,28.68,28.68
18,2,27.42,27.46,26.97,27.01,26.71,27.74,27.71,25.89,25.87,27.56,27.94,27.4,27.94,28.33,27.81,27.6,28.41,28.41
18,3,27.17,27.34,26.81,26.9,26.55,27.71,27.59,25.57,25.71,27.45,27.73,27.1,27.58,28.08,27.52,27.34,28.16,28.16
18,4,26.93,27.21,26.65,26.77,26.39,27.67,27.46,25.26,25.55,27.33,27.53,26.81,27.24,27.82,27.23,27.08,27.90,27.90
18,5,26.73,27.09,26.5,26.66,26.26,27.63,27.34,25.27,25.56,27.23,27.33,26.56,26.94,27.59,26.97,26.87,27.65,27.65
18,6,26.66,26.99,26.41,26.58,26.22,27.58,27.24,26.07,25.91,27.14,27.17,26.78,27.11,27.75,26.97,27.2,27.74,27.74
18,7,26.78,26.94,26.39,26.55,26.29,27.53,27.21,26.66,26.19,27.13,27.08,27.56,27.73,28.29,27.38,27.97,28.28,28.28
18,8,27.05,26.95,26.47,26.58,26.48,27.49,27.23,27.84,26.76,27.17,27.07,28.87,28.69,29.15,28.25,29.11,29.28,29.28
18,9,27.41,27.02,26.67,26.69,26.81,27.47,27.31,29.71,27.68,27.26,27.13,30.38,29.8,30.13,29.36,30.37,30.38,30.38
18,10,27.75,27.15,27.05,27.01,27.29,27.47,27.42,31.85,28.76,27.36,27.29,31.63,30.79,30.97,30.36,31.42,31.35,31.35
18,11,28.04,27.34,27.48,27.38,27.8,27.49,27.56,33.74,29.89,27.49,27.52,32.55,31.62,31.7,31.14,32.31,32.09,32.09
18,12,28.32,27.57,27.84,27.63,28.17,27.53,27.76,35.46,30.91,27.66,27.83,33.22,32.35,32.35,31.74,33.06,32.67,32.67
18,13,28.7,27.82,28.13,27.79,28.42,27.59,27.97,36.1,31.61,27.83,28.23,33.68,32.96,32.87,32.19,33.64,33.11,33.11
18,14,29.25,28.07,28.38,27.94,28.6,27.66,28.22,35.72,31.63,28.04,28.74,33.77,33.32,33.07,32.41,33.79,33.25,33.25
18,15,29.91,28.3,28.59,28.07,28.74,27.74,28.45,34.68,30.82,28.24,29.26,33.48,33.45,32.93,32.39,33.5,33.09,33.09
18,16,30.45,28.47,28.72,28.17,28.8,27.84,28.63,33.39,29.6,28.39,29.63,32.93,33.46,32.53,32.17,32.89,32.73,32.73
18,17,30.66,28.58,28.77,28.24,28.77,27.93,28.73,31.8,28.68,28.49,29.79,32.1,33.19,31.86,31.73,31.95,32.16,32.16
18,18,30.51,28.64,28.74,28.26,28.68,28.02,28.77,30.92,28.3,28.53,29.8,31.39,32.63,31.35,31.3,31.21,31.62,31.62
18,19,30.19,28.64,28.65,28.25,28.56,28.09,28.76,30.19,28.05,28.53,29.74,30.91,32.01,31.06,30.94,30.78,31.26,31.26
18,20,29.84,28.61,28.52,28.21,28.41,28.15,28.73,29.5,27.8,28.51,29.64,30.51,31.45,30.83,30.62,30.44,30.98,30.98
18,21,29.49,28.55,28.38,28.14,28.25,28.19,28.67,28.91,27.58,28.47,29.51,30.13,30.94,30.59,30.3,30.11,30.71,30.71
18,22,29.15,28.47,28.23,28.07,28.08,28.21,28.6,28.41,27.4,28.41,29.35,29.77,30.48,30.36,30,29.81,30.45,30.45
18,23,28.85,28.39,28.08,27.99,27.91,28.23,28.52,27.95,27.22,28.34,29.18,29.44,30.07,30.13,29.72,29.53,30.21,30.21
19,0,28.57,28.29,27.93,27.9,27.74,28.23,28.42,27.51,27.03,28.26,29,29.12,29.67,29.88,29.44,29.24,29.96,29.96
19,1,28.3,28.19,27.78,27.8,27.58,28.22,28.32,27.13,26.86,28.17,28.81,28.8,29.3,29.63,29.17,28.96,29.71,29.71
19,2,28.05,28.08,27.63,27.7,27.41,28.2,28.21,26.79,26.69,28.07,28.62,28.51,28.95,29.38,28.89,28.7,29.46,29.46
19,3,27.82,27.97,27.48,27.6,27.26,28.17,28.1,26.49,26.54,27.97,28.44,28.23,28.62,29.14,28.63,28.45,29.22,29.22
19,4,27.6,27.85,27.34,27.49,27.11,28.13,27.99,26.22,26.41,27.87,28.25,27.96,28.31,28.9,28.37,28.21,28.98,28.98
19,5,27.41,27.74,27.2,27.39,26.99,28.09,27.87,26.26,26.43,27.77,28.06,27.75,28.06,28.69,28.13,28.03,28.77,28.77
19,6,27.37,27.65,27.12,27.33,26.97,28.04,27.79,27.07,26.76,27.7,27.92,28.01,28.28,28.89,28.18,28.41,28.90,28.90
19,7,27.54,27.61,27.13,27.32,27.08,27.99,27.77,27.6,27,27.7,27.85,28.89,28.98,29.47,28.66,29.24,29.51,29.51
19,8,27.9,27.63,27.23,27.36,27.33,27.96,27.8,28.66,27.4,27.76,27.86,30.41,30.08,30.44,29.67,30.5,30.64,30.64
19,9,28.32,27.71,27.46,27.52,27.72,27.95,27.9,30.82,28.36,27.87,27.94,32.13,31.34,31.53,30.94,31.89,31.94,31.94
19,10,28.67,27.85,27.87,27.9,28.26,27.96,28.03,33.32,29.73,27.99,28.11,33.55,32.39,32.44,32.04,33.04,33.05,33.05
19,11,28.99,28.07,28.4,28.36,28.86,27.99,28.21,35.58,31.08,28.15,28.37,34.59,33.3,33.25,32.89,34.01,33.91,33.91
19,12,29.3,28.32,28.79,28.67,29.27,28.05,28.42,36.95,32.01,28.33,28.72,35.21,34,33.89,33.46,34.75,34.46,34.46
19,13,29.71,28.59,29.1,28.85,29.54,28.12,28.67,37.27,32.57,28.53,29.16,35.52,34.5,34.32,33.83,35.21,34.77,34.77
19,14,30.26,28.87,29.38,29.01,29.74,28.21,28.95,36.74,32.52,28.78,29.7,35.51,34.79,34.45,34.02,35.28,34.83,34.83
19,15,30.88,29.12,29.61,29.16,29.89,28.3,29.18,35.82,31.83,28.98,30.22,35.22,34.91,34.32,34.03,34.99,34.68,34.68
19,16,31.38,29.31,29.75,29.28,29.95,28.41,29.35,34.46,30.68,29.14,30.59,34.64,34.87,33.91,33.82,34.36,34.31,34.31
19,17,31.57,29.44,29.81,29.35,29.92,28.52,29.46,33.02,29.91,29.24,30.76,33.82,34.58,33.27,33.39,33.45,33.75,33.75
19,18,31.41,29.5,29.77,29.38,29.82,28.61,29.5,32.14,29.51,29.28,30.78,33.12,34.05,32.81,32.96,32.77,33.24,33.24
19,19,31.08,29.51,29.67,29.36,29.68,28.69,29.5,31.39,29.23,29.29,30.72,32.62,33.45,32.54,32.6,32.35,32.91,32.91
19,20,30.73,29.48,29.53,29.31,29.51,28.76,29.46,30.7,28.97,29.26,30.61,32.21,32.9,32.32,32.27,32.02,32.63,32.63
19,21,30.38,29.42,29.38,29.23,29.32,28.8,29.41,30.07,28.72,29.22,30.48,31.81,32.39,32.09,31.95,31.7,32.36,32.36
19,22,30.04,29.34,29.2,29.12,29.11,28.84,29.34,29.49,28.47,29.16,30.32,31.42,31.92,31.85,31.63,31.37,32.09,32.09
19,23,29.7,29.24,29.02,29.01,28.9,28.86,29.25,28.94,28.22,29.08,30.14,31.03,31.46,31.58,31.3,31.04,31.82,31.82
20,0,29.38,29.12,28.84,28.89,28.69,28.86,29.14,28.43,27.97,28.98,29.93,30.65,31.02,31.3,30.97,30.7,31.53,31.53
20,1,29.08,29,28.65,28.76,28.48,28.85,29.03,27.96,27.73,28.88,29.72,30.26,30.58,31,30.64,30.37,31.23,31.23
20,2,28.8,28.88,28.46,28.63,28.27,28.83,28.91,27.54,27.5,28.77,29.51,29.89,30.18,30.7,30.32,30.04,30.94,30.94
20,3,28.53,28.74,28.27,28.49,28.06,28.8,28.79,27.14,27.27,28.65,29.29,29.54,29.79,30.4,29.99,29.72,30.65,30.65
20,4,28.27,28.6,28.08,28.34,27.86,28.75,28.66,26.78,27.06,28.53,29.06,29.19,29.4,30.1,29.66,29.4,30.35,30.35
20,5,28.05,28.46,27.91,28.2,27.69,28.71,28.53,26.75,27.02,28.41,28.85,28.9,29.09,29.84,29.36,29.17,30.08,30.08
20,6,27.97,28.34,27.79,28.1,27.63,28.65,28.41,27.49,27.31,28.32,28.67,29.1,29.25,29.98,29.34,29.48,30.15,30.15
20,7,28.1,28.28,27.76,28.06,27.7,28.6,28.37,27.95,27.51,28.3,28.57,29.86,29.84,30.46,29.73,30.19,30.66,30.66
20,8,28.38,28.26,27.81,28.06,27.87,28.56,28.37,28.91,27.88,28.32,28.53,31.1,30.7,31.21,30.55,31.18,31.59,31.59
20,9,28.74,28.3,27.98,28.15,28.19,28.53,28.43,30.7,28.69,28.39,28.56,32.54,31.71,32.09,31.61,32.31,32.65,32.65
20,10,29.04,28.4,28.32,28.46,28.65,28.52,28.52,32.83,29.83,28.47,28.68,33.68,32.56,32.82,32.5,33.24,33.51,33.51
20,11,29.28,28.56,28.73,28.82,29.13,28.53,28.64,34.41,30.79,28.58,28.89,34.42,33.24,33.41,33.13,33.96,34.10,34.10
20,12,29.53,28.76,29.04,29.05,29.46,28.56,28.79,35.23,31.4,28.7,29.16,34.72,33.65,33.75,33.45,34.35,34.35,34.35
20,13,29.84,28.97,29.29,29.18,29.66,28.6,28.97,35.68,31.94,28.86,29.5,34.91,34.03,34.06,33.71,34.69,34.53,34.53
20,14,30.27,29.17,29.51,29.3,29.82,28.66,29.16,35.52,32.06,29.02,29.91,34.96,34.35,34.23,33.89,34.84,34.62,34.62
20,15,30.78,29.36,29.68,29.41,29.93,28.73,29.35,34.55,31.35,29.19,30.32,34.69,34.45,34.1,33.86,34.58,34.46,34.46
20,16,31.16,29.5,29.78,29.48,29.95,28.8,29.48,33.5,30.43,29.3,30.6,34.15,34.36,33.7,33.62,33.98,34.11,34.11
20,17,31.27,29.57,29.8,29.51,29.89,28.87,29.54,32.11,29.64,29.35,30.7,33.44,34.05,33.13,33.23,33.19,33.60,33.60
20,18,31.1,29.59,29.74,29.5,29.77,28.93,29.55,31.28,29.24,29.36,30.68,32.78,33.51,32.65,32.8,32.52,33.09,33.09
20,19,30.78,29.56,29.61,29.44,29.6,28.97,29.52,30.59,28.96,29.34,30.59,32.27,32.92,32.34,32.41,32.07,32.73,32.73
20,20,30.43,29.49,29.44,29.35,29.39,29,29.47,29.94,28.68,29.29,30.46,31.84,32.39,32.08,32.05,31.71,32.42,32.42
20,21,30.07,29.4,29.26,29.23,29.17,29.02,29.39,29.31,28.39,29.22,30.3,31.41,31.88,31.8,31.7,31.35,32.12,32.12
20,22,29.73,29.29,29.06,29.11,28.94,29.03,29.29,28.73,28.11,29.13,30.11,30.97,31.39,31.5,31.33,30.97,31.81,31.81
20,23,29.39,29.17,28.86,28.97,28.7,29.01,29.18,28.19,27.84,29.03,29.9,30.55,30.91,31.19,30.96,30.59,31.49,31.49
21,0,29.07,29.03,28.65,28.82,28.46,28.99,29.06,27.68,27.57,28.92,29.68,30.12,30.45,30.86,30.6,30.22,31.17,31.17
21,1,28.76,28.89,28.44,28.66,28.22,28.96,28.93,27.24,27.32,28.79,29.45,29.73,30.01,30.55,30.25,29.87,30.86,30.86
21,2,28.45,28.74,28.22,28.5,27.98,28.92,28.79,26.83,27.08,28.66,29.22,29.34,29.59,30.24,29.89,29.53,30.55,30.55
21,3,28.17,28.57,28.01,28.33,27.75,28.86,28.65,26.48,26.87,28.53,28.98,28.97,29.19,29.92,29.53,29.2,30.23,30.23
21,4,27.9,28.41,27.8,28.16,27.54,28.8,28.51,26.19,26.68,28.39,28.74,28.63,28.81,29.62,29.18,28.89,29.93,29.93
21,5,27.66,28.25,27.61,27.99,27.34,28.73,28.36,26.05,26.59,28.25,28.5,28.32,28.48,29.34,28.87,28.62,29.64,29.64
21,6,27.47,28.1,27.44,27.84,27.2,28.66,28.22,26.43,26.83,28.12,28.28,28.22,28.36,29.26,28.67,28.61,29.51,29.51
21,7,27.38,27.98,27.33,27.72,27.15,28.58,28.11,27.15,27.2,28.03,28.11,28.47,28.58,29.5,28.72,29,29.66,29.66
21,8,27.42,27.9,27.3,27.64,27.19,28.51,28.06,28.02,27.57,27.98,28,29.12,29.11,30,29.07,29.7,30.12,30.12
21,9,27.58,27.88,27.37,27.63,27.34,28.45,28.06,29.55,28.13,27.98,27.97,30.19,30,30.83,29.79,30.77,31.00,31.00
21,10,27.77,27.92,27.58,27.77,27.62,28.4,28.1,31.08,29,28.01,28.01,31.27,30.86,31.6,30.6,31.75,31.80,31.80
21,11,27.98,28.01,27.86,27.97,27.94,28.37,28.16,31.98,29.61,28.06,28.13,31.94,31.43,32.06,31.18,32.33,32.27,32.27
21,12,28.15,28.1,28.06,28.08,28.15,28.36,28.26,31.33,29.41,28.13,28.28,32.06,31.57,32.11,31.42,32.37,32.34,32.34
21,13,28.29,28.18,28.19,28.11,28.22,28.35,28.33,29.88,28.69,28.19,28.44,31.62,31.16,31.66,31.31,31.75,32.01,32.01
21,14,28.34,28.22,28.24,28.1,28.2,28.34,28.36,29.26,28.35,28.22,28.51,31.13,30.73,31.18,31.08,31.12,31.63,31.63
21,15,28.29,28.22,28.21,28.05,28.11,28.33,28.35,28.53,27.93,28.21,28.51,30.71,30.37,30.8,30.85,30.64,31.31,31.31
21,16,28.17,28.18,28.12,27.99,27.99,28.31,28.31,28.09,27.69,28.17,28.45,30.3,30.01,30.48,30.56,30.23,30.97,30.97
21,17,28.02,28.11,28,27.91,27.84,28.29,28.25,27.5,27.34,28.12,28.36,29.91,29.65,30.16,30.24,29.85,30.65,30.65
21,18,27.85,28.03,27.86,27.82,27.68,28.26,28.18,27.09,27.11,28.06,28.25,29.5,29.27,29.83,29.9,29.46,30.31,30.31
21,19,27.68,27.94,27.72,27.73,27.53,28.23,28.1,26.78,26.93,27.98,28.12,29.14,28.94,29.56,29.57,29.14,30.03,30.03
21,20,27.52,27.85,27.57,27.63,27.37,28.19,28.01,26.51,26.76,27.9,27.99,28.81,28.63,29.3,29.27,28.86,29.77,29.77
21,21,27.36,27.75,27.44,27.53,27.23,28.15,27.91,26.28,26.62,27.82,27.85,28.51,28.35,29.06,28.99,28.6,29.51,29.51
21,22,27.2,27.64,27.3,27.43,27.08,28.1,27.82,26.07,26.49,27.73,27.7,28.23,28.09,28.82,28.71,28.36,29.27,29.27
21,23,27.05,27.54,27.16,27.32,26.95,28.04,27.72,25.87,26.36,27.64,27.56,27.96,27.83,28.58,28.45,28.12,29.03,29.03
22,0,26.91,27.43,27.03,27.21,26.81,27.99,27.62,25.7,26.24,27.54,27.42,27.7,27.58,28.35,28.19,27.88,28.78,28.78
22,1,26.78,27.33,26.9,27.11,26.7,27.93,27.52,25.56,26.14,27.45,27.28,27.47,27.36,28.14,27.95,27.67,28.56,28.56
22,2,26.67,27.22,26.79,27,26.59,27.86,27.42,25.42,26.04,27.36,27.15,27.25,27.15,27.92,27.72,27.47,28.34,28.34
22,3,26.56,27.12,26.68,26.9,26.49,27.8,27.33,25.29,25.94,27.26,27.02,27.04,26.94,27.71,27.5,27.26,28.12,28.12
22,4,26.45,27.02,26.58,26.81,26.39,27.73,27.23,25.17,25.85,27.18,26.89,26.84,26.75,27.51,27.29,27.06,27.90,27.90
22,5,26.36,26.93,26.48,26.72,26.31,27.66,27.14,25.16,25.82,27.09,26.78,26.66,26.58,27.32,27.09,26.89,27.70,27.70
22,6,26.29,26.84,26.4,26.64,26.25,27.59,27.06,25.46,25.98,27.02,26.67,26.58,26.51,27.25,26.97,26.86,27.58,27.58
22,7,26.32,26.8,26.38,26.6,26.28,27.52,27.01,26.52,26.53,26.98,26.61,26.98,26.89,27.61,27.13,27.39,27.83,27.83
22,8,26.49,26.8,26.44,26.61,26.42,27.46,27,27.43,27.07,26.98,26.62,27.72,27.54,28.19,27.59,28.16,28.37,28.37
22,9,26.67,26.83,26.56,26.64,26.58,27.41,27.02,27.79,27.31,27,26.67,28.21,27.92,28.49,27.98,28.55,28.70,28.70
22,10,26.83,26.89,26.7,26.7,26.72,27.38,27.06,28.32,27.63,27.02,26.74,28.5,28.2,28.67,28.28,28.78,28.86,28.86
22,11,27,26.96,26.86,26.78,26.88,27.35,27.12,29.63,28.31,27.08,26.85,29.03,28.74,29.13,28.71,29.35,29.23,29.23
22,12,27.23,27.08,27.06,26.88,27.1,27.34,27.22,31.14,29.13,27.17,27,29.81,29.54,29.84,29.31,30.22,29.84,29.84
22,13,27.52,27.23,27.29,27,27.32,27.34,27.35,32.8,30.13,27.28,27.22,30.64,30.4,30.57,29.97,31.1,30.50,30.50
22,14,27.96,27.43,27.55,27.13,27.55,27.37,27.53,34.32,31.18,27.42,27.56,31.51,31.38,31.35,30.66,32,31.23,31.23
22,15,28.62,27.62,27.76,27.26,27.75,27.41,27.71,33.58,30.52,27.58,28.02,31.82,32.01,31.65,30.99,32.28,31.52,31.52
22,16,29.32,27.78,27.93,27.37,27.88,27.48,27.9,32.23,29.14,27.73,28.43,31.43,32.19,31.33,30.85,31.77,31.23,31.23
22,17,29.67,27.9,28.02,27.45,27.94,27.55,28.02,30.81,28.18,27.84,28.66,30.69,32.02,30.69,30.49,30.87,30.69,30.69
22,18,29.65,27.97,28.04,27.5,27.93,27.61,28.08,30.05,27.8,27.9,28.73,30.02,31.56,30.14,30.1,30.07,30.16,30.16
22,19,29.43,27.99,28,27.52,27.87,27.66,28.1,29.5,27.63,27.92,28.73,29.6,31.01,29.86,29.79,29.64,29.84,29.84
22,20,29.17,27.99,27.93,27.52,27.79,27.7,28.09,28.97,27.47,27.92,28.68,29.32,30.53,29.7,29.54,29.38,29.63,29.63
22,21,28.9,27.96,27.84,27.51,27.69,27.73,28.06,28.5,27.32,27.9,28.62,29.07,30.11,29.56,29.32,29.16,29.46,29.46
22,22,28.64,27.91,27.74,27.47,27.58,27.76,28.02,28.07,27.16,27.87,28.53,28.82,29.73,29.41,29.09,28.95,29.28,29.28
22,23,28.39,27.86,27.63,27.43,27.47,27.77,27.97,27.69,27.01,27.83,28.42,28.58,29.38,29.24,28.87,28.73,29.11,29.11
23,0,28.15,27.79,27.53,27.38,27.36,27.77,27.91,27.32,26.86,27.77,28.3,28.34,29.05,29.06,28.65,28.52,28.93,28.93
23,1,27.93,27.71,27.41,27.32,27.23,27.77,27.83,26.96,26.69,27.71,28.16,28.09,28.72,28.86,28.43,28.29,28.75,28.75
23,2,27.71,27.63,27.29,27.26,27.11,27.75,27.75,26.65,26.54,27.64,28.03,27.85,28.41,28.66,28.2,28.06,28.55,28.55
23,3,27.52,27.55,27.18,27.19,26.99,27.73,27.67,26.39,26.41,27.56,27.88,27.62,28.12,28.45,27.98,27.84,28.36,28.36
23,4,27.33,27.46,27.07,27.12,26.88,27.7,27.58,26.16,26.29,27.48,27.74,27.39,27.84,28.24,27.76,27.63,28.16,28.16
23,5,27.18,27.37,26.96,27.05,26.79,27.67,27.5,26.19,26.32,27.41,27.6,27.23,27.63,28.09,27.58,27.5,28.00,28.00
23,6,27.12,27.3,26.9,27,26.77,27.63,27.42,26.89,26.71,27.35,27.5,27.4,27.75,28.23,27.59,27.76,28.09,28.09
23,7,27.18,27.28,26.9,27,26.85,27.6,27.4,27.77,27.23,27.34,27.44,27.95,28.21,28.67,27.88,28.38,28.47,28.47
23,8,27.36,27.3,26.99,27.03,27.01,27.57,27.43,28.78,27.79,27.37,27.45,28.79,28.88,29.3,28.43,29.2,29.11,29.11
23,9,27.62,27.37,27.17,27.14,27.27,27.56,27.5,30.05,28.38,27.45,27.53,29.83,29.75,30.08,29.21,30.2,29.88,29.88
23,10,27.91,27.5,27.46,27.36,27.63,27.56,27.61,31.72,29.26,27.55,27.69,30.87,30.64,30.86,30.03,31.18,30.66,30.66
23,11,28.19,27.68,27.8,27.61,28.02,27.59,27.75,33.26,30.13,27.67,27.9,31.79,31.49,31.6,30.8,32.06,31.38,31.38
23,12,28.47,27.87,28.11,27.81,28.33,27.63,27.9,33.8,30.56,27.81,28.17,32.4,32.11,32.13,31.38,32.68,31.89,31.89
23,13,28.77,28.07,28.37,27.96,28.55,27.68,28.08,33.73,30.75,27.96,28.46,32.69,32.45,32.41,31.76,32.96,32.15,32.15
23,14,29.1,28.25,28.59,28.09,28.72,27.74,28.27,33.12,30.51,28.13,28.78,32.74,32.58,32.46,31.98,32.94,32.24,32.24
23,15,29.38,28.41,28.76,28.21,28.83,27.81,28.42,32.2,29.94,28.27,29.05,32.54,32.5,32.28,32.04,32.62,32.14,32.14
23,16,29.53,28.53,28.86,28.29,28.87,27.88,28.52,31.19,29.32,28.36,29.22,32.13,32.21,31.9,31.93,32.05,31.89,31.89
23,17,29.51,28.59,28.88,28.34,28.84,27.94,28.56,30.19,28.8,28.41,29.29,31.62,31.76,31.46,31.68,31.42,31.56,31.56
23,18,29.36,28.6,28.82,28.34,28.74,28,28.57,29.56,28.47,28.42,29.28,31.11,31.27,31.08,31.32,30.9,31.19,31.19
23,19,29.15,28.57,28.7,28.31,28.58,28.04,28.54,29.03,28.21,28.4,29.21,30.69,30.84,30.8,30.98,30.53,30.92,30.92
23,20,28.91,28.51,28.56,28.24,28.4,28.07,28.49,28.5,27.94,28.36,29.11,30.3,30.44,30.54,30.64,30.2,30.67,30.67
23,21,28.65,28.43,28.38,28.15,28.2,28.09,28.43,28,27.67,28.3,28.98,29.93,30.04,30.28,30.31,29.87,30.42,30.42
23,22,28.38,28.33,28.2,28.04,27.98,28.1,28.35,27.53,27.41,28.23,28.82,29.54,29.65,30.01,29.97,29.55,30.17,30.17
23,23,28.11,28.22,28,27.92,27.76,28.1,28.26,27.08,27.14,28.14,28.64,29.16,29.25,29.73,29.62,29.22,29.92,29.92
24,0,27.84,28.09,27.8,27.79,27.52,28.08,28.15,26.64,26.87,28.04,28.45,28.77,28.85,29.43,29.27,28.88,29.65,29.65
24,1,27.56,27.96,27.58,27.64,27.28,28.06,28.04,26.18,26.59,27.93,28.24,28.37,28.44,29.1,28.9,28.51,29.35,29.35
24,2,27.3,27.81,27.37,27.49,27.05,28.03,27.91,25.77,26.31,27.81,28.03,27.96,28.02,28.77,28.54,28.14,29.04,29.04
24,3,27.08,27.67,27.17,27.35,26.86,27.98,27.79,25.51,26.13,27.69,27.83,27.62,27.67,28.47,28.21,27.84,28.76,28.76
24,4,26.87,27.51,26.99,27.19,26.68,27.94,27.66,25.26,25.97,27.57,27.61,27.32,27.36,28.2,27.89,27.57,28.49,28.49
24,5,26.67,27.36,26.8,27.04,26.5,27.88,27.53,25.25,25.91,27.45,27.4,27.05,27.08,27.95,27.59,27.34,28.24,28.24
24,6,26.62,27.24,26.67,26.92,26.42,27.82,27.43,25.96,26.06,27.36,27.23,27.26,27.27,28.09,27.57,27.67,28.33,28.33
24,7,26.74,27.15,26.61,26.85,26.43,27.76,27.38,26.19,26.09,27.33,27.12,28.06,27.87,28.56,27.97,28.36,28.88,28.88
24,8,27.07,27.12,26.63,26.83,26.59,27.71,27.39,27.19,26.43,27.36,27.08,29.46,28.81,29.36,28.89,29.42,29.96,29.96
24,9,27.45,27.15,26.79,26.91,26.9,27.68,27.46,29.28,27.33,27.44,27.11,31.11,29.95,30.36,30.08,30.69,31.18,31.18
24,10,27.79,27.25,27.17,27.26,27.43,27.68,27.55,31.88,28.76,27.53,27.23,32.47,30.96,31.23,31.1,31.81,32.24,32.24
24,11,28.06,27.43,27.64,27.69,27.99,27.69,27.7,34.06,30.03,27.65,27.45,33.35,31.76,31.94,31.81,32.67,32.97,32.97
24,12,28.32,27.65,27.99,27.94,28.35,27.72,27.88,35.46,30.92,27.79,27.78,33.83,32.36,32.48,32.25,33.29,33.41,33.41
24,13,28.69,27.89,28.25,28.07,28.55,27.77,28.09,35.9,31.52,27.96,28.19,34.04,32.8,32.85,32.52,33.68,33.65,33.65
24,14,29.24,28.13,28.47,28.17,28.7,27.84,28.34,35.75,31.69,28.17,28.7,34,33.11,32.98,32.63,33.76,33.69,33.69
24,15,29.9,28.34,28.64,28.27,28.79,27.91,28.55,34.96,31.01,28.34,29.23,33.76,33.36,32.93,32.61,33.59,33.59,33.59
24,16,30.51,28.5,28.74,28.33,28.81,28,28.72,33.54,29.61,28.48,29.61,33.15,33.44,32.54,32.32,32.99,33.19,33.19
24,17,30.79,28.61,28.75,28.36,28.74,28.09,28.82,31.8,28.52,28.57,29.78,32.21,33.22,31.81,31.79,31.97,32.50,32.50
24,18,30.62,28.65,28.69,28.34,28.61,28.17,28.85,30.86,28.1,28.6,29.78,31.41,32.65,31.23,31.29,31.16,31.87,31.87
24,19,30.24,28.63,28.56,28.28,28.44,28.23,28.83,30.05,27.81,28.59,29.7,30.86,31.96,30.91,30.89,30.68,31.45,31.45
24,20,29.83,28.57,28.41,28.19,28.25,28.28,28.78,29.28,27.53,28.55,29.57,30.41,31.33,30.66,30.53,30.29,31.12,31.12
24,21,29.41,28.49,28.23,28.1,28.05,28.31,28.71,28.59,27.27,28.49,29.41,29.97,30.76,30.4,30.18,29.93,30.80,30.80
24,22,29.03,28.39,28.06,28,27.85,28.32,28.62,27.97,27.02,28.41,29.23,29.55,30.23,30.12,29.83,29.57,30.48,30.48
24,23,28.67,28.28,27.87,27.88,27.64,28.32,28.51,27.38,26.77,28.31,29.02,29.14,29.73,29.83,29.48,29.21,30.17,30.17
25,0,28.33,28.16,27.69,27.76,27.43,28.31,28.39,26.9,26.56,28.2,28.8,28.75,29.27,29.54,29.14,28.87,29.85,29.85
25,1,28.03,28.03,27.51,27.64,27.25,28.29,28.26,26.5,26.38,28.09,28.58,28.39,28.84,29.25,28.81,28.55,29.54,29.54
25,2,27.74,27.89,27.33,27.51,27.06,28.25,28.12,26.13,26.19,27.97,28.36,28.05,28.44,28.97,28.49,28.25,29.25,29.25
25,3,27.47,27.75,27.15,27.37,26.89,28.2,27.99,25.8,26.02,27.84,28.14,27.73,28.07,28.69,28.18,27.97,28.97,28.97
25,4,27.23,27.6,26.98,27.23,26.72,28.15,27.85,25.54,25.89,27.72,27.92,27.43,27.72,28.42,27.87,27.69,28.68,28.68
25,5,27.02,27.47,26.82,27.09,26.58,28.09,27.72,25.57,25.9,27.6,27.7,27.19,27.45,28.19,27.6,27.5,28.43,28.43
25,6,26.96,27.36,26.72,27,26.54,28.02,27.61,26.32,26.19,27.5,27.53,27.4,27.62,28.34,27.6,27.82,28.51,28.51
25,7,27.09,27.3,26.7,26.96,26.61,27.96,27.57,26.86,26.42,27.49,27.44,28.19,28.25,28.85,28.01,28.57,29.04,29.04
25,8,27.39,27.29,26.77,26.98,26.81,27.91,27.58,27.95,26.89,27.52,27.41,29.53,29.2,29.69,28.89,29.68,30.04,30.04
25,9,27.75,27.35,26.96,27.08,27.14,27.87,27.64,29.84,27.87,27.6,27.46,31,30.25,30.62,29.98,30.87,31.10,31.10
25,10,28.08,27.46,27.32,27.38,27.61,27.86,27.74,31.89,28.95,27.68,27.6,32.16,31.13,31.37,30.91,31.81,31.97,31.97
25,11,28.37,27.65,27.76,27.75,28.12,27.87,27.87,33.49,29.97,27.8,27.84,32.96,31.86,32,31.61,32.59,32.60,32.60
25,12,28.63,27.87,28.1,27.98,28.47,27.89,28.03,34.86,30.8,27.93,28.13,33.49,32.48,32.53,32.13,33.21,33.05,33.05
25,13,28.97,28.09,28.38,28.13,28.7,27.94,28.23,35.26,31.32,28.1,28.49,33.83,32.97,32.95,32.51,33.66,33.37,33.37
25,14,29.44,28.32,28.62,28.26,28.87,28,28.45,35.02,31.41,28.29,28.92,33.88,33.27,33.1,32.71,33.77,33.46,33.46
25,15,29.98,28.52,28.81,28.38,29,28.07,28.65,34.32,30.85,28.47,29.37,33.66,33.41,33.01,32.73,33.55,33.35,33.35
25,16,30.45,28.68,28.93,28.47,29.04,28.14,28.8,33.21,29.76,28.59,29.69,33.19,33.46,32.69,32.55,33.04,33.07,33.07
25,17,30.67,28.77,28.97,28.53,29,28.22,28.89,31.67,28.85,28.67,29.84,32.4,33.25,32.06,32.11,32.16,32.51,32.51
25,18,30.54,28.82,28.92,28.54,28.9,28.29,28.92,30.87,28.48,28.7,29.85,31.7,32.74,31.55,31.66,31.45,31.97,31.97
25,19,30.24,28.81,28.82,28.51,28.77,28.35,28.91,30.19,28.24,28.7,29.79,31.22,32.15,31.27,31.29,31.03,31.62,31.62
25,20,29.9,28.77,28.69,28.46,28.61,28.39,28.87,29.56,28.02,28.67,29.69,30.83,31.61,31.06,30.97,30.71,31.34,31.34
25,21,29.57,28.7,28.55,28.38,28.45,28.42,28.81,29,27.8,28.62,29.57,30.46,31.13,30.84,30.66,30.41,31.08,31.08
25,22,29.25,28.63,28.4,28.31,28.29,28.43,28.74,28.51,27.61,28.56,29.42,30.12,30.69,30.62,30.37,30.12,30.83,30.83
25,23,28.95,28.54,28.25,28.22,28.11,28.44,28.65,28.05,27.42,28.49,29.26,29.78,30.28,30.38,30.07,29.83,30.58,30.58
26,0,28.67,28.44,28.1,28.12,27.94,28.43,28.56,27.66,27.25,28.4,29.08,29.45,29.9,30.14,29.79,29.55,30.33,30.33
26,1,28.42,28.34,27.95,28.02,27.78,28.41,28.45,27.34,27.11,28.31,28.9,29.16,29.55,29.92,29.53,29.31,30.09,30.09
26,2,28.18,28.23,27.8,27.92,27.62,28.38,28.35,27.05,26.97,28.21,28.72,28.89,29.23,29.69,29.27,29.07,29.86,29.86
26,3,27.96,28.12,27.66,27.82,27.47,28.34,28.24,26.78,26.83,28.12,28.54,28.62,28.92,29.46,29.01,28.83,29.63,29.63
26,4,27.73,28,27.51,27.7,27.28,28.3,28.12,26.4,26.55,28,28.36,28.34,28.6,29.2,28.76,28.56,29.41,29.41
26,5,27.45,27.84,27.3,27.52,27.06,28.25,27.99,26.07,26.31,27.87,28.12,28.04,28.25,28.95,28.44,28.3,29.17,29.17
26,6,27.18,27.66,27.07,27.32,26.87,28.19,27.86,25.94,26.24,27.74,27.85,27.75,27.93,28.72,28.1,28.08,28.91,28.91
26,7,27,27.51,26.89,27.16,26.75,28.12,27.75,26.06,26.29,27.63,27.63,27.59,27.73,28.6,27.85,28.01,28.72,28.72
26,8,26.9,27.4,26.78,27.06,26.71,28.05,27.65,26.32,26.39,27.55,27.47,27.53,27.64,28.55,27.7,28.05,28.57,28.57
26,9,26.89,27.34,26.76,27.02,26.74,27.98,27.58,26.52,26.49,27.49,27.38,27.53,27.63,28.52,27.63,28.08,28.47,28.47
26,10,26.82,27.27,26.73,26.97,26.69,27.92,27.51,26.34,26.38,27.41,27.3,27.41,27.49,28.35,27.53,27.93,28.34,28.34
26,11,26.72,27.19,26.67,26.9,26.6,27.85,27.43,26.16,26.28,27.33,27.2,27.24,27.31,28.13,27.39,27.71,28.16,28.16
26,12,26.7,27.13,26.64,26.85,26.62,27.79,27.36,26.38,26.39,27.27,27.13,27.22,27.29,28.1,27.32,27.74,28.06,28.06
26,13,26.77,27.1,26.66,26.86,26.71,27.72,27.32,27.11,26.77,27.24,27.1,27.32,27.38,28.16,27.32,27.88,28.02,28.02
26,14,26.91,27.14,26.76,26.9,26.86,27.67,27.34,30.72,29.11,27.26,27.13,28.22,28.29,28.99,27.85,28.96,28.71,28.71
26,15,27.26,27.22,26.92,26.97,27.02,27.63,27.39,31.05,29.19,27.3,27.31,29.29,29.49,29.91,28.61,30.11,29.61,29.61
26,16,27.83,27.32,27.09,27.05,27.16,27.61,27.46,30.02,28.12,27.36,27.58,29.41,29.97,29.92,28.82,30.1,29.66,29.66
26,17,28.25,27.4,27.2,27.11,27.22,27.61,27.53,28.76,27.21,27.41,27.75,28.87,29.93,29.34,28.6,29.35,29.20,29.20
26,18,28.29,27.42,27.22,27.11,27.2,27.6,27.55,28.21,26.91,27.42,27.79,28.22,29.51,28.73,28.23,28.55,28.64,28.64
26,19,28.05,27.39,27.16,27.07,27.13,27.59,27.54,27.8,26.78,27.41,27.72,27.87,28.97,28.44,27.97,28.15,28.32,28.32
26,20,27.86,27.35,27.1,27.04,27.06,27.57,27.51,27.48,26.7,27.39,27.67,27.67,28.62,28.3,27.81,27.95,28.16,28.16
26,21,27.69,27.31,27.05,27.01,26.99,27.55,27.47,27.2,26.62,27.35,27.61,27.52,28.35,28.18,27.67,27.79,28.03,28.03
26,22,27.53,27.27,26.99,26.98,26.91,27.53,27.42,26.94,26.52,27.31,27.55,27.37,28.11,28.06,27.54,27.64,27.90,27.90
26,23,27.37,27.22,26.93,26.94,26.82,27.51,27.37,26.65,26.38,27.27,27.47,27.2,27.87,27.91,27.4,27.46,27.76,27.76
27,0,27.18,27.15,26.83,26.87,26.67,27.48,27.3,26.14,26.03,27.18,27.36,26.99,27.58,27.72,27.25,27.23,27.63,27.63
27,1,26.89,27.02,26.64,26.71,26.48,27.45,27.21,25.89,25.92,27.09,27.17,26.76,27.24,27.55,26.99,27.04,27.47,27.47
27,2,26.54,26.85,26.4,26.51,26.2,27.4,27.1,25.41,25.63,26.98,26.93,26.44,26.82,27.31,26.69,26.77,27.27,27.27
27,3,26.27,26.7,26.2,26.33,25.97,27.35,26.98,25.04,25.39,26.86,26.72,26.12,26.43,27.03,26.39,26.45,27.02,27.02
27,4,26.11,26.57,26.04,26.2,25.86,27.28,26.87,24.97,25.33,26.75,26.54,25.95,26.21,26.86,26.18,26.3,26.85,26.85
27,5,25.92,26.44,25.88,26.05,25.71,27.22,26.76,24.74,25.16,26.65,26.35,25.72,25.94,26.63,25.94,26.08,26.65,26.65
27,6,25.7,26.29,25.71,25.89,25.52,27.14,26.65,24.56,25.01,26.53,26.16,25.48,25.67,26.43,25.7,25.89,26.45,26.45
27,7,25.58,26.18,25.59,25.77,25.42,27.07,26.54,24.62,25.01,26.44,26.01,25.36,25.51,26.31,25.53,25.81,26.30,26.30
27,8,25.58,26.11,25.55,25.72,25.47,26.99,26.47,25.06,25.25,26.38,25.92,25.42,25.56,26.33,25.49,25.92,26.23,26.23
27,9,25.66,26.09,25.59,25.74,25.58,26.93,26.43,25.34,25.39,26.35,25.9,25.55,25.68,26.39,25.53,26.07,26.22,26.22
27,10,25.75,26.08,25.65,25.77,25.68,26.87,26.4,25.54,25.45,26.33,25.9,25.63,25.74,26.4,25.57,26.15,26.17,26.17
27,11,25.86,26.1,25.73,25.82,25.83,26.81,26.4,26.92,26.29,26.34,25.93,25.88,25.99,26.59,25.71,26.45,26.26,26.26
27,12,26.01,26.15,25.86,25.89,26,26.77,26.45,28.9,27.56,26.4,26,26.85,26.93,27.47,26.35,27.57,27.03,27.03
27,13,26.3,26.27,26.1,26.02,26.25,26.75,26.52,29.3,27.89,26.46,26.17,27.71,27.78,28.17,27.05,28.44,27.70,27.70
27,14,26.61,26.42,26.36,26.16,26.48,26.74,26.61,29.24,27.9,26.54,26.39,28.14,28.21,28.42,27.52,28.74,28.00,28.00
27,15,26.87,26.55,26.58,26.29,26.66,26.74,26.7,28.88,27.7,26.63,26.59,28.27,28.36,28.43,27.79,28.71,28.07,28.07
27,16,27.06,26.66,26.76,26.39,26.79,26.75,26.78,28.3,27.33,26.7,26.74,28.18,28.3,28.25,27.88,28.45,27.99,27.99
27,17,27.14,26.72,26.85,26.46,26.85,26.76,26.83,27.62,26.95,26.75,26.84,27.93,28.07,27.97,27.83,28.04,27.81,27.81
27,18,27.13,26.76,26.88,26.5,26.84,26.78,26.85,27.2,26.72,26.78,26.89,27.63,27.78,27.68,27.69,27.64,27.59,27.59
27,19,27.04,26.76,26.85,26.5,26.75,26.79,26.85,26.75,26.44,26.77,26.89,27.33,27.48,27.44,27.5,27.31,27.41,27.41
27,20,26.8,26.69,26.7,26.41,26.53,26.79,26.82,26.33,26.19,26.73,26.8,27.01,27.14,27.24,27.22,27.04,27.24,27.24
27,21,26.46,26.57,26.44,26.24,26.23,26.78,26.76,25.75,25.82,26.66,26.62,26.61,26.71,26.99,26.85,26.72,27.04,27.04
27,22,26.22,26.45,26.24,26.12,26.01,26.77,26.67,25.36,25.55,26.57,26.47,26.26,26.35,26.75,26.52,26.42,26.82,26.82
27,23,26.03,26.34,26.06,25.99,25.85,26.74,26.59,25.08,25.36,26.49,26.31,26.01,26.08,26.56,26.25,26.21,26.64,26.64
28,0,25.81,26.21,25.87,25.84,25.66,26.71,26.49,24.75,25.14,26.4,26.14,25.71,25.77,26.33,25.95,25.94,26.42,26.42
28,1,25.61,26.09,25.69,25.69,25.49,26.66,26.41,24.56,25.13,26.32,25.97,25.42,25.47,26.09,25.65,25.7,26.18,26.18
28,2,25.5,26,25.58,25.61,25.4,26.62,26.32,24.43,25.04,26.24,25.85,25.18,25.23,25.86,25.43,25.46,25.96,25.96
28,3,25.42,25.93,25.51,25.55,25.33,26.58,26.25,24.32,24.96,26.18,25.75,25.01,25.06,25.68,25.27,25.28,25.79,25.79
28,4,25.29,25.85,25.42,25.48,25.2,26.53,26.17,24.03,24.77,26.1,25.64,24.77,24.81,25.45,25.07,25.04,25.60,25.60
28,5,25.2,25.78,25.34,25.41,25.11,26.48,26.09,24.11,24.75,26.02,25.54,24.6,24.64,25.28,24.9,24.89,25.43,25.43
28,6,25.24,25.72,25.3,25.37,25.11,26.43,26.03,24.97,24.97,25.99,25.47,24.95,24.97,25.52,25.02,25.34,25.63,25.63
28,7,25.46,25.7,25.32,25.37,25.19,26.39,26.05,25.19,24.99,26.03,25.45,25.96,25.76,26.15,25.6,26.2,26.36,26.36
28,8,25.86,25.73,25.41,25.41,25.41,26.36,26.12,26.24,25.33,26.11,25.49,27.65,26.96,27.18,26.77,27.52,27.63,27.63
28,9,26.29,25.8,25.61,25.54,25.75,26.36,26.22,28.53,26.34,26.24,25.58,29.5,28.26,28.31,28.13,28.94,29.08,29.08
28,10,26.69,25.95,26.05,25.96,26.35,26.39,26.37,31.54,28.02,26.36,25.76,31.18,29.51,29.43,29.38,30.33,30.44,30.44
28,11,27.01,26.17,26.61,26.48,26.99,26.43,26.55,34.09,29.52,26.52,26.03,32.35,30.54,30.38,30.32,31.46,31.47,31.47
28,12,27.31,26.43,27.04,26.79,27.41,26.49,26.79,35.77,30.6,26.71,26.41,33.04,31.34,31.13,30.92,32.31,32.14,32.14
28,13,27.75,26.73,27.34,26.96,27.65,26.57,27.06,36.4,31.34,26.93,26.91,33.39,31.91,31.65,31.31,32.86,32.54,32.54
28,14,28.4,27.03,27.6,27.09,27.82,26.67,27.37,36.16,31.49,27.19,27.53,33.4,32.33,31.88,31.49,33.01,32.68,32.68
28,15,29.19,27.3,27.81,27.21,27.93,26.79,27.66,35.08,30.58,27.43,28.18,33.07,32.56,31.79,31.45,32.75,32.53,32.53
28,16,29.91,27.51,27.93,27.3,27.97,26.92,27.88,33.42,28.91,27.63,28.66,32.34,32.63,31.34,31.15,32.01,32.07,32.07
28,17,30.23,27.66,27.97,27.36,27.93,27.05,28.02,31.52,27.74,27.75,28.88,31.31,32.4,30.57,30.59,30.93,31.35,31.35
28,18,30.08,27.74,27.92,27.37,27.81,27.16,28.08,30.47,27.28,27.82,28.93,30.41,31.81,29.94,30.05,30.01,30.66,30.66
28,19,29.69,27.75,27.81,27.33,27.64,27.27,28.09,29.55,26.96,27.83,28.87,29.79,31.05,29.59,29.63,29.46,30.20,30.20
28,20,29.25,27.72,27.65,27.26,27.44,27.35,28.06,28.69,26.66,27.81,28.76,29.29,30.34,29.33,29.25,29.04,29.84,29.84
28,21,28.8,27.66,27.47,27.17,27.23,27.41,28,27.96,26.42,27.77,28.61,28.82,29.71,29.07,28.89,28.66,29.50,29.50
28,22,28.37,27.57,27.28,27.07,27.02,27.46,27.92,27.33,26.2,27.7,28.43,28.38,29.16,28.81,28.54,28.3,29.20,29.20
28,23,28.01,27.47,27.11,26.98,26.84,27.49,27.82,26.85,26.04,27.62,28.24,28.01,28.68,28.58,28.22,28,28.91,28.91
29,0,27.69,27.37,26.95,26.88,26.68,27.5,27.72,26.43,25.89,27.53,28.03,27.67,28.26,28.35,27.93,27.72,28.65,28.65
29,1,27.36,27.25,26.78,26.76,26.47,27.51,27.6,25.93,25.67,27.42,27.81,27.3,27.82,28.08,27.61,27.41,28.36,28.36
29,2,27.05,27.12,26.6,26.63,26.27,27.49,27.47,25.49,25.46,27.31,27.59,26.93,27.39,27.79,27.29,27.08,28.06,28.06
29,3,26.76,26.98,26.42,26.5,26.08,27.47,27.34,25.09,25.26,27.18,27.36,26.57,26.97,27.5,26.97,26.77,27.77,27.77
29,4,26.49,26.84,26.24,26.35,25.88,27.43,27.2,24.71,25.06,27.05,27.13,26.21,26.57,27.19,26.64,26.45,27.47,27.47
29,5,26.26,26.7,26.07,26.21,25.72,27.38,27.06,24.66,25.01,26.92,26.91,25.93,26.25,26.94,26.36,26.22,27.20,27.20
29,6,26.23,26.6,25.97,26.13,25.71,27.33,26.95,25.54,25.34,26.84,26.74,26.23,26.5,27.15,26.4,26.63,27.32,27.32
29,7,26.36,26.53,25.94,26.08,25.77,27.27,26.92,25.92,25.48,26.83,26.63,27.14,27.2,27.73,26.87,27.46,27.95,27.95
29,8,26.61,26.51,25.96,26.07,25.89,27.23,26.92,26.78,25.77,26.86,26.57,28.58,28.15,28.6,27.83,28.6,29.08,29.08
29,9,26.95,26.54,26.12,26.16,26.19,27.21,26.99,28.89,26.66,26.94,26.59,30.32,29.37,29.68,29.11,29.97,30.39,30.39
29,10,27.27,26.65,26.49,26.5,26.69,27.21,27.09,31.7,28.2,27.03,26.7,31.85,30.5,30.69,30.26,31.24,31.60,31.60
29,11,27.54,26.83,27.01,26.98,27.3,27.24,27.25,34.15,29.64,27.16,26.92,32.94,31.44,31.55,31.13,32.29,32.52,32.52
29,12,27.79,27.07,27.39,27.25,27.68,27.28,27.44,35.64,30.61,27.32,27.24,33.54,32.12,32.19,31.66,33.04,33.08,33.08
29,13,28.17,27.33,27.65,27.38,27.9,27.34,27.68,35.94,31.18,27.51,27.67,33.77,32.56,32.59,31.96,33.46,33.36,33.36
29,14,28.73,27.58,27.87,27.48,28.04,27.41,27.94,35.43,31.15,27.73,28.19,33.68,32.82,32.68,32.07,33.48,33.37,33.37
29,15,29.39,27.8,28.05,27.57,28.13,27.49,28.16,34.33,30.29,27.92,28.71,33.27,32.9,32.48,31.97,33.11,33.14,33.14
29,16,29.95,27.96,28.14,27.63,28.14,27.59,28.33,32.82,28.84,28.06,29.08,32.54,32.85,31.98,31.65,32.36,32.67,32.67
29,17,30.17,28.06,28.15,27.64,28.06,27.68,28.42,31.01,27.72,28.14,29.23,31.57,32.52,31.2,31.1,31.29,31.94,31.94
29,18,30,28.1,28.08,27.62,27.92,27.75,28.44,30.07,27.31,28.16,29.22,30.76,31.9,30.62,30.59,30.48,31.30,31.30
29,19,29.61,28.07,27.94,27.55,27.73,27.82,28.41,29.26,27.04,28.15,29.12,30.15,31.17,30.24,30.15,29.93,30.81,30.81
29,20,29.19,28.01,27.77,27.47,27.54,27.87,28.35,28.49,26.77,28.1,28.98,29.65,30.53,29.95,29.76,29.51,30.45,30.45
29,21,28.76,27.92,27.59,27.38,27.33,27.9,28.27,27.79,26.52,28.03,28.81,29.18,29.94,29.66,29.38,29.12,30.10,30.10
29,22,28.37,27.81,27.41,27.27,27.13,27.92,28.17,27.18,26.29,27.95,28.61,28.73,29.4,29.37,29.01,28.74,29.76,29.76
29,23,28.03,27.7,27.24,27.18,26.96,27.92,28.06,26.69,26.1,27.85,28.4,28.34,28.92,29.08,28.67,28.4,29.44,29.44
30,0,27.73,27.59,27.08,27.07,26.79,27.91,27.94,26.27,25.94,27.74,28.18,27.97,28.48,28.8,28.34,28.09,29.13,29.13
30,1,27.4,27.45,26.89,26.94,26.58,27.88,27.81,25.81,25.72,27.62,27.96,27.57,28.03,28.49,27.99,27.74,28.81,28.81
30,2,27.1,27.31,26.7,26.8,26.38,27.84,27.66,25.37,25.5,27.49,27.73,27.18,27.58,28.17,27.65,27.4,28.48,28.48
30,3,26.82,27.16,26.52,26.65,26.18,27.8,27.52,24.97,25.29,27.36,27.49,26.8,27.15,27.84,27.3,27.05,28.16,28.16
30,4,26.54,27,26.33,26.5,25.97,27.74,27.37,24.59,25.07,27.22,27.24,26.42,26.73,27.51,26.95,26.7,27.83,27.83
30,5,26.31,26.85,26.15,26.35,25.8,27.68,27.22,24.54,25.02,27.08,27.01,26.12,26.39,27.23,26.63,26.45,27.53,27.53
30,6,26.23,26.73,26.03,26.24,25.74,27.61,27.09,25.3,25.27,26.97,26.82,26.35,26.57,27.38,26.62,26.79,27.60,27.60
30,7,26.34,26.65,25.97,26.17,25.78,27.54,27.03,25.69,25.42,26.94,26.69,27.17,27.2,27.89,27.03,27.55,28.17,28.17
30,8,26.6,26.61,26.01,26.16,25.93,27.48,27.03,26.72,25.82,26.97,26.63,28.58,28.16,28.74,27.94,28.68,29.24,29.24
30,9,26.93,26.64,26.15,26.23,26.22,27.44,27.09,28.76,26.69,27.04,26.64,30.24,29.33,29.78,29.16,30,30.47,30.47
30,10,27.24,26.74,26.52,26.56,26.7,27.42,27.18,31.43,28.15,27.12,26.74,31.72,30.44,30.75,30.27,31.23,31.62,31.62
30,11,27.53,26.91,27.01,27.01,27.3,27.43,27.33,33.84,29.59,27.24,26.95,32.79,31.38,31.6,31.11,32.29,32.50,32.50
30,12,27.8,27.15,27.39,27.27,27.68,27.46,27.52,35.48,30.62,27.39,27.27,33.47,32.14,32.3,31.71,33.1,33.11,33.11
30,13,28.18,27.4,27.67,27.41,27.91,27.5,27.73,36.1,31.34,27.56,27.7,33.85,32.71,32.79,32.11,33.65,33.50,33.50
30,14,28.76,27.66,27.91,27.52,28.07,27.56,27.99,35.79,31.44,27.78,28.22,33.89,33.09,32.99,32.31,33.8,33.62,33.62
30,15,29.47,27.88,28.09,27.61,28.17,27.64,28.23,34.77,30.59,27.98,28.77,33.54,33.25,32.83,32.24,33.48,33.43,33.43
30,16,30.11,28.05,28.2,27.67,28.19,27.73,28.41,33.23,29.05,28.13,29.17,32.84,33.28,32.37,31.93,32.77,32.98,32.98
30,17,30.38,28.16,28.22,27.7,28.13,27.82,28.51,31.32,27.81,28.22,29.34,31.84,33,31.56,31.37,31.66,32.24,32.24
30,18,30.23,28.2,28.17,27.69,28.01,27.89,28.54,30.36,27.41,28.26,29.35,30.98,32.35,30.91,30.83,30.76,31.53,31.53
30,19,29.88,28.19,28.06,27.65,27.87,27.96,28.52,29.61,27.18,28.26,29.27,30.39,31.62,30.53,30.4,30.21,31.04,31.04
30,20,29.48,28.14,27.92,27.59,27.72,28,28.48,28.91,26.97,28.22,29.15,29.93,30.99,30.27,30.04,29.83,30.69,30.69
30,21,29.09,28.07,27.77,27.53,27.56,28.03,28.41,28.27,26.78,28.17,29,29.52,30.44,30.03,29.71,29.49,30.39,30.39
30,22,28.72,27.99,27.62,27.46,27.39,28.05,28.32,27.69,26.58,28.1,28.83,29.13,29.94,29.78,29.38,29.16,30.08,30.08
30,23,28.39,27.89,27.47,27.38,27.23,28.06,28.22,27.18,26.4,28.01,28.64,28.76,29.46,29.51,29.06,28.83,29.78,29.78
