Day,Hour,RDP02,RTA01,RTA02,RTU01,RKM02,RSL01,RST01,RKG01,RTM01,RTM02,RDP01,RKG02,RMK01,RKM01,RTA03,RTD01,RSL02,RKM03,RKM04
1,0,27.48,26.61,27.35,26.55,27.44,27.52,27.52,26.74,26.36,26.64,27.08,27.42,27.8,27.13,28.39,28.43,28.26,28.43,29.63
1,1,27.29,26.43,27.21,26.37,27.29,27.35,27.35,26.56,26.17,26.45,26.89,27.25,27.67,26.92,28.13,28.15,28,28.18,29.46
1,2,27.1,26.25,27.07,26.19,27.14,27.17,27.17,26.37,25.98,26.26,26.71,27.08,27.54,26.71,27.87,27.87,27.72,27.92,29.29
1,3,26.91,26.07,26.93,26.02,26.99,27,27,26.19,25.8,26.07,26.53,26.91,27.4,26.52,27.62,27.6,27.46,27.68,29.1
1,4,26.73,25.89,26.79,25.84,26.83,26.83,26.83,26.02,25.62,25.89,26.35,26.74,27.27,26.32,27.36,27.34,27.21,27.43,28.91
1,5,26.57,25.75,26.66,25.7,26.69,26.69,26.69,25.87,25.51,25.74,26.23,26.59,27.14,26.22,27.14,27.12,27.03,27.21,28.72
1,6,26.6,25.83,26.65,25.81,26.7,26.7,26.7,26.01,25.93,25.92,26.34,26.57,27.04,26.55,27.23,27.21,27.6,27.24,28.73
1,7,26.88,26.18,26.77,26.2,26.88,26.99,26.99,26.54,26.85,26.43,26.8,26.81,27,27.05,27.75,27.62,28.28,27.7,28.95
1,8,27.34,26.69,26.99,26.76,27.2,27.54,27.54,27.35,28.15,27.24,27.58,27.32,27.06,28.47,28.57,28.27,29.07,28.45,29.29
1,9,28.04,27.39,27.37,27.56,27.67,28.24,28.24,28.38,29.46,28.25,28.46,28,27.22,30.49,29.66,29.2,30.11,29.37,29.74
1,10,28.82,28.11,27.81,28.41,28.21,29.21,29.21,29.5,30.99,29.32,29.67,28.93,27.46,32.37,30.72,30.22,31.22,30.23,30.25
1,11,29.48,28.69,28.2,29.09,28.69,29.79,29.79,30.24,31.5,30.06,30.2,29.51,27.75,32.92,31.53,31.05,32.08,30.89,30.69
1,12,29.98,29.07,28.5,29.56,29.06,30.25,30.25,30.71,31.98,30.5,30.66,29.98,28.05,33.54,32.07,31.64,32.61,31.36,31.01
1,13,30.04,29.05,28.58,29.49,29.09,30.01,30.01,30.48,30.71,30.34,30,29.82,28.31,31.95,32.02,31.62,32.33,31.39,31.03
1,14,29.57,28.57,28.39,28.83,28.75,29.48,29.48,29.53,29.38,29.47,29.43,29.39,28.46,30.36,31.33,31.02,31.45,30.94,30.71
1,15,29.35,28.34,28.32,28.52,28.63,29.33,29.33,29.19,29.23,29.13,29.26,29.24,28.52,30.27,31,30.84,31.11,30.73,30.65
1,16,29.36,28.33,28.35,28.51,28.68,29.21,29.21,29.08,28.98,29.01,29.02,29.11,28.56,30.33,30.99,31.04,31.09,30.7,30.77
1,17,29.18,28.14,28.28,28.25,28.55,28.93,28.93,28.7,28.31,28.63,28.66,28.86,28.56,29.43,30.73,30.88,30.75,30.49,30.72
1,18,28.86,27.82,28.13,27.85,28.33,28.63,28.63,28.18,27.73,28.13,28.33,28.59,28.51,28.7,30.27,30.51,30.26,30.14,30.53
1,19,28.56,27.58,28,27.56,28.17,28.43,28.43,27.85,27.43,27.8,28.09,28.38,28.42,28.31,29.85,30.09,29.82,29.8,30.37
1,20,28.31,27.37,27.88,27.33,28.01,28.25,28.25,27.6,27.18,27.54,27.88,28.19,28.3,28.02,29.51,29.7,29.45,29.49,30.24
1,21,28.08,27.16,27.75,27.11,27.87,28.06,28.06,27.36,26.96,27.29,27.67,27.99,28.19,27.78,29.21,29.35,29.12,29.22,30.11
1,22,27.87,26.97,27.62,26.91,27.73,27.88,27.88,27.15,26.76,27.06,27.46,27.8,28.07,27.56,28.93,29.03,28.83,28.95,29.97
1,23,27.67,26.78,27.49,26.72,27.59,27.7,27.7,26.94,26.55,26.85,27.26,27.61,27.94,27.34,28.67,28.73,28.54,28.7,29.83
2,0,27.48,26.59,27.35,26.54,27.44,27.52,27.52,26.74,26.36,26.64,27.07,27.42,27.8,27.13,28.4,28.43,28.26,28.44,29.67
2,1,27.29,26.4,27.21,26.35,27.29,27.34,27.34,26.55,26.17,26.44,26.88,27.24,27.67,26.93,28.14,28.15,28,28.18,29.5
2,2,27.11,26.23,27.07,26.18,27.14,27.17,27.17,26.37,25.99,26.25,26.71,27.07,27.53,26.74,27.89,27.88,27.74,27.94,29.33
2,3,26.93,26.06,26.93,26.02,27,27,27,26.2,25.82,26.07,26.54,26.9,27.4,26.57,27.65,27.63,27.5,27.7,29.15
2,4,26.77,25.9,26.8,25.87,26.85,26.85,26.85,26.05,25.68,25.91,26.39,26.74,27.27,26.42,27.42,27.39,27.27,27.47,28.98
2,5,26.63,25.78,26.68,25.76,26.73,26.72,26.72,25.93,25.61,25.79,26.29,26.61,27.14,26.37,27.22,27.2,27.11,27.27,28.81
2,6,26.63,25.8,26.63,25.81,26.71,26.71,26.71,25.99,25.9,25.85,26.37,26.58,27.04,26.68,27.21,27.22,27.33,27.21,28.76
2,7,26.83,26.03,26.69,26.09,26.83,26.93,26.93,26.36,26.64,26.22,26.74,26.76,27.01,27.22,27.5,27.51,27.88,27.42,28.89
2,8,27.23,26.44,26.87,26.58,27.08,27.34,27.34,27.01,27.59,26.85,27.3,27.15,27.07,28.32,28.1,28.06,28.57,27.91,29.13
2,9,27.78,26.95,27.12,27.18,27.42,27.85,27.85,27.76,28.59,27.59,27.97,27.66,27.22,29.7,28.87,28.76,29.39,28.54,29.42
2,10,28.34,27.45,27.41,27.76,27.77,28.33,28.33,28.43,29.36,28.26,28.55,28.15,27.44,30.62,29.63,29.53,30.22,29.16,29.74
2,11,28.83,27.86,27.68,28.24,28.09,28.74,28.74,28.92,29.89,28.75,29.05,28.58,27.73,31.27,30.25,30.2,30.9,29.68,30.02
2,12,29.3,28.24,27.94,28.69,28.4,29.12,29.12,29.36,30.34,29.19,29.47,28.99,28.04,31.85,30.83,30.81,31.5,30.18,30.31
2,13,29.73,28.58,28.19,29.06,28.69,29.45,29.45,29.73,30.62,29.57,29.77,29.34,28.34,32.19,31.32,31.35,31.97,30.62,30.59
2,14,29.95,28.73,28.34,29.18,28.83,29.61,29.61,29.88,30.45,29.76,29.83,29.55,28.61,31.86,31.54,31.67,32.12,30.86,30.75
2,15,29.93,28.67,28.36,29.03,28.79,29.59,29.59,29.69,29.93,29.61,29.7,29.58,28.81,31.18,31.48,31.66,31.91,30.88,30.77
2,16,29.77,28.48,28.31,28.74,28.66,29.4,29.4,29.27,29.24,29.23,29.42,29.44,28.94,30.41,31.23,31.42,31.46,30.75,30.7
2,17,29.51,28.22,28.22,28.38,28.5,29.13,29.13,28.79,28.56,28.77,29.07,29.2,28.96,29.68,30.86,31.03,30.91,30.5,30.58
2,18,29.22,27.96,28.12,28.04,28.35,28.9,28.9,28.38,28.08,28.37,28.77,28.96,28.88,29.1,30.46,30.6,30.42,30.2,30.47
2,19,28.95,27.75,28.04,27.79,28.23,28.71,28.71,28.1,27.78,28.08,28.51,28.75,28.75,28.73,30.09,30.2,30.02,29.91,30.36
2,20,28.68,27.54,27.93,27.55,28.11,28.51,28.51,27.84,27.5,27.81,28.25,28.53,28.61,28.4,29.75,29.83,29.64,29.62,30.25
2,21,28.43,27.32,27.82,27.32,27.97,28.31,28.31,27.59,27.22,27.54,27.99,28.3,28.47,28.1,29.43,29.47,29.29,29.34,30.13
2,22,28.18,27.09,27.69,27.08,27.83,28.09,28.09,27.33,26.96,27.27,27.73,28.07,28.33,27.82,29.11,29.12,28.96,29.06,29.99
2,23,27.94,26.86,27.55,26.84,27.67,27.88,27.88,27.08,26.69,27,27.47,27.84,28.19,27.55,28.81,28.78,28.62,28.77,29.84
3,0,27.71,26.62,27.39,26.6,27.51,27.66,27.66,26.83,26.42,26.74,27.21,27.61,28.03,27.27,28.5,28.44,28.29,28.49,29.67
3,1,27.47,26.38,27.23,26.36,27.34,27.45,27.45,26.58,26.15,26.47,26.96,27.37,27.87,27.01,28.2,28.11,27.96,28.19,29.49
3,2,27.25,26.17,27.07,26.14,27.17,27.23,27.23,26.34,25.91,26.22,26.74,27.15,27.72,26.77,27.9,27.81,27.67,27.92,29.3
3,3,27.04,25.98,26.92,25.95,27.01,27.05,27.05,26.14,25.71,26,26.54,26.95,27.56,26.57,27.63,27.53,27.4,27.65,29.12
3,4,26.82,25.75,26.75,25.73,26.83,26.85,26.85,25.93,25.49,25.78,26.32,26.75,27.38,26.34,27.34,27.22,27.1,27.36,28.92
3,5,26.63,25.57,26.6,25.56,26.67,26.68,26.68,25.75,25.34,25.59,26.15,26.56,27.22,26.21,27.07,26.97,26.9,27.11,28.72
3,6,26.63,25.62,26.56,25.63,26.65,26.65,26.65,25.87,25.72,25.76,26.23,26.49,27.1,26.44,27.12,27.02,27.51,27.11,28.71
3,7,26.94,26.06,26.72,26.09,26.87,27.03,27.03,26.56,26.97,26.47,26.85,26.81,27.04,26.69,27.78,27.51,28.55,27.69,29.01
3,8,27.54,26.83,27.08,26.88,27.32,27.78,27.78,27.71,28.67,27.6,27.87,27.49,27.07,28.43,28.98,28.37,29.56,28.83,29.49
3,9,28.31,27.72,27.56,27.85,27.89,28.71,28.71,28.97,30.31,28.83,29.02,28.38,27.21,31.35,30.31,29.44,30.7,30.02,30.05
3,10,29.07,28.48,28.02,28.74,28.45,29.64,29.64,30.03,31.59,29.86,30.12,29.28,27.44,33.01,31.38,30.45,31.79,30.93,30.57
3,11,29.77,29.11,28.45,29.51,28.98,30.44,30.44,30.86,32.47,30.67,30.99,30.06,27.73,34.01,32.19,31.32,32.67,31.6,31.03
3,12,30.36,29.6,28.83,30.12,29.44,30.91,30.91,31.4,32.86,31.19,31.38,30.53,28.04,34.54,32.79,32.02,33.33,32.1,31.42
3,13,30.77,29.92,29.13,30.49,29.78,31.16,31.16,31.71,32.91,31.51,31.51,30.8,28.36,34.62,33.15,32.6,33.7,32.44,31.71
3,14,30.97,30.08,29.33,30.62,29.96,31.19,31.19,31.78,32.62,31.61,31.38,30.88,28.67,34.26,33.28,33.17,33.81,32.6,31.89
3,15,30.93,30.06,29.42,30.49,29.98,30.95,30.95,31.49,31.85,31.37,30.96,30.7,28.93,33.49,33.16,33.51,33.67,32.57,31.96
3,16,30.66,29.82,29.37,30.11,29.82,30.51,30.51,30.86,30.63,30.79,30.38,30.33,29.1,32.21,32.77,33.55,33.26,32.33,31.91
3,17,30.23,29.37,29.19,29.51,29.51,30.06,30.06,30.03,29.58,30,29.84,29.95,29.16,30.75,32.17,33.14,32.56,31.89,31.75
3,18,29.83,28.97,29.02,28.99,29.26,29.7,29.7,29.38,28.93,29.36,29.42,29.62,29.13,29.95,31.6,32.56,31.89,31.45,31.61
3,19,29.51,28.66,28.88,28.64,29.08,29.45,29.45,28.97,28.54,28.95,29.1,29.36,29.04,29.48,31.13,31.94,31.33,31.06,31.51
3,20,29.22,28.39,28.74,28.33,28.92,29.21,29.21,28.65,28.22,28.61,28.81,29.11,28.93,29.11,30.73,31.39,30.86,30.7,31.42
3,21,28.94,28.11,28.58,28.04,28.75,28.96,28.96,28.34,27.9,28.28,28.52,28.85,28.81,28.78,30.37,30.9,30.43,30.36,31.31
3,22,28.67,27.81,28.41,27.74,28.56,28.71,28.71,28.02,27.57,27.95,28.23,28.59,28.68,28.45,30.02,30.44,30.01,30.03,31.17
3,23,28.41,27.51,28.23,27.43,28.37,28.46,28.46,27.71,27.25,27.62,27.94,28.33,28.53,28.12,29.68,30,29.61,29.69,31.01
4,0,28.15,27.22,28.04,27.13,28.17,28.21,28.21,27.41,26.93,27.3,27.66,28.08,28.37,27.81,29.33,29.58,29.23,29.35,30.83
4,1,27.88,26.93,27.84,26.84,27.96,27.96,27.96,27.11,26.63,26.99,27.39,27.82,28.21,27.51,28.98,29.17,28.86,29.01,30.63
4,2,27.63,26.65,27.64,26.57,27.75,27.72,27.72,26.82,26.33,26.68,27.12,27.58,28.04,27.23,28.64,28.79,28.5,28.68,30.42
4,3,27.4,26.44,27.45,26.35,27.55,27.5,27.5,26.57,26.1,26.41,26.91,27.35,27.88,27.01,28.34,28.47,28.21,28.38,30.2
4,4,27.2,26.25,27.28,26.17,27.37,27.31,27.31,26.37,25.92,26.2,26.74,27.16,27.72,26.83,28.06,28.18,27.96,28.1,29.99
4,5,27.02,26.08,27.12,26,27.2,27.15,27.15,26.2,25.81,26.04,26.61,26.99,27.57,26.74,27.81,27.93,27.75,27.85,29.79
4,6,27.01,26.08,27.06,26.06,27.17,27.11,27.11,26.29,26.15,26.15,26.67,26.93,27.44,27.02,27.83,27.93,28.18,27.81,29.74
4,7,27.25,26.37,27.14,26.39,27.31,27.37,27.37,26.79,27.1,26.65,27.13,27.15,27.39,27.37,28.3,28.27,28.93,28.2,29.94
4,8,27.75,26.98,27.4,27.04,27.64,27.99,27.99,27.71,28.53,27.56,28,27.73,27.43,28.87,29.2,28.96,29.79,29.01,30.3
4,9,28.44,27.73,27.78,27.87,28.11,28.79,28.79,28.8,29.96,28.62,29,28.49,27.57,31.23,30.31,29.85,30.79,29.98,30.74
4,10,29.1,28.39,28.17,28.63,28.58,29.55,29.55,29.68,30.98,29.49,29.89,29.24,27.78,32.53,31.24,30.74,31.74,30.74,31.14
4,11,29.63,28.86,28.48,29.2,28.96,30.08,30.08,30.23,31.48,30.05,30.46,29.78,28.04,33.08,31.85,31.41,32.42,31.25,31.43
4,12,30.05,29.19,28.74,29.6,29.27,30.44,30.44,30.6,31.7,30.42,30.77,30.17,28.33,33.3,32.25,31.91,32.86,31.61,31.66
4,13,30.35,29.43,28.96,29.86,29.5,30.66,30.66,30.81,31.73,30.65,30.93,30.43,28.63,33.33,32.52,32.34,33.12,31.87,31.83
4,14,30.54,29.6,29.13,30.01,29.67,30.75,30.75,30.91,31.62,30.77,30.93,30.56,28.91,33.23,32.68,32.85,33.24,32.05,31.98
4,15,30.55,29.61,29.21,29.93,29.69,30.63,30.63,30.74,31.05,30.65,30.65,30.49,29.12,32.56,32.61,33.06,33.13,32.05,32.03
4,16,30.34,29.41,29.17,29.63,29.55,30.28,30.28,30.26,30.1,30.2,30.18,30.19,29.25,31.57,32.29,33.04,32.74,31.85,31.97
4,17,30,29.04,29.03,29.14,29.32,29.89,29.89,29.61,29.24,29.58,29.71,29.85,29.28,30.38,31.8,32.65,32.12,31.48,31.83
4,18,29.65,28.69,28.87,28.7,29.09,29.57,29.57,29.07,28.68,29.05,29.33,29.54,29.22,29.69,31.29,32.12,31.53,31.09,31.67
4,19,29.35,28.43,28.75,28.4,28.94,29.34,29.34,28.73,28.36,28.71,29.04,29.3,29.11,29.3,30.87,31.59,31.05,30.75,31.55
4,20,29.08,28.2,28.62,28.14,28.79,29.11,29.11,28.45,28.08,28.41,28.77,29.06,28.99,28.98,30.53,31.12,30.64,30.44,31.44
4,21,28.84,27.96,28.48,27.9,28.64,28.89,28.89,28.18,27.81,28.13,28.51,28.81,28.86,28.69,30.21,30.69,30.28,30.15,31.32
4,22,28.61,27.73,28.34,27.65,28.48,28.66,28.66,27.92,27.55,27.85,28.26,28.58,28.73,28.44,29.91,30.3,29.94,29.87,31.18
4,23,28.39,27.49,28.18,27.42,28.32,28.45,28.45,27.68,27.3,27.59,28.01,28.35,28.59,28.18,29.63,29.94,29.61,29.6,31.03
5,0,28.17,27.26,28.03,27.18,28.15,28.23,28.23,27.44,27.05,27.34,27.78,28.13,28.45,27.93,29.35,29.6,29.29,29.32,30.85
5,1,27.96,27.03,27.86,26.95,27.98,28.02,28.02,27.2,26.81,27.09,27.55,27.92,28.3,27.67,29.06,29.26,28.98,29.05,30.67
5,2,27.75,26.82,27.7,26.74,27.8,27.82,27.82,26.97,26.59,26.86,27.34,27.72,28.15,27.45,28.78,28.95,28.69,28.78,30.48
5,3,27.56,26.62,27.54,26.56,27.64,27.64,27.64,26.78,26.4,26.65,27.16,27.52,28,27.28,28.53,28.67,28.44,28.52,30.29
5,4,27.39,26.45,27.39,26.4,27.49,27.47,27.47,26.6,26.24,26.46,26.99,27.35,27.86,27.12,28.29,28.41,28.21,28.28,30.11
5,5,27.23,26.29,27.25,26.25,27.34,27.31,27.31,26.45,26.13,26.31,26.87,27.19,27.72,27.02,28.07,28.19,28.02,28.06,29.92
5,6,27.23,26.32,27.2,26.31,27.32,27.29,27.29,26.53,26.46,26.41,26.94,27.14,27.61,27.3,28.09,28.21,28.42,28.03,29.87
5,7,27.49,26.69,27.31,26.71,27.48,27.59,27.59,27.08,27.47,26.96,27.44,27.39,27.58,27.7,28.58,28.62,29.25,28.44,30.08
5,8,28,27.31,27.57,27.39,27.83,28.17,28.17,28,28.8,27.88,28.21,27.94,27.64,29.1,29.48,29.34,30.12,29.26,30.44
5,9,28.5,27.82,27.83,27.96,28.15,28.54,28.54,28.61,29.34,28.5,28.59,28.31,27.79,30.3,30.3,30.01,30.8,30,30.7
5,10,28.81,28.06,27.97,28.25,28.31,28.8,28.8,28.88,29.6,28.79,28.93,28.62,27.98,30.66,30.72,30.44,31.18,30.39,30.81
5,11,29.11,28.31,28.14,28.54,28.5,29.1,29.1,29.16,29.9,29.08,29.32,28.98,28.22,31.05,31.08,30.86,31.54,30.69,30.95
5,12,29.52,28.66,28.38,28.95,28.79,29.65,29.65,29.62,30.64,29.52,30.02,29.54,28.47,31.99,31.52,31.36,32.02,31.06,31.2
5,13,30.12,29.2,28.75,29.61,29.25,30.39,30.39,30.4,31.61,30.25,30.8,30.26,28.72,33.22,32.19,32.18,32.75,31.6,31.61
5,14,30.38,29.48,28.98,29.87,29.47,30.59,30.59,30.67,31.33,30.56,30.79,30.47,28.95,32.72,32.44,32.73,33.02,31.82,31.79
5,15,30.19,29.34,28.97,29.59,29.34,30.33,30.33,30.26,30.41,30.22,30.39,30.28,29.12,31.44,32.11,32.52,32.62,31.63,31.68
5,16,29.9,29.06,28.87,29.18,29.14,29.96,29.96,29.69,29.6,29.69,29.96,29.97,29.22,30.49,31.66,32.1,32,31.35,31.52
5,17,29.63,28.79,28.78,28.83,28.99,29.66,29.66,29.25,29.07,29.26,29.59,29.69,29.21,29.89,31.27,31.64,31.45,31.06,31.4
5,18,29.4,28.58,28.69,28.57,28.88,29.44,29.44,28.94,28.72,28.96,29.3,29.45,29.14,29.48,30.93,31.22,31.02,30.79,31.31
5,19,29.17,28.38,28.6,28.34,28.77,29.23,29.23,28.69,28.44,28.68,29.02,29.22,29.03,29.16,30.61,30.85,30.66,30.52,31.21
5,20,28.95,28.17,28.5,28.13,28.65,29.01,29.01,28.43,28.16,28.42,28.75,28.99,28.92,28.87,30.33,30.5,30.32,30.26,31.1
5,21,28.73,27.96,28.38,27.9,28.52,28.8,28.8,28.18,27.88,28.15,28.49,28.76,28.8,28.58,30.04,30.16,29.99,30,30.97
5,22,28.51,27.72,28.24,27.66,28.37,28.58,28.58,27.92,27.59,27.87,28.22,28.53,28.67,28.29,29.74,29.82,29.66,29.72,30.82
5,23,28.29,27.48,28.09,27.41,28.21,28.36,28.36,27.66,27.3,27.6,27.96,28.3,28.53,28,29.45,29.48,29.32,29.44,30.65
6,0,28.06,27.22,27.93,27.14,28.03,28.14,28.14,27.39,27.01,27.32,27.7,28.07,28.39,27.71,29.15,29.14,28.98,29.15,30.47
6,1,27.83,26.96,27.76,26.88,27.85,27.91,27.91,27.12,26.72,27.03,27.43,27.84,28.23,27.43,28.83,28.8,28.64,28.85,30.28
6,2,27.6,26.69,27.58,26.62,27.66,27.69,27.69,26.85,26.43,26.74,27.18,27.6,28.07,27.16,28.52,28.46,28.3,28.55,30.08
6,3,27.37,26.44,27.4,26.37,27.47,27.47,27.47,26.59,26.16,26.47,26.93,27.37,27.9,26.9,28.21,28.14,27.98,28.25,29.87
6,4,27.16,26.24,27.22,26.17,27.29,27.26,27.26,26.36,25.93,26.22,26.73,27.15,27.74,26.7,27.93,27.87,27.73,27.97,29.66
6,5,26.97,26.06,27.06,25.99,27.12,27.1,27.1,26.19,25.79,26.03,26.57,26.98,27.58,26.59,27.66,27.61,27.52,27.7,29.45
6,6,26.95,26.05,27,26.02,27.09,27.04,27.04,26.26,26.11,26.16,26.61,26.88,27.44,26.79,27.68,27.62,28.07,27.67,29.42
6,7,27.26,26.49,27.14,26.46,27.29,27.4,27.4,26.93,27.34,26.84,27.22,27.18,27.38,26.99,28.31,28.08,29.12,28.23,29.69
6,8,27.82,27.24,27.48,27.24,27.7,28.14,28.14,28.05,29.02,27.95,28.23,27.86,27.41,28.7,29.46,28.89,30.07,29.32,30.15
6,9,28.58,28.13,27.95,28.2,28.26,29.09,29.09,29.3,30.66,29.18,29.4,28.77,27.54,31.67,30.77,29.93,31.18,30.5,30.68
6,10,29.3,28.87,28.39,29.06,28.8,30.06,30.06,30.34,31.92,30.2,30.54,29.72,27.75,33.29,31.78,30.88,32.21,31.36,31.16
6,11,30,29.51,28.83,29.85,29.33,30.9,30.9,31.18,32.8,31,31.47,30.54,28.03,34.29,32.57,31.73,33.06,32.01,31.6
6,12,30.57,30,29.21,30.45,29.79,31.4,31.4,31.71,33.2,31.51,31.88,31.04,28.33,34.83,33.12,32.4,33.69,32.47,31.95
6,13,31,30.35,29.52,30.87,30.15,31.64,31.64,32.05,33.3,31.86,32.01,31.29,28.64,34.97,33.49,33.01,34.1,32.82,32.24
6,14,31.22,30.54,29.74,31.03,30.35,31.66,31.66,32.15,33.04,32,31.86,31.34,28.95,34.63,33.65,33.65,34.24,33,32.42
6,15,31.16,30.51,29.82,30.88,30.35,31.37,31.37,31.84,32.19,31.74,31.38,31.12,29.2,33.73,33.49,33.96,34.08,32.94,32.46
6,16,30.87,30.26,29.76,30.49,30.17,30.89,30.89,31.17,30.96,31.13,30.77,30.71,29.37,32.43,33.08,33.96,33.65,32.68,32.38
6,17,30.46,29.82,29.58,29.91,29.88,30.43,30.43,30.39,29.98,30.39,30.24,30.32,29.44,31.03,32.5,33.56,32.97,32.26,32.23
6,18,30.07,29.42,29.4,29.4,29.63,30.07,30.07,29.77,29.36,29.78,29.81,29.99,29.41,30.25,31.97,32.97,32.31,31.85,32.09
6,19,29.78,29.13,29.27,29.06,29.46,29.82,29.82,29.38,28.99,29.38,29.51,29.74,29.33,29.82,31.53,32.38,31.78,31.48,31.99
6,20,29.49,28.86,29.13,28.77,29.3,29.57,29.57,29.06,28.65,29.05,29.21,29.48,29.23,29.44,31.15,31.85,31.33,31.14,31.9
6,21,29.22,28.58,28.97,28.48,29.13,29.32,29.32,28.74,28.32,28.71,28.91,29.23,29.11,29.08,30.8,31.37,30.9,30.81,31.78
6,22,28.95,28.3,28.8,28.18,28.94,29.07,29.07,28.42,27.99,28.38,28.61,28.97,28.98,28.74,30.45,30.92,30.49,30.48,31.63
6,23,28.69,28,28.61,27.88,28.75,28.82,28.82,28.11,27.67,28.05,28.33,28.71,28.84,28.41,30.11,30.48,30.09,30.15,31.46
7,0,28.44,27.71,28.42,27.58,28.55,28.57,28.57,27.81,27.35,27.73,28.05,28.46,28.69,28.1,29.77,30.07,29.71,29.82,31.28
7,1,28.18,27.43,28.23,27.3,28.34,28.33,28.33,27.51,27.05,27.42,27.78,28.21,28.53,27.81,29.44,29.68,29.35,29.49,31.08
7,2,27.94,27.15,28.03,27.03,28.14,28.1,28.1,27.23,26.77,27.13,27.54,27.97,28.37,27.54,29.11,29.31,29.01,29.17,30.86
7,3,27.71,26.91,27.84,26.79,27.94,27.87,27.87,26.98,26.52,26.86,27.31,27.75,28.2,27.3,28.8,28.97,28.69,28.87,30.65
7,4,27.49,26.67,27.66,26.56,27.75,27.66,27.66,26.74,26.29,26.61,27.09,27.53,28.04,27.07,28.51,28.65,28.39,28.57,30.43
7,5,27.29,26.47,27.48,26.37,27.56,27.48,27.48,26.54,26.13,26.4,26.94,27.34,27.88,26.94,28.24,28.37,28.17,28.3,30.21
7,6,27.29,26.51,27.43,26.45,27.54,27.45,27.45,26.64,26.54,26.54,27.04,27.28,27.76,27.29,28.29,28.43,28.71,28.29,30.18
7,7,27.56,26.87,27.53,26.85,27.7,27.73,27.73,27.18,27.51,27.07,27.51,27.51,27.71,27.83,28.81,28.83,29.44,28.74,30.4
7,8,27.98,27.34,27.7,27.39,27.95,28.16,28.16,27.89,28.53,27.78,28.1,27.92,27.76,29.05,29.56,29.42,30.1,29.43,30.67
7,9,28.58,27.91,27.98,28.05,28.33,28.75,28.75,28.74,29.72,28.61,28.91,28.51,27.91,30.85,30.48,30.19,30.98,30.2,31.01
7,10,29.24,28.51,28.33,28.76,28.76,29.43,29.43,29.62,30.81,29.47,29.74,29.18,28.13,32.17,31.38,31.09,31.96,30.93,31.4
7,11,29.9,29.07,28.68,29.44,29.2,30.13,30.13,30.39,31.74,30.22,30.61,29.89,28.43,33.27,32.19,31.93,32.81,31.58,31.8
7,12,30.56,29.62,29.06,30.11,29.68,30.81,30.81,31.14,32.57,30.94,31.32,30.58,28.75,34.29,32.94,32.71,33.58,32.21,32.21
7,13,31,29.99,29.35,30.53,30.01,31.13,31.13,31.55,32.66,31.38,31.48,30.9,29.04,34.35,33.41,33.31,34.08,32.63,32.51
7,14,31.21,30.16,29.53,30.67,30.18,31.22,31.22,31.65,32.51,31.5,31.48,31.03,29.32,34.16,33.61,33.81,34.24,32.85,32.69
7,15,31.25,30.19,29.63,30.62,30.22,31.1,31.1,31.49,31.92,31.38,31.19,30.95,29.56,33.56,33.6,34.11,34.17,32.92,32.78
7,16,31.05,29.99,29.59,30.29,30.07,30.76,30.76,30.95,30.86,30.9,30.72,30.68,29.71,32.41,33.28,34.07,33.78,32.74,32.73
7,17,30.67,29.61,29.44,29.77,29.81,30.37,30.37,30.23,29.9,30.22,30.25,30.35,29.75,31.16,32.76,33.67,33.12,32.38,32.57
7,18,30.29,29.26,29.28,29.31,29.57,30.05,30.05,29.65,29.29,29.65,29.88,30.05,29.7,30.4,32.25,33.14,32.52,31.99,32.43
7,19,29.99,29.02,29.17,29.01,29.42,29.84,29.84,29.31,28.97,29.3,29.61,29.82,29.6,29.99,31.84,32.62,32.04,31.67,32.32
7,20,29.73,28.82,29.07,28.78,29.29,29.64,29.64,29.04,28.71,29.03,29.37,29.6,29.48,29.68,31.49,32.16,31.65,31.38,32.23
7,21,29.49,28.63,28.95,28.57,29.16,29.43,29.43,28.79,28.48,28.77,29.14,29.39,29.37,29.41,31.19,31.76,31.31,31.11,32.13
7,22,29.27,28.44,28.83,28.37,29.02,29.23,29.23,28.57,28.25,28.54,28.92,29.18,29.25,29.16,30.92,31.4,30.99,30.86,32.01
7,23,29.06,28.25,28.71,28.17,28.88,29.04,29.04,28.35,28.05,28.31,28.71,28.98,29.13,28.92,30.66,31.06,30.69,30.62,31.87
8,0,28.86,28.06,28.58,27.98,28.74,28.85,28.85,28.15,27.85,28.1,28.51,28.79,29.01,28.7,30.41,30.74,30.4,30.38,31.73
8,1,28.67,27.89,28.46,27.81,28.61,28.68,28.68,27.96,27.67,27.91,28.33,28.61,28.88,28.51,30.17,30.46,30.15,30.15,31.57
8,2,28.5,27.72,28.33,27.64,28.47,28.52,28.52,27.79,27.49,27.71,28.13,28.44,28.76,28.29,29.95,30.18,29.86,29.94,31.42
8,3,28.33,27.5,28.18,27.45,28.33,28.34,28.34,27.59,27.25,27.48,27.89,28.25,28.61,27.99,29.7,29.86,29.52,29.68,31.26
8,4,28.09,27.26,27.98,27.2,28.13,28.16,28.16,27.38,27.04,27.25,27.72,28.02,28.43,27.8,29.34,29.51,29.29,29.31,31.07
8,5,27.9,27.05,27.81,27,27.96,28,28,27.21,26.9,27.05,27.54,27.84,28.26,27.69,29.04,29.19,29,29,30.89
8,6,27.77,26.91,27.68,26.88,27.83,27.9,27.9,27.1,26.81,26.93,27.46,27.73,28.12,27.59,28.84,28.97,28.89,28.78,30.74
8,7,27.67,26.87,27.58,26.84,27.73,27.88,27.88,27.04,26.8,26.88,27.51,27.72,28.02,27.57,28.68,28.86,28.9,28.61,30.58
8,8,27.66,26.98,27.56,26.96,27.71,28,28,27.1,27.06,26.96,27.77,27.84,27.98,27.8,28.63,28.9,29.07,28.54,30.47
8,9,28.01,27.42,27.74,27.48,27.97,28.44,28.44,27.83,28.57,27.67,28.47,28.23,27.99,29.56,29.1,29.4,29.82,28.87,30.71
8,10,28.69,28.05,28.07,28.25,28.42,28.91,28.91,28.77,29.65,28.6,29.04,28.69,28.15,30.76,30,30.26,30.86,29.55,31.11
8,11,29.24,28.5,28.33,28.78,28.73,29.21,29.21,29.3,30.13,29.15,29.44,29.06,28.41,31.28,30.76,31.02,31.62,30.19,31.34
8,12,29.62,28.81,28.53,29.13,28.95,29.45,29.45,29.61,30.38,29.5,29.73,29.37,28.7,31.56,31.28,31.56,32.08,30.67,31.5
8,13,29.91,29.04,28.69,29.35,29.1,29.65,29.65,29.82,30.46,29.75,29.93,29.62,28.97,31.59,31.64,31.93,32.37,31.03,31.62
8,14,30.08,29.17,28.79,29.45,29.19,29.76,29.76,29.9,30.39,29.86,30.03,29.79,29.19,31.45,31.84,32.14,32.47,31.25,31.69
8,15,30.14,29.2,28.85,29.43,29.21,29.81,29.81,29.85,30.17,29.84,30.02,29.88,29.36,31.16,31.89,32.2,32.39,31.36,31.72
8,16,30.09,29.14,28.85,29.31,29.16,29.76,29.76,29.66,29.78,29.67,29.9,29.86,29.46,30.72,31.8,32.09,32.14,31.36,31.68
8,17,29.92,29,28.8,29.09,29.05,29.6,29.6,29.36,29.3,29.4,29.67,29.73,29.49,30.17,31.58,31.83,31.75,31.23,31.59
8,18,29.69,28.77,28.71,28.8,28.91,29.41,29.41,29,28.82,29.03,29.37,29.53,29.44,29.58,31.26,31.46,31.24,31,31.46
8,19,29.36,28.49,28.59,28.48,28.76,29.21,29.21,28.67,28.49,28.68,29.08,29.28,29.27,29.17,30.81,30.98,30.75,30.63,31.31
8,20,29.06,28.27,28.47,28.24,28.63,29.03,29.03,28.46,28.26,28.43,28.85,29.02,29.06,28.96,30.41,30.56,30.45,30.27,31.21
8,21,28.85,28.08,28.37,28.04,28.52,28.85,28.85,28.26,28.05,28.23,28.62,28.82,28.91,28.75,30.15,30.26,30.17,30.03,31.1
8,22,28.67,27.92,28.27,27.86,28.42,28.67,28.67,28.07,27.84,28.04,28.41,28.64,28.8,28.53,29.93,30,29.91,29.84,30.97
8,23,28.49,27.75,28.17,27.69,28.3,28.49,28.49,27.88,27.64,27.84,28.21,28.46,28.68,28.3,29.7,29.75,29.65,29.63,30.83
9,0,28.32,27.57,28.06,27.51,28.18,28.32,28.32,27.69,27.43,27.64,28.02,28.29,28.57,28.09,29.47,29.5,29.4,29.43,30.67
9,1,28.14,27.38,27.94,27.32,28.05,28.15,28.15,27.5,27.23,27.44,27.82,28.11,28.44,27.88,29.24,29.24,29.13,29.21,30.51
9,2,27.96,27.19,27.81,27.12,27.91,27.97,27.97,27.3,27.02,27.24,27.62,27.93,28.31,27.66,29.01,28.98,28.87,28.99,30.34
9,3,27.78,26.99,27.68,26.92,27.76,27.8,27.8,27.1,26.8,27.03,27.42,27.75,28.18,27.45,28.76,28.72,28.61,28.76,30.16
9,4,27.6,26.8,27.54,26.74,27.62,27.63,27.63,26.91,26.59,26.82,27.23,27.57,28.04,27.24,28.52,28.47,28.36,28.53,29.98
9,5,27.43,26.65,27.41,26.58,27.48,27.48,27.48,26.74,26.46,26.65,27.1,27.42,27.91,27.12,28.3,28.26,28.18,28.32,29.8
9,6,27.45,26.71,27.39,26.67,27.48,27.48,27.48,26.84,26.83,26.79,27.2,27.37,27.81,27.43,28.37,28.34,28.74,28.34,29.8
9,7,27.77,27.17,27.55,27.16,27.71,27.83,27.83,27.5,28,27.45,27.78,27.67,27.78,27.79,29,28.85,29.75,28.89,30.09
9,8,28.39,27.94,27.92,27.97,28.16,28.54,28.54,28.62,29.63,28.57,28.74,28.32,27.84,29.47,30.16,29.73,30.78,29.96,30.56
9,9,29.15,28.78,28.38,28.89,28.71,29.47,29.47,29.88,31.28,29.8,29.89,29.2,28,32.17,31.44,30.82,31.94,31.1,31.11
9,10,29.94,29.57,28.86,29.8,29.31,30.46,30.46,31.01,32.68,30.9,31.07,30.16,28.24,33.94,32.58,31.87,33.1,32.06,31.68
9,11,30.72,30.28,29.34,30.66,29.89,31.33,31.33,31.95,33.7,31.8,32.04,31.01,28.55,35.12,33.52,32.83,34.09,32.85,32.21
9,12,31.37,30.85,29.77,31.34,30.41,31.87,31.87,32.57,34.2,32.4,32.51,31.54,28.89,35.8,34.22,33.62,34.87,33.45,32.66
9,13,31.86,31.25,30.12,31.81,30.82,32.2,32.2,32.96,34.37,32.8,32.73,31.88,29.24,36.06,34.69,34.31,35.35,33.89,33.02
9,14,32.13,31.49,30.38,32.03,31.07,32.33,32.33,33.14,34.19,33.01,32.69,32.04,29.58,35.83,34.92,35.02,35.56,34.15,33.27
9,15,32.13,31.53,30.51,31.95,31.13,32.12,32.12,32.91,33.46,32.84,32.27,31.89,29.86,35.07,34.86,35.46,35.5,34.19,33.4
9,16,31.89,31.33,30.5,31.6,31,31.69,31.69,32.3,32.21,32.29,31.69,31.53,30.05,33.76,34.52,35.57,35.17,34,33.4
9,17,31.47,30.89,30.32,31.01,30.71,31.25,31.25,31.46,31.13,31.5,31.17,31.16,30.13,32.23,33.96,35.22,34.53,33.62,33.28
9,18,31.06,30.49,30.14,30.48,30.43,30.9,30.9,30.79,30.46,30.84,30.76,30.84,30.13,31.41,33.42,34.69,33.87,33.22,33.16
9,19,30.75,30.21,30.02,30.13,30.26,30.66,30.66,30.39,30.08,30.44,30.47,30.61,30.07,30.94,33,34.09,33.34,32.88,33.11
9,20,30.49,29.96,29.9,29.86,30.12,30.44,30.44,30.08,29.78,30.12,30.2,30.38,29.98,30.58,32.63,33.54,32.88,32.57,33.06
9,21,30.23,29.72,29.77,29.6,29.99,30.22,30.22,29.79,29.49,29.82,29.94,30.16,29.88,30.25,32.3,33.06,32.49,32.27,32.98
9,22,29.99,29.48,29.64,29.35,29.84,30,30,29.52,29.21,29.53,29.69,29.93,29.77,29.96,32,32.63,32.12,31.99,32.88
9,23,29.75,29.24,29.5,29.1,29.68,29.78,29.78,29.26,28.95,29.26,29.45,29.71,29.65,29.68,31.71,32.23,31.77,31.71,32.77
10,0,29.53,29.01,29.34,28.86,29.52,29.57,29.57,29,28.69,28.99,29.21,29.49,29.53,29.42,31.43,31.87,31.44,31.44,32.63
10,1,29.32,28.79,29.19,28.63,29.36,29.37,29.37,28.77,28.47,28.74,29.01,29.29,29.41,29.19,31.16,31.53,31.15,31.19,32.48
10,2,29.12,28.58,29.04,28.43,29.2,29.18,29.18,28.55,28.26,28.51,28.81,29.1,29.28,28.98,30.91,31.22,30.88,30.94,32.33
10,3,28.93,28.38,28.9,28.23,29.05,29,29,28.35,28.07,28.31,28.63,28.92,29.16,28.78,30.66,30.93,30.62,30.7,32.16
10,4,28.76,28.2,28.76,28.06,28.9,28.84,28.84,28.17,27.9,28.12,28.47,28.75,29.03,28.6,30.43,30.67,30.38,30.47,31.99
10,5,28.61,28.05,28.63,27.91,28.76,28.7,28.7,28.02,27.8,27.96,28.36,28.61,28.91,28.51,30.23,30.44,30.21,30.26,31.82
10,6,28.59,28.06,28.57,27.96,28.74,28.68,28.68,28.06,28.09,28.01,28.44,28.57,28.82,28.83,30.24,30.46,30.49,30.23,31.79
10,7,28.78,28.31,28.63,28.26,28.84,28.87,28.87,28.42,28.78,28.36,28.77,28.73,28.79,29.41,30.56,30.75,31,30.48,31.94
10,8,29.16,28.71,28.79,28.74,29.08,29.25,29.25,29.05,29.73,28.98,29.31,29.09,28.84,30.47,31.16,31.27,31.68,30.96,32.18
10,9,29.71,29.21,29.04,29.33,29.42,29.74,29.74,29.8,30.71,29.72,29.95,29.58,28.98,31.77,31.96,31.99,32.53,31.62,32.49
10,10,30.24,29.67,29.31,29.87,29.75,30.21,30.21,30.44,31.43,30.36,30.51,30.06,29.21,32.62,32.71,32.74,33.34,32.24,32.8
10,11,30.68,30.02,29.53,30.28,30.02,30.56,30.56,30.85,31.82,30.78,30.92,30.44,29.49,33.08,33.29,33.34,33.93,32.73,33.05
10,12,31.09,30.33,29.74,30.63,30.27,30.88,30.88,31.2,32.17,31.13,31.28,30.8,29.78,33.51,33.78,33.86,34.44,33.17,33.3
10,13,31.44,30.59,29.94,30.92,30.49,31.15,31.15,31.48,32.34,31.43,31.52,31.09,30.06,33.72,34.2,34.31,34.83,33.56,33.54
10,14,31.65,30.72,30.07,31.03,30.62,31.29,31.29,31.59,32.25,31.57,31.59,31.28,30.31,33.57,34.43,34.63,34.99,33.81,33.7
10,15,31.69,30.71,30.11,30.95,30.62,31.31,31.31,31.48,31.86,31.49,31.51,31.34,30.51,33.06,34.44,34.68,34.87,33.89,33.76
10,16,31.55,30.55,30.06,30.7,30.5,31.16,31.16,31.14,31.24,31.18,31.27,31.24,30.63,32.37,34.24,34.48,34.48,33.79,33.71
10,17,31.3,30.29,29.96,30.35,30.32,30.9,30.9,30.65,30.54,30.71,30.93,31.01,30.65,31.62,33.89,34.11,33.95,33.56,33.6
10,18,30.99,30.03,29.84,30,30.14,30.65,30.65,30.22,30.01,30.28,30.62,30.76,30.57,31,33.49,33.68,33.45,33.25,33.47
10,19,30.71,29.81,29.74,29.74,30.01,30.47,30.47,29.92,29.7,29.98,30.37,30.55,30.45,30.61,33.1,33.26,33.03,32.95,33.35
10,20,30.45,29.62,29.65,29.52,29.89,30.28,30.28,29.67,29.45,29.73,30.13,30.35,30.31,30.31,32.76,32.89,32.66,32.66,33.24
10,21,30.21,29.42,29.54,29.31,29.77,30.08,30.08,29.44,29.21,29.48,29.89,30.13,30.17,30.03,32.45,32.54,32.32,32.39,33.12
10,22,29.98,29.22,29.43,29.1,29.64,29.88,29.88,29.21,28.97,29.24,29.65,29.91,30.02,29.76,32.15,32.2,32,32.12,32.99
10,23,29.75,29.01,29.3,28.89,29.5,29.68,29.68,28.99,28.74,29.01,29.41,29.7,29.88,29.5,31.85,31.88,31.68,31.85,32.84
11,0,29.52,28.8,29.17,28.67,29.35,29.48,29.48,28.77,28.5,28.77,29.18,29.49,29.73,29.24,31.56,31.55,31.36,31.58,32.67
11,1,29.3,28.58,29.03,28.45,29.19,29.29,29.29,28.55,28.27,28.54,28.96,29.28,29.58,29,31.27,31.24,31.06,31.3,32.49
11,2,29.09,28.37,28.88,28.23,29.03,29.09,29.09,28.33,28.05,28.31,28.74,29.07,29.43,28.76,30.99,30.94,30.76,31.03,32.31
11,3,28.88,28.17,28.73,28.03,28.87,28.9,28.9,28.13,27.83,28.09,28.53,28.88,29.29,28.53,30.71,30.65,30.48,30.77,32.11
11,4,28.68,27.97,28.59,27.83,28.71,28.72,28.72,27.93,27.62,27.88,28.33,28.69,29.14,28.31,30.43,30.36,30.21,30.5,31.91
11,5,28.5,27.81,28.45,27.67,28.56,28.56,28.56,27.75,27.49,27.71,28.19,28.52,28.99,28.18,30.18,30.13,30.01,30.26,31.71
11,6,28.49,27.86,28.42,27.74,28.55,28.54,28.54,27.84,27.85,27.83,28.29,28.47,28.87,28.48,30.22,30.18,30.51,30.25,31.69
11,7,28.78,28.28,28.57,28.19,28.75,28.89,28.89,28.49,29.02,28.48,28.86,28.75,28.83,28.81,30.79,30.64,31.48,30.74,31.95
11,8,29.37,29.04,28.92,29,29.19,29.57,29.57,29.59,30.61,29.57,29.78,29.38,28.87,30.45,31.91,31.48,32.47,31.76,32.41
11,9,30.08,29.82,29.34,29.86,29.71,30.45,30.45,30.76,32.16,30.72,30.88,30.22,29.01,33.05,33.1,32.48,33.55,32.83,32.91
11,10,30.84,30.59,29.8,30.75,30.27,31.37,31.37,31.83,33.43,31.77,31.93,31.11,29.24,34.66,34.17,33.5,34.67,33.73,33.42
11,11,31.27,30.97,30.08,31.2,30.58,31.73,31.73,32.26,33.37,32.24,32.1,31.5,29.52,34.38,34.66,34.07,35.16,34.16,33.66
11,12,31.39,31.04,30.19,31.25,30.67,31.79,31.79,32.21,33.06,32.22,32.11,31.64,29.83,33.88,34.72,34.26,35.23,34.28,33.7
11,13,31.59,31.17,30.34,31.37,30.82,31.85,31.85,32.2,32.97,32.23,32.16,31.76,30.14,33.88,34.88,34.52,35.34,34.45,33.83
11,14,31.72,31.24,30.46,31.41,30.92,31.85,31.85,32.12,32.68,32.17,32.1,31.81,30.41,33.59,34.96,34.73,35.34,34.57,33.94
11,15,31.7,31.16,30.47,31.26,30.89,31.73,31.73,31.86,32.18,31.94,31.91,31.75,30.61,33.04,34.85,34.69,35.1,34.52,33.96
11,16,31.55,30.96,30.41,30.98,30.77,31.49,31.49,31.45,31.51,31.54,31.58,31.55,30.72,32.36,34.58,34.43,34.64,34.34,33.9
11,17,31.29,30.67,30.31,30.61,30.59,31.19,31.19,30.94,30.81,31.03,31.18,31.27,30.72,31.64,34.18,34.03,34.08,34.02,33.8
11,18,30.99,30.38,30.19,30.26,30.42,30.93,30.93,30.52,30.34,30.62,30.85,31,30.64,31.09,33.74,33.59,33.57,33.66,33.67
11,19,30.73,30.15,30.08,30,30.29,30.72,30.72,30.23,30.04,30.31,30.59,30.77,30.51,30.75,33.34,33.19,33.16,33.32,33.56
11,20,30.48,29.92,29.96,29.76,30.16,30.51,30.51,29.97,29.75,30.02,30.32,30.53,30.38,30.45,33,32.83,32.8,33,33.45
11,21,30.25,29.69,29.83,29.52,30.03,30.29,30.29,29.71,29.48,29.75,30.06,30.3,30.24,30.17,32.67,32.5,32.46,32.71,33.33
11,22,30.02,29.46,29.7,29.29,29.88,30.08,30.08,29.46,29.23,29.49,29.81,30.07,30.1,29.92,32.37,32.18,32.14,32.42,33.19
11,23,29.81,29.22,29.55,29.06,29.73,29.86,29.86,29.22,28.98,29.23,29.57,29.84,29.95,29.68,32.08,31.87,31.82,32.13,33.04
12,0,29.59,28.98,29.39,28.82,29.57,29.65,29.65,28.98,28.72,28.97,29.32,29.62,29.81,29.42,31.79,31.56,31.51,31.85,32.87
12,1,29.38,28.73,29.23,28.58,29.4,29.44,29.44,28.74,28.46,28.71,29.08,29.4,29.66,29.17,31.49,31.26,31.2,31.56,32.69
12,2,29.16,28.49,29.07,28.34,29.23,29.23,29.23,28.5,28.21,28.46,28.85,29.18,29.51,28.93,31.2,30.96,30.9,31.27,32.5
12,3,28.96,28.26,28.9,28.12,29.06,29.03,29.03,28.27,27.97,28.22,28.63,28.97,29.36,28.69,30.9,30.68,30.61,30.98,32.3
12,4,28.75,28.04,28.73,27.9,28.88,28.83,28.83,28.05,27.74,27.99,28.42,28.77,29.2,28.47,30.61,30.4,30.32,30.69,32.1
12,5,28.56,27.84,28.57,27.71,28.71,28.66,28.66,27.85,27.58,27.78,28.27,28.59,29.05,28.33,30.34,30.15,30.09,30.42,31.9
12,6,28.51,27.79,28.49,27.69,28.65,28.6,28.6,27.82,27.78,27.74,28.3,28.5,28.92,28.62,30.25,30.11,30.2,30.3,31.8
12,7,28.65,27.95,28.51,27.91,28.72,28.75,28.75,28.11,28.41,28.01,28.58,28.62,28.85,29.13,30.47,30.35,30.68,30.42,31.9
12,8,29.01,28.33,28.64,28.38,28.93,29.12,29.12,28.72,29.36,28.62,29.11,28.95,28.87,30.2,30.99,30.86,31.36,30.83,32.13
12,9,29.55,28.83,28.87,28.98,29.25,29.61,29.61,29.48,30.37,29.36,29.74,29.43,28.97,31.58,31.76,31.56,32.18,31.43,32.43
12,10,30.07,29.28,29.12,29.51,29.57,30.05,30.05,30.1,31.05,29.97,30.28,29.88,29.16,32.42,32.49,32.28,32.97,32.03,32.71
12,11,30.53,29.66,29.35,29.95,29.86,30.5,30.5,30.61,31.67,30.48,30.85,30.36,29.4,33.13,33.08,32.92,33.63,32.53,32.98
12,12,30.96,29.99,29.58,30.35,30.14,30.83,30.83,31.01,31.96,30.89,31.14,30.71,29.68,33.49,33.6,33.48,34.17,32.97,33.24
12,13,31.22,30.16,29.71,30.51,30.28,30.99,30.99,31.18,31.91,31.09,31.24,30.92,29.94,33.35,33.87,33.8,34.4,33.24,33.38
12,14,31.31,30.18,29.77,30.48,30.31,31.05,31.05,31.14,31.62,31.08,31.23,31.03,30.16,32.94,33.92,33.92,34.36,33.34,33.44
12,15,31.27,30.09,29.77,30.33,30.25,30.98,30.98,30.91,31.18,30.88,31.09,31,30.32,32.45,33.82,33.87,34.12,33.33,33.43
12,16,31.12,29.92,29.71,30.08,30.13,30.79,30.79,30.55,30.57,30.55,30.81,30.85,30.39,31.81,33.58,33.64,33.71,33.18,33.36
12,17,30.86,29.67,29.61,29.73,29.95,30.51,30.51,30.07,29.89,30.09,30.45,30.59,30.38,31.08,33.2,33.25,33.18,32.9,33.23
12,18,30.54,29.39,29.48,29.37,29.77,30.25,30.25,29.64,29.38,29.66,30.12,30.32,30.27,30.47,32.76,32.8,32.66,32.56,33.06
12,19,30.24,29.15,29.37,29.1,29.62,30.04,30.04,29.35,29.08,29.36,29.85,30.09,30.12,30.09,32.35,32.38,32.22,32.23,32.92
12,20,29.97,28.93,29.25,28.86,29.48,29.83,29.83,29.09,28.81,29.09,29.58,29.86,29.96,29.78,32,31.99,31.84,31.92,32.78
12,21,29.7,28.69,29.11,28.62,29.33,29.6,29.6,28.83,28.53,28.81,29.3,29.61,29.79,29.47,31.65,31.61,31.46,31.6,32.63
12,22,29.44,28.43,28.96,28.36,29.17,29.37,29.37,28.56,28.24,28.53,29.01,29.35,29.62,29.16,31.31,31.24,31.09,31.28,32.46
12,23,29.18,28.17,28.79,28.09,28.99,29.13,29.13,28.29,27.93,28.24,28.72,29.1,29.45,28.83,30.96,30.86,30.71,30.96,32.26
13,0,28.92,27.89,28.62,27.81,28.79,28.89,28.89,28.01,27.64,27.94,28.45,28.84,29.27,28.53,30.61,30.48,30.35,30.62,32.06
13,1,28.66,27.62,28.43,27.53,28.6,28.66,28.66,27.74,27.35,27.66,28.17,28.59,29.09,28.25,30.26,30.11,29.99,30.28,31.84
13,2,28.41,27.34,28.25,27.26,28.4,28.42,28.42,27.47,27.07,27.37,27.91,28.34,28.91,27.97,29.91,29.76,29.63,29.95,31.61
13,3,28.17,27.09,28.06,27.01,28.2,28.2,28.2,27.22,26.81,27.1,27.66,28.11,28.72,27.71,29.58,29.43,29.3,29.63,31.38
13,4,27.93,26.85,27.87,26.77,28,27.97,27.97,26.97,26.54,26.84,27.42,27.88,28.53,27.45,29.25,29.1,28.98,29.3,31.13
13,5,27.7,26.64,27.69,26.56,27.8,27.77,27.77,26.75,26.36,26.62,27.24,27.67,28.35,27.28,28.94,28.81,28.73,29,30.89
13,6,27.65,26.63,27.61,26.58,27.74,27.7,27.7,26.77,26.63,26.66,27.27,27.57,28.2,27.55,28.9,28.79,29.1,28.91,30.8
13,7,27.88,26.95,27.7,26.94,27.89,27.96,27.96,27.28,27.61,27.16,27.74,27.77,28.12,27.96,29.34,29.16,29.87,29.28,30.99
13,8,28.37,27.57,27.94,27.62,28.21,28.54,28.54,28.22,29.05,28.1,28.55,28.3,28.14,29.47,30.22,29.86,30.74,30.05,31.34
13,9,29.1,28.34,28.34,28.48,28.71,29.35,29.35,29.39,30.61,29.23,29.61,29.08,28.26,31.9,31.38,30.82,31.81,31.05,31.8
13,10,29.84,29.07,28.77,29.33,29.24,30.21,30.21,30.42,31.87,30.25,30.63,29.91,28.46,33.46,32.43,31.83,32.9,31.91,32.27
13,11,30.45,29.62,29.13,29.99,29.68,30.81,30.81,31.1,32.49,30.91,31.26,30.51,28.72,34.17,33.16,32.61,33.69,32.52,32.63
13,12,30.92,30,29.41,30.45,30.03,31.2,31.2,31.51,32.79,31.33,31.6,30.91,29.01,34.53,33.64,33.19,34.23,32.94,32.9
13,13,31.25,30.25,29.64,30.74,30.28,31.44,31.44,31.78,32.78,31.61,31.72,31.19,29.3,34.49,33.95,33.65,34.54,33.24,33.11
13,14,31.37,30.35,29.78,30.78,30.38,31.49,31.49,31.76,32.44,31.65,31.65,31.29,29.59,34.01,34.02,33.99,34.56,33.36,33.2
13,15,31.29,30.27,29.8,30.59,30.33,31.28,31.28,31.42,31.7,31.35,31.33,31.16,29.81,33.16,33.84,34.02,34.31,33.3,33.19
13,16,31.04,30.01,29.72,30.21,30.15,30.93,30.93,30.84,30.75,30.81,30.88,30.87,29.95,32.09,33.45,33.77,33.77,33.05,33.08
13,17,30.7,29.66,29.59,29.74,29.92,30.55,30.55,30.21,29.92,30.2,30.41,30.54,29.98,31.13,32.96,33.31,33.12,32.68,32.93
13,18,30.36,29.33,29.44,29.32,29.71,30.23,30.23,29.69,29.34,29.69,30.02,30.22,29.91,30.44,32.47,32.78,32.51,32.29,32.77
13,19,30.05,29.06,29.31,29.01,29.55,29.99,29.99,29.34,28.99,29.34,29.71,29.96,29.78,30.02,32.02,32.28,32.02,31.92,32.63
13,20,29.76,28.79,29.18,28.73,29.39,29.74,29.74,29.03,28.66,29.01,29.4,29.7,29.64,29.65,31.63,31.82,31.58,31.57,32.49
13,21,29.47,28.52,29.02,28.44,29.21,29.48,29.48,28.72,28.32,28.68,29.08,29.42,29.49,29.28,31.26,31.38,31.16,31.23,32.33
13,22,29.19,28.23,28.84,28.14,29.02,29.22,29.22,28.4,27.99,28.35,28.77,29.15,29.33,28.93,30.88,30.95,30.75,30.88,32.15
13,23,28.91,27.93,28.66,27.84,28.83,28.96,28.96,28.1,27.67,28.03,28.47,28.87,29.16,28.61,30.52,30.54,30.35,30.54,31.95
14,0,28.65,27.64,28.46,27.54,28.62,28.7,28.7,27.8,27.36,27.71,28.18,28.61,28.99,28.31,30.17,30.15,29.97,30.2,31.74
14,1,28.38,27.34,28.26,27.25,28.41,28.45,28.45,27.5,27.05,27.4,27.89,28.34,28.8,27.99,29.81,29.76,29.58,29.85,31.52
14,2,28.12,27.05,28.06,26.96,28.2,28.19,28.19,27.21,26.74,27.08,27.61,28.08,28.61,27.69,29.46,29.38,29.21,29.51,31.28
14,3,27.86,26.77,27.85,26.69,27.98,27.95,27.95,26.93,26.45,26.78,27.34,27.82,28.42,27.4,29.11,29.02,28.85,29.16,31.04
14,4,27.63,26.55,27.66,26.47,27.78,27.72,27.72,26.68,26.22,26.52,27.13,27.58,28.24,27.18,28.79,28.72,28.57,28.84,30.8
14,5,27.42,26.35,27.47,26.28,27.58,27.54,27.54,26.49,26.07,26.32,26.96,27.39,28.06,27.06,28.49,28.43,28.34,28.54,30.57
14,6,27.38,26.32,27.39,26.28,27.53,27.45,27.45,26.54,26.38,26.42,26.97,27.27,27.9,27.28,28.48,28.41,28.84,28.47,30.5
14,7,27.65,26.71,27.5,26.69,27.69,27.74,27.74,27.13,27.48,27.01,27.49,27.51,27.82,27.55,29.03,28.82,29.75,28.96,30.73
14,8,28.12,27.33,27.74,27.36,28.01,28.32,28.32,28.07,28.86,27.95,28.28,28.04,27.83,29.03,29.98,29.52,30.55,29.85,31.09
14,9,28.79,28.04,28.1,28.15,28.47,29.09,29.09,29.13,30.3,28.98,29.28,28.77,27.95,31.51,31.1,30.4,31.5,30.85,31.51
14,10,29.55,28.78,28.53,29.02,29,29.98,29.98,30.19,31.64,30.01,30.35,29.64,28.16,33.23,32.16,31.42,32.6,31.71,31.99
14,11,30.2,29.35,28.91,29.72,29.47,30.64,30.64,30.91,32.35,30.71,31.07,30.3,28.41,34.08,32.92,32.24,33.42,32.32,32.38
14,12,30.66,29.71,29.19,30.16,29.81,30.98,30.98,31.32,32.53,31.12,31.29,30.65,28.69,34.28,33.38,32.8,33.94,32.71,32.65
14,13,30.95,29.91,29.39,30.39,30.02,31.17,31.17,31.52,32.47,31.34,31.38,30.87,28.98,34.15,33.62,33.21,34.18,32.95,32.82
14,14,31.08,30,29.52,30.44,30.13,31.18,31.18,31.5,32.15,31.36,31.27,30.94,29.26,33.76,33.71,33.56,34.24,33.08,32.93
14,15,31.01,29.89,29.53,30.24,30.07,30.96,30.96,31.15,31.38,31.05,30.92,30.79,29.49,32.89,33.55,33.57,33.96,33.01,32.93
14,16,30.74,29.57,29.42,29.8,29.86,30.59,30.59,30.52,30.37,30.46,30.46,30.5,29.63,31.75,33.12,33.25,33.36,32.72,32.79
14,17,30.39,29.2,29.27,29.3,29.61,30.19,30.19,29.84,29.48,29.8,29.97,30.15,29.66,30.77,32.59,32.75,32.66,32.32,32.62
14,18,30.04,28.86,29.12,28.87,29.39,29.87,29.87,29.29,28.88,29.26,29.59,29.83,29.58,30.07,32.07,32.22,32.06,31.91,32.44
14,19,29.73,28.6,28.99,28.57,29.23,29.63,29.63,28.95,28.55,28.91,29.32,29.58,29.47,29.68,31.63,31.76,31.59,31.54,32.29
14,20,29.46,28.36,28.85,28.32,29.08,29.41,29.41,28.66,28.27,28.61,29.05,29.34,29.33,29.38,31.26,31.35,31.2,31.21,32.15
14,21,29.2,28.13,28.71,28.08,28.92,29.17,29.17,28.38,27.99,28.32,28.78,29.1,29.2,29.07,30.93,30.97,30.83,30.89,32
14,22,28.95,27.9,28.56,27.83,28.75,28.94,28.94,28.12,27.72,28.04,28.52,28.86,29.06,28.77,30.6,30.6,30.47,30.59,31.82
14,23,28.71,27.66,28.4,27.59,28.57,28.72,28.72,27.86,27.46,27.78,28.27,28.62,28.92,28.49,30.28,30.25,30.12,30.28,31.64
15,0,28.48,27.43,28.24,27.36,28.4,28.5,28.5,27.62,27.23,27.52,28.04,28.4,28.77,28.25,29.98,29.93,29.8,29.99,31.45
15,1,28.27,27.2,28.08,27.14,28.23,28.29,28.29,27.38,26.96,27.26,27.77,28.19,28.61,27.95,29.69,29.61,29.44,29.71,31.25
15,2,28.04,26.93,27.88,26.89,28.04,28.06,28.06,27.12,26.67,26.97,27.51,27.93,28.43,27.58,29.36,29.27,29.1,29.37,31.06
15,3,27.77,26.67,27.66,26.63,27.81,27.86,27.86,26.89,26.49,26.72,27.33,27.68,28.22,27.5,28.96,28.9,28.84,28.95,30.85
15,4,27.57,26.49,27.48,26.44,27.63,27.66,27.66,26.71,26.33,26.52,27.14,27.48,28.05,27.37,28.67,28.61,28.57,28.66,30.64
15,5,27.4,26.35,27.35,26.31,27.48,27.5,27.5,26.55,26.22,26.38,27.02,27.33,27.91,27.25,28.44,28.4,28.37,28.43,30.42
15,6,27.36,26.34,27.28,26.33,27.42,27.44,27.44,26.55,26.42,26.37,27.05,27.27,27.8,27.51,28.38,28.37,28.44,28.34,30.3
15,7,27.47,26.46,27.28,26.5,27.46,27.5,27.5,26.72,26.79,26.55,27.2,27.32,27.74,27.88,28.5,28.51,28.69,28.39,30.3
15,8,27.66,26.67,27.33,26.77,27.54,27.68,27.68,27.04,27.36,26.87,27.52,27.5,27.74,28.53,28.75,28.79,29.08,28.57,30.36
15,9,27.78,26.76,27.35,26.88,27.56,27.92,27.92,27.19,27.02,27.02,27.66,27.82,27.8,28.08,28.88,28.94,29.16,28.68,30.3
15,10,27.54,26.58,27.21,26.63,27.34,27.9,27.9,26.89,26.69,26.76,27.65,27.85,27.83,27.42,28.52,28.67,28.79,28.4,29.92
15,11,27.65,26.75,27.26,26.83,27.45,28.01,28.01,27.18,27.56,27.02,27.93,27.87,27.78,28.56,28.61,28.81,29.12,28.42,30.03
15,12,28.03,27.1,27.43,27.29,27.71,28.23,28.23,27.72,28.28,27.54,28.22,28.07,27.83,29.48,29.09,29.26,29.7,28.75,30.28
15,13,28.47,27.46,27.63,27.73,27.96,28.46,28.46,28.18,28.8,28.01,28.54,28.33,27.97,30.09,29.66,29.82,30.3,29.2,30.48
15,14,28.89,27.81,27.84,28.14,28.23,28.77,28.77,28.65,29.29,28.48,28.9,28.66,28.16,30.72,30.22,30.54,30.83,29.67,30.68
15,15,29,27.92,27.92,28.21,28.26,28.91,28.91,28.72,29.15,28.6,28.97,28.87,28.34,30.58,30.32,31.09,30.91,29.81,30.67
15,16,29.18,28.14,28.06,28.42,28.41,28.85,28.85,28.86,28.86,28.74,28.73,28.8,28.44,30.64,30.55,31.68,31.21,30.01,30.83
15,17,28.97,27.99,28.01,28.16,28.24,28.63,28.63,28.48,28.13,28.41,28.47,28.64,28.48,29.25,30.28,31.65,30.9,29.84,30.71
15,18,28.63,27.7,27.87,27.77,28.02,28.39,28.39,27.99,27.61,27.96,28.21,28.44,28.45,28.39,29.81,31.31,30.37,29.5,30.49
15,19,28.34,27.49,27.77,27.49,27.87,28.22,28.22,27.69,27.34,27.67,28.01,28.28,28.36,27.99,29.43,30.8,29.89,29.24,30.33
15,20,28.1,27.31,27.68,27.29,27.74,28.07,28.07,27.47,27.14,27.45,27.82,28.12,28.26,27.72,29.14,30.33,29.51,29.01,30.21
15,21,27.9,27.14,27.59,27.1,27.63,27.91,27.91,27.26,26.94,27.25,27.63,27.95,28.15,27.5,28.89,29.92,29.18,28.79,30.1
15,22,27.71,26.97,27.49,26.92,27.52,27.75,27.75,27.07,26.74,27.04,27.43,27.77,28.03,27.28,28.65,29.54,28.87,28.57,29.97
15,23,27.52,26.79,27.37,26.73,27.39,27.57,27.57,26.87,26.52,26.83,27.22,27.58,27.91,27.04,28.39,29.16,28.56,28.34,29.83
16,0,27.32,26.59,27.25,26.53,27.26,27.4,27.4,26.67,26.31,26.62,27.02,27.4,27.78,26.83,28.14,28.8,28.25,28.11,29.68
16,1,27.14,26.39,27.12,26.33,27.12,27.22,27.22,26.47,26.11,26.41,26.82,27.21,27.64,26.64,27.9,28.46,27.95,27.87,29.51
16,2,26.95,26.2,26.98,26.14,26.98,27.05,27.05,26.28,25.91,26.2,26.62,27.02,27.5,26.45,27.65,28.13,27.67,27.64,29.34
16,3,26.77,26,26.84,25.95,26.84,26.87,26.87,26.09,25.71,26,26.42,26.83,27.35,26.26,27.41,27.82,27.4,27.4,29.16
16,4,26.59,25.81,26.69,25.76,26.69,26.7,26.7,25.91,25.51,25.8,26.23,26.65,27.21,26.08,27.15,27.51,27.12,27.15,28.97
16,5,26.43,25.64,26.56,25.6,26.55,26.55,26.55,25.75,25.39,25.62,26.1,26.49,27.06,25.98,26.92,27.24,26.91,26.92,28.78
16,6,26.39,25.62,26.49,25.61,26.51,26.52,26.52,25.75,25.62,25.62,26.15,26.42,26.94,26.31,26.86,27.18,27.02,26.84,28.69
16,7,26.56,25.78,26.53,25.83,26.6,26.69,26.69,26.05,26.23,25.9,26.43,26.55,26.89,26.87,27.09,27.39,27.46,26.98,28.79
16,8,26.9,26.1,26.65,26.24,26.81,27.04,27.04,26.6,27.1,26.43,26.92,26.87,26.92,27.87,27.57,27.82,28.08,27.34,28.99
16,9,27.39,26.51,26.86,26.74,27.1,27.44,27.44,27.24,27.92,27.05,27.45,27.26,27.03,29.02,28.24,28.42,28.8,27.88,29.25
16,10,27.94,26.98,27.12,27.29,27.44,27.93,27.93,27.89,28.79,27.7,28.1,27.75,27.22,30.09,28.99,29.12,29.62,28.49,29.54
16,11,28.53,27.48,27.42,27.88,27.82,28.51,28.51,28.61,29.64,28.39,28.8,28.33,27.47,31.09,29.75,29.89,30.44,29.11,29.89
16,12,29,27.85,27.68,28.32,28.14,28.86,28.86,29.07,29.98,28.86,29.11,28.7,27.75,31.49,30.34,30.48,31.06,29.62,30.18
16,13,29.36,28.11,27.88,28.61,28.37,29.13,29.13,29.37,30.21,29.17,29.37,28.99,28.02,31.8,30.76,30.95,31.45,30,30.4
16,14,29.6,28.27,28.02,28.76,28.53,29.28,29.28,29.52,30.09,29.35,29.41,29.17,28.27,31.62,31.02,31.32,31.64,30.27,30.57
16,15,29.59,28.22,28.05,28.63,28.5,29.25,29.25,29.35,29.57,29.22,29.26,29.2,28.47,30.92,30.96,31.35,31.48,30.3,30.59
16,16,29.41,27.99,27.98,28.3,28.35,29.03,29.03,28.9,28.79,28.81,28.94,29.03,28.59,30.05,30.68,31.1,31.02,30.16,30.5
16,17,29.11,27.71,27.87,27.89,28.15,28.73,28.73,28.35,28.01,28.28,28.55,28.76,28.6,29.18,30.27,30.66,30.41,29.87,30.34
16,18,28.79,27.42,27.75,27.52,27.97,28.46,28.46,27.87,27.45,27.82,28.22,28.5,28.52,28.51,29.81,30.18,29.87,29.54,30.17
16,19,28.47,27.18,27.64,27.23,27.82,28.26,28.26,27.55,27.12,27.49,27.95,28.27,28.38,28.09,29.39,29.72,29.41,29.21,30.01
16,20,28.18,26.95,27.52,26.98,27.67,28.05,28.05,27.27,26.83,27.2,27.69,28.04,28.24,27.76,29.03,29.3,29,28.9,29.87
16,21,27.91,26.72,27.39,26.73,27.52,27.83,27.83,26.99,26.55,26.92,27.42,27.81,28.09,27.46,28.69,28.9,28.62,28.6,29.72
16,22,27.65,26.49,27.25,26.49,27.36,27.61,27.61,26.73,26.27,26.64,27.15,27.56,27.95,27.17,28.36,28.52,28.26,28.31,29.55
16,23,27.4,26.26,27.09,26.24,27.19,27.38,27.38,26.47,26,26.36,26.89,27.32,27.79,26.88,28.04,28.15,27.91,28.01,29.37
17,0,27.17,26.07,26.94,26.04,27.02,27.17,27.17,26.23,25.76,26.11,26.67,27.1,27.64,26.64,27.74,27.83,27.61,27.74,29.18
17,1,26.95,25.89,26.8,25.86,26.86,26.98,26.98,26.03,25.57,25.9,26.47,26.9,27.48,26.43,27.46,27.53,27.33,27.47,28.99
17,2,26.73,25.67,26.64,25.64,26.69,26.79,26.79,25.82,25.35,25.68,26.24,26.7,27.31,26.19,27.16,27.21,27.01,27.19,28.78
17,3,26.51,25.45,26.49,25.42,26.52,26.59,26.59,25.61,25.13,25.46,26.02,26.5,27.15,25.94,26.87,26.89,26.7,26.91,28.57
17,4,26.29,25.24,26.32,25.21,26.34,26.39,26.39,25.4,24.9,25.24,25.81,26.29,26.97,25.71,26.57,26.57,26.38,26.62,28.35
17,5,26.1,25.07,26.18,25.04,26.18,26.22,26.22,25.22,24.77,25.06,25.66,26.11,26.82,25.58,26.31,26.31,26.17,26.36,28.13
17,6,26.09,25.12,26.14,25.12,26.17,26.2,26.2,25.32,25.15,25.19,25.75,26.06,26.69,25.9,26.33,26.36,26.65,26.34,28.08
17,7,26.38,25.49,26.26,25.54,26.36,26.53,26.53,25.92,26.22,25.78,26.28,26.33,26.63,26.36,26.87,26.78,27.5,26.79,28.32
17,8,26.9,26.12,26.54,26.21,26.72,27.16,27.16,26.89,27.7,26.75,27.17,26.92,26.68,27.91,27.83,27.54,28.43,27.66,28.72
17,9,27.65,26.9,26.96,27.08,27.24,27.93,27.93,28.01,29.12,27.85,28.12,27.65,26.83,30.19,29.02,28.55,29.54,28.69,29.2
17,10,28.39,27.62,27.39,27.92,27.76,28.78,28.78,29.04,30.42,28.86,29.18,28.48,27.08,31.76,30.06,29.54,30.61,29.56,29.67
17,11,29.14,28.29,27.83,28.72,28.31,29.59,29.59,29.95,31.44,29.73,30.11,29.28,27.38,32.96,30.98,30.48,31.57,30.32,30.16
17,12,29.79,28.85,28.24,29.4,28.81,30.15,30.15,30.61,32.06,30.37,30.65,29.83,27.7,33.75,31.72,31.28,32.36,30.95,30.59
17,13,30.34,29.31,28.6,29.94,29.24,30.51,30.51,31.08,32.4,30.84,30.94,30.19,28.03,34.26,32.3,32.05,32.97,31.46,30.98
17,14,30.68,29.6,28.87,30.24,29.52,30.67,30.67,31.35,32.35,31.13,30.93,30.38,28.34,34.22,32.63,32.84,33.27,31.79,31.26
17,15,30.71,29.66,29.01,30.2,29.59,30.53,30.53,31.22,31.66,31.05,30.55,30.28,28.61,33.48,32.6,33.3,33.24,31.85,31.37
17,16,30.45,29.46,28.98,29.85,29.45,30.11,30.11,30.59,30.35,30.49,29.96,29.93,28.77,32.11,32.22,33.39,32.9,31.63,31.33
17,17,30,29.03,28.81,29.25,29.14,29.67,29.67,29.74,29.24,29.69,29.46,29.57,28.84,30.48,31.62,33.02,32.22,31.23,31.18
17,18,29.57,28.62,28.63,28.7,28.86,29.32,29.32,29.04,28.55,29.02,29.06,29.26,28.81,29.58,31.04,32.45,31.52,30.8,31.03
17,19,29.24,28.33,28.51,28.35,28.7,29.09,29.09,28.65,28.19,28.63,28.77,29.02,28.74,29.12,30.58,31.8,30.95,30.44,30.94
17,20,28.94,28.09,28.39,28.07,28.55,28.87,28.87,28.34,27.88,28.31,28.5,28.8,28.64,28.73,30.19,31.22,30.48,30.1,30.86
17,21,28.67,27.84,28.25,27.8,28.39,28.64,28.64,28.04,27.6,28,28.24,28.56,28.53,28.41,29.84,30.71,30.05,29.79,30.76
17,22,28.42,27.6,28.11,27.54,28.23,28.42,28.42,27.77,27.34,27.72,27.99,28.33,28.41,28.14,29.53,30.26,29.68,29.51,30.65
17,23,28.17,27.34,27.96,27.28,28.07,28.2,28.2,27.5,27.06,27.43,27.73,28.1,28.28,27.85,29.23,29.84,29.31,29.22,30.51
18,0,27.93,27.09,27.8,27.01,27.89,27.97,27.97,27.23,26.77,27.15,27.47,27.87,28.14,27.54,28.92,29.43,28.94,28.92,30.35
18,1,27.68,26.83,27.62,26.75,27.71,27.75,27.75,26.96,26.49,26.86,27.22,27.64,27.99,27.25,28.6,29.03,28.59,28.62,30.16
18,2,27.45,26.59,27.45,26.51,27.52,27.53,27.53,26.7,26.23,26.59,26.98,27.42,27.84,26.98,28.29,28.66,28.25,28.32,29.97
18,3,27.22,26.36,27.27,26.28,27.34,27.32,27.32,26.46,25.99,26.33,26.76,27.2,27.68,26.75,28,28.31,27.93,28.04,29.78
18,4,27,26.13,27.1,26.07,27.16,27.12,27.12,26.23,25.76,26.1,26.54,26.99,27.52,26.52,27.71,27.98,27.64,27.75,29.57
18,5,26.8,25.94,26.93,25.88,26.98,26.94,26.94,26.04,25.61,25.89,26.39,26.81,27.37,26.38,27.44,27.68,27.41,27.48,29.37
18,6,26.78,25.97,26.87,25.93,26.95,26.91,26.91,26.12,25.97,26,26.48,26.74,27.25,26.7,27.45,27.69,27.87,27.44,29.32
18,7,27.08,26.36,27,26.36,27.15,27.24,27.24,26.73,27.1,26.62,27.05,27.02,27.21,27.08,28,28.12,28.81,27.9,29.57
18,8,27.63,27.04,27.3,27.09,27.54,27.89,27.89,27.76,28.62,27.64,27.93,27.62,27.26,28.66,29.02,28.89,29.74,28.84,29.99
18,9,28.35,27.79,27.7,27.94,28.03,28.64,28.64,28.83,29.99,28.7,28.87,28.35,27.43,30.98,30.18,29.85,30.78,29.86,30.44
18,10,29.05,28.47,28.11,28.73,28.52,29.49,29.49,29.81,31.21,29.65,29.91,29.19,27.68,32.51,31.17,30.78,31.77,30.69,30.88
18,11,29.73,29.09,28.52,29.45,29.01,30.21,30.21,30.58,32.04,30.41,30.72,29.91,27.97,33.49,31.98,31.62,32.64,31.36,31.3
18,12,30.35,29.61,28.9,30.09,29.48,30.83,30.83,31.25,32.73,31.06,31.36,30.54,28.29,34.32,32.66,32.36,33.36,31.93,31.7
18,13,30.88,30.05,29.26,30.62,29.9,31.2,31.2,31.72,33.02,31.52,31.63,30.91,28.62,34.75,33.2,33.06,33.91,32.41,32.06
18,14,31.14,30.29,29.5,30.83,30.13,31.31,31.31,31.9,32.82,31.74,31.57,31.05,28.93,34.49,33.44,33.71,34.11,32.66,32.28
18,15,31.12,30.3,29.6,30.73,30.15,31.12,31.12,31.66,32.08,31.56,31.19,30.92,29.19,33.65,33.34,34.02,34.01,32.67,32.35
18,16,30.88,30.1,29.57,30.39,30.01,30.73,30.73,31.08,30.94,31.03,30.66,30.6,29.36,32.44,33,34.06,33.66,32.48,32.31
18,17,30.49,29.71,29.41,29.85,29.74,30.31,30.31,30.32,29.94,30.31,30.17,30.24,29.43,31.05,32.48,33.69,33.02,32.12,32.17
18,18,30.1,29.33,29.25,29.35,29.49,29.97,29.97,29.69,29.31,29.71,29.78,29.93,29.41,30.25,31.95,33.14,32.37,31.73,32.03
18,19,29.81,29.06,29.13,29.03,29.33,29.74,29.74,29.31,28.95,29.32,29.48,29.69,29.33,29.81,31.52,32.55,31.84,31.39,31.94
18,20,29.53,28.82,29.01,28.76,29.19,29.52,29.52,29.01,28.64,29.01,29.21,29.46,29.23,29.44,31.15,32.02,31.39,31.07,31.86
18,21,29.26,28.58,28.88,28.5,29.04,29.29,29.29,28.72,28.34,28.71,28.94,29.23,29.11,29.11,30.81,31.54,30.99,30.76,31.75
18,22,29.01,28.34,28.74,28.24,28.88,29.07,29.07,28.45,28.07,28.42,28.69,29,28.99,28.83,30.5,31.11,30.61,30.47,31.62
18,23,28.78,28.1,28.59,27.99,28.72,28.85,28.85,28.19,27.82,28.15,28.45,28.77,28.87,28.58,30.21,30.72,30.27,30.2,31.49
19,0,28.56,27.86,28.44,27.75,28.56,28.63,28.63,27.94,27.56,27.88,28.21,28.55,28.74,28.31,29.93,30.35,29.94,29.93,31.33
19,1,28.34,27.62,28.27,27.51,28.39,28.42,28.42,27.69,27.31,27.63,27.98,28.34,28.6,28.06,29.65,30,29.62,29.65,31.16
19,2,28.13,27.38,28.11,27.28,28.22,28.22,28.22,27.46,27.08,27.38,27.76,28.13,28.46,27.82,29.37,29.67,29.31,29.38,30.98
19,3,27.93,27.16,27.95,27.06,28.05,28.03,28.03,27.24,26.85,27.14,27.55,27.93,28.32,27.59,29.1,29.35,29.03,29.11,30.79
19,4,27.73,26.95,27.79,26.86,27.88,27.84,27.84,27.03,26.64,26.92,27.36,27.73,28.17,27.38,28.83,29.05,28.76,28.85,30.59
19,5,27.55,26.78,27.63,26.68,27.72,27.67,27.67,26.85,26.51,26.74,27.22,27.57,28.03,27.27,28.59,28.79,28.56,28.61,30.4
19,6,27.56,26.83,27.6,26.77,27.71,27.66,27.66,26.95,26.9,26.88,27.33,27.52,27.92,27.59,28.65,28.84,29.11,28.62,30.38
19,7,27.88,27.3,27.75,27.26,27.92,28.01,28.01,27.63,28.12,27.57,27.93,27.82,27.89,27.93,29.27,29.32,30.15,29.16,30.67
19,8,28.49,28.08,28.1,28.08,28.36,28.74,28.74,28.8,29.83,28.73,28.93,28.49,27.95,29.64,30.43,30.18,31.18,30.24,31.14
19,9,29.3,28.98,28.6,29.07,28.95,29.71,29.71,30.1,31.53,30.01,30.13,29.42,28.12,32.49,31.79,31.29,32.38,31.45,31.7
19,10,30.08,29.78,29.08,29.98,29.52,30.66,30.66,31.17,32.82,31.07,31.24,30.34,28.37,34.14,32.9,32.31,33.49,32.4,32.23
19,11,30.8,30.45,29.53,30.79,30.07,31.49,31.49,32.05,33.77,31.92,32.18,31.17,28.67,35.19,33.77,33.2,34.41,33.12,32.7
19,12,31.42,31,29.94,31.45,30.57,32.02,32.02,32.64,34.24,32.5,32.64,31.69,29.01,35.79,34.42,33.93,35.12,33.69,33.11
19,13,31.87,31.38,30.27,31.89,30.94,32.3,32.3,33.01,34.33,32.88,32.8,31.99,29.36,35.9,34.85,34.57,35.58,34.1,33.42
19,14,32.08,31.58,30.49,32.04,31.14,32.38,32.38,33.1,34.04,33.02,32.72,32.12,29.7,35.48,35.02,35.15,35.72,34.31,33.61
19,15,32.05,31.58,30.6,31.92,31.16,32.16,32.16,32.81,33.29,32.78,32.34,31.97,30,34.68,34.92,35.46,35.58,34.33,33.68
19,16,31.82,31.37,30.57,31.56,31.02,31.76,31.76,32.2,32.13,32.23,31.81,31.65,30.2,33.44,34.58,35.47,35.19,34.13,33.64
19,17,31.43,30.96,30.4,31.01,30.74,31.34,31.34,31.43,31.18,31.5,31.32,31.3,30.28,32.14,34.05,35.08,34.53,33.78,33.51
19,18,31.06,30.58,30.24,30.54,30.51,31.01,31.01,30.84,30.58,30.92,30.92,30.99,30.27,31.42,33.54,34.53,33.89,33.38,33.4
19,19,30.77,30.31,30.13,30.21,30.36,30.78,30.78,30.48,30.23,30.55,30.62,30.75,30.19,31.01,33.12,33.96,33.37,33.04,33.35
19,20,30.52,30.06,30,29.93,30.22,30.55,30.55,30.17,29.91,30.22,30.33,30.51,30.09,30.65,32.76,33.43,32.93,32.72,33.28
19,21,30.26,29.79,29.87,29.66,30.08,30.32,30.32,29.87,29.59,29.9,30.04,30.26,29.98,30.31,32.42,32.97,32.52,32.4,33.19
19,22,30.01,29.52,29.72,29.37,29.92,30.08,30.08,29.58,29.28,29.59,29.75,30.01,29.85,29.99,32.09,32.53,32.13,32.09,33.08
19,23,29.76,29.23,29.55,29.08,29.74,29.83,29.83,29.28,28.96,29.27,29.46,29.76,29.72,29.67,31.76,32.1,31.74,31.77,32.94
20,0,29.51,28.94,29.37,28.78,29.55,29.59,29.59,28.98,28.64,28.95,29.18,29.51,29.58,29.36,31.44,31.69,31.36,31.46,32.77
20,1,29.26,28.64,29.18,28.49,29.35,29.35,29.35,28.68,28.32,28.63,28.9,29.26,29.43,29.05,31.1,31.3,30.99,31.13,32.58
20,2,29.01,28.35,28.99,28.2,29.15,29.11,29.11,28.39,28.02,28.33,28.63,29.01,29.28,28.76,30.77,30.92,30.63,30.82,32.38
20,3,28.77,28.07,28.8,27.92,28.95,28.88,28.88,28.11,27.72,28.03,28.37,28.77,29.11,28.47,30.45,30.55,30.28,30.49,32.17
20,4,28.53,27.79,28.6,27.64,28.74,28.65,28.65,27.83,27.43,27.74,28.12,28.53,28.94,28.19,30.11,30.19,29.95,30.17,31.95
20,5,28.31,27.54,28.41,27.4,28.54,28.44,28.44,27.59,27.23,27.48,27.93,28.32,28.78,28.02,29.81,29.88,29.69,29.86,31.72
20,6,28.27,27.54,28.33,27.42,28.48,28.38,28.38,27.62,27.52,27.54,27.98,28.22,28.64,28.28,29.8,29.88,30.18,29.81,31.67
20,7,28.53,27.94,28.43,27.85,28.64,28.69,28.69,28.21,28.64,28.14,28.53,28.48,28.58,28.55,30.35,30.28,31.14,30.28,31.91
20,8,29.04,28.6,28.71,28.54,28.99,29.31,29.31,29.19,30.09,29.12,29.37,29.05,28.61,30.05,31.34,31,31.98,31.2,32.3
20,9,29.66,29.29,29.06,29.3,29.43,30.03,30.03,30.18,31.36,30.09,30.28,29.76,28.73,32.38,32.41,31.84,32.86,32.17,32.7
20,10,30.28,29.9,29.42,30.01,29.87,30.8,30.8,31.01,32.38,30.92,31.2,30.51,28.92,33.73,33.28,32.68,33.75,32.9,33.08
20,11,30.85,30.42,29.77,30.64,30.28,31.47,31.47,31.67,33.04,31.56,31.94,31.2,29.18,34.47,33.93,33.39,34.46,33.43,33.41
20,12,31.24,30.76,30.04,31.04,30.58,31.85,31.85,32.01,33.2,31.91,32.26,31.61,29.46,34.62,34.29,33.88,34.88,33.75,33.62
20,13,31.56,31.03,30.27,31.34,30.85,32.08,32.08,32.25,33.3,32.16,32.43,31.86,29.75,34.77,34.57,34.34,35.17,34.01,33.82
20,14,31.75,31.21,30.46,31.51,31.02,32.15,32.15,32.36,33.16,32.29,32.39,31.96,30.02,34.61,34.74,34.88,35.33,34.18,33.97
20,15,31.74,31.21,30.54,31.42,31.04,31.98,31.98,32.17,32.56,32.15,32.08,31.85,30.24,33.88,34.65,35.09,35.21,34.16,34.01
20,16,31.53,30.99,30.48,31.1,30.89,31.61,31.61,31.66,31.62,31.68,31.59,31.54,30.38,32.86,34.32,35.04,34.83,33.96,33.94
20,17,31.2,30.63,30.33,30.62,30.65,31.2,31.2,31.02,30.75,31.07,31.1,31.19,30.43,31.73,33.85,34.66,34.21,33.61,33.8
20,18,30.85,30.27,30.17,30.18,30.41,30.87,30.87,30.46,30.16,30.52,30.7,30.87,30.38,31.01,33.35,34.12,33.59,33.22,33.65
20,19,30.56,29.99,30.03,29.85,30.25,30.62,30.62,30.1,29.79,30.15,30.39,30.61,30.27,30.58,32.9,33.57,33.07,32.85,33.52
20,20,30.27,29.71,29.89,29.56,30.09,30.37,30.37,29.79,29.47,29.82,30.08,30.35,30.14,30.22,32.53,33.07,32.63,32.51,33.4
20,21,30,29.42,29.72,29.26,29.91,30.12,30.12,29.47,29.13,29.49,29.76,30.08,29.99,29.86,32.16,32.6,32.2,32.17,33.26
20,22,29.72,29.12,29.54,28.95,29.72,29.85,29.85,29.15,28.79,29.15,29.45,29.8,29.84,29.51,31.8,32.14,31.77,31.83,33.09
20,23,29.45,28.8,29.35,28.64,29.51,29.59,29.59,28.83,28.44,28.81,29.14,29.53,29.68,29.18,31.44,31.7,31.36,31.48,32.9
21,0,29.18,28.48,29.14,28.32,29.3,29.32,29.32,28.51,28.11,28.47,28.83,29.25,29.51,28.85,31.08,31.27,30.94,31.13,32.69
21,1,28.92,28.16,28.93,28.01,29.09,29.06,29.06,28.2,27.78,28.14,28.54,28.98,29.33,28.55,30.73,30.86,30.55,30.79,32.47
21,2,28.66,27.85,28.72,27.7,28.87,28.8,28.8,27.9,27.47,27.81,28.25,28.7,29.14,28.26,30.37,30.46,30.18,30.43,32.25
21,3,28.41,27.55,28.5,27.41,28.65,28.56,28.56,27.62,27.17,27.51,27.98,28.44,28.95,27.99,30.02,30.08,29.82,30.08,32.01
21,4,28.16,27.26,28.29,27.14,28.43,28.32,28.32,27.35,26.9,27.22,27.74,28.2,28.76,27.75,29.68,29.72,29.48,29.74,31.76
21,5,27.94,27.01,28.08,26.9,28.22,28.1,28.1,27.11,26.69,26.96,27.53,27.97,28.57,27.57,29.36,29.39,29.19,29.42,31.52
21,6,27.81,26.87,27.93,26.78,28.08,27.98,27.98,26.99,26.75,26.83,27.47,27.83,28.4,27.72,29.17,29.22,29.13,29.2,31.34
21,7,27.89,26.92,27.89,26.91,28.09,28.06,28.06,27.16,27.29,27,27.69,27.87,28.28,28.15,29.27,29.32,29.54,29.21,31.36
21,8,28.19,27.24,27.97,27.31,28.24,28.42,28.42,27.74,28.28,27.55,28.24,28.18,28.25,29.22,29.71,29.73,30.16,29.53,31.56
21,9,28.78,27.81,28.22,27.98,28.6,29.06,29.06,28.69,29.68,28.46,29.12,28.79,28.32,31.26,30.55,30.46,31.04,30.17,31.91
21,10,29.43,28.39,28.53,28.67,29.01,29.64,29.64,29.55,30.6,29.31,29.77,29.35,28.47,32.34,31.45,31.26,31.99,30.88,32.26
21,11,29.89,28.74,28.74,29.1,29.29,29.96,29.96,29.98,30.93,29.74,30.11,29.69,28.67,32.69,32.02,31.85,32.6,31.36,32.47
21,12,30.1,28.85,28.83,29.23,29.39,30.06,30.06,30.11,30.69,29.91,30.07,29.85,28.89,32.29,32.25,32.11,32.77,31.59,32.54
21,13,30,28.66,28.77,28.97,29.25,29.87,29.87,29.77,29.89,29.62,29.77,29.75,29.08,31.24,32.04,31.91,32.34,31.49,32.39
21,14,29.77,28.39,28.65,28.6,29.06,29.62,29.62,29.28,29.23,29.17,29.48,29.56,29.17,30.5,31.67,31.61,31.84,31.23,32.21
21,15,29.56,28.16,28.55,28.3,28.89,29.37,29.37,28.86,28.65,28.77,29.17,29.34,29.18,29.93,31.33,31.3,31.39,31,32.05
21,16,29.32,27.94,28.44,28.02,28.73,29.16,29.16,28.51,28.25,28.43,28.91,29.13,29.12,29.5,30.99,30.97,30.99,30.74,31.89
21,17,29.09,27.72,28.33,27.77,28.59,28.95,28.95,28.23,27.89,28.14,28.64,28.92,29.02,29.07,30.67,30.63,30.6,30.48,31.71
21,18,28.83,27.5,28.2,27.52,28.43,28.73,28.73,27.94,27.56,27.85,28.38,28.69,28.89,28.67,30.32,30.27,30.21,30.18,31.5
21,19,28.58,27.3,28.06,27.3,28.26,28.52,28.52,27.67,27.29,27.57,28.14,28.46,28.75,28.38,29.99,29.93,29.86,29.89,31.31
21,20,28.36,27.11,27.92,27.11,28.11,28.31,28.31,27.43,27.05,27.32,27.91,28.25,28.62,28.12,29.68,29.62,29.55,29.61,31.11
21,21,28.15,26.94,27.79,26.92,27.95,28.12,28.12,27.21,26.84,27.1,27.7,28.04,28.47,27.89,29.4,29.33,29.25,29.34,30.92
21,22,27.95,26.76,27.65,26.75,27.8,27.93,27.93,27.02,26.65,26.89,27.5,27.85,28.33,27.68,29.12,29.05,28.98,29.08,30.73
21,23,27.76,26.6,27.51,26.58,27.65,27.75,27.75,26.83,26.47,26.7,27.31,27.66,28.18,27.48,28.86,28.79,28.72,28.82,30.53
22,0,27.57,26.44,27.38,26.42,27.5,27.58,27.58,26.65,26.3,26.52,27.14,27.49,28.03,27.28,28.6,28.54,28.47,28.58,30.32
22,1,27.4,26.29,27.25,26.28,27.36,27.42,27.42,26.5,26.15,26.36,26.98,27.32,27.89,27.11,28.37,28.31,28.23,28.35,30.12
22,2,27.24,26.16,27.12,26.15,27.22,27.26,27.26,26.35,26.01,26.21,26.82,27.16,27.75,26.95,28.14,28.08,28.01,28.12,29.92
22,3,27.08,26.03,26.99,26.03,27.08,27.11,27.11,26.22,25.87,26.08,26.67,27.02,27.62,26.78,27.91,27.87,27.79,27.9,29.71
22,4,26.93,25.91,26.87,25.91,26.95,26.97,26.97,26.09,25.75,25.95,26.54,26.88,27.49,26.63,27.7,27.66,27.59,27.69,29.51
22,5,26.79,25.81,26.76,25.81,26.82,26.84,26.84,25.98,25.66,25.84,26.43,26.75,27.36,26.51,27.5,27.47,27.41,27.49,29.3
22,6,26.7,25.76,26.67,25.78,26.73,26.76,26.76,25.93,25.73,25.8,26.41,26.67,27.25,26.57,27.36,27.36,27.35,27.35,29.14
22,7,26.84,25.95,26.72,26.01,26.83,26.95,26.95,26.25,26.49,26.11,26.76,26.81,27.18,27.11,27.55,27.59,27.9,27.47,29.2
22,8,27.21,26.36,26.88,26.49,27.06,27.26,27.26,26.83,27.25,26.67,27.14,27.1,27.21,28,28.09,28.09,28.52,27.89,29.41
22,9,27.5,26.62,27,26.81,27.2,27.4,27.4,27.12,27.46,26.99,27.32,27.28,27.32,28.43,28.5,28.45,28.86,28.25,29.48
22,10,27.71,26.79,27.07,26.99,27.29,27.54,27.54,27.31,27.69,27.19,27.55,27.46,27.43,28.69,28.76,28.72,29.12,28.48,29.5
22,11,28.03,27.08,27.22,27.33,27.49,27.9,27.9,27.71,28.37,27.59,28.07,27.82,27.58,29.49,29.18,29.17,29.61,28.82,29.65
22,12,28.53,27.53,27.49,27.87,27.84,28.4,28.4,28.36,29.26,28.22,28.68,28.31,27.78,30.56,29.82,29.86,30.38,29.34,29.96
22,13,29.11,28.04,27.82,28.49,28.25,28.95,28.95,29.09,30.18,28.92,29.32,28.85,28.02,31.65,30.56,30.68,31.18,29.94,30.33
22,14,29.72,28.58,28.18,29.13,28.69,29.45,29.45,29.82,30.98,29.63,29.81,29.34,28.28,32.71,31.31,31.77,31.94,30.56,30.75
22,15,30.04,28.9,28.42,29.43,28.93,29.59,29.59,30.15,30.81,30,29.74,29.49,28.51,32.52,31.68,32.5,32.36,30.91,31
22,16,29.95,28.84,28.44,29.25,28.86,29.43,29.43,29.86,29.87,29.77,29.45,29.39,28.68,31.35,31.52,32.71,32.23,30.86,30.98
22,17,29.62,28.57,28.33,28.82,28.63,29.15,29.15,29.23,28.94,29.19,29.1,29.18,28.76,30.01,31.08,32.45,31.7,30.6,30.85
22,18,29.26,28.26,28.2,28.39,28.4,28.89,28.89,28.66,28.32,28.66,28.79,28.95,28.75,29.16,30.6,32.01,31.11,30.28,30.69
22,19,28.98,28.05,28.12,28.11,28.27,28.73,28.73,28.34,28.04,28.35,28.59,28.78,28.68,28.77,30.23,31.49,30.64,30.01,30.6
22,20,28.75,27.9,28.05,27.93,28.18,28.58,28.58,28.12,27.83,28.13,28.4,28.62,28.58,28.51,29.94,31.02,30.26,29.78,30.54
22,21,28.54,27.76,27.99,27.76,28.09,28.43,28.43,27.92,27.64,27.92,28.21,28.45,28.48,28.28,29.68,30.61,29.94,29.57,30.47
22,22,28.35,27.61,27.91,27.6,27.99,28.27,28.27,27.74,27.46,27.73,28.03,28.28,28.37,28.07,29.45,30.25,29.65,29.36,30.39
22,23,28.17,27.46,27.82,27.43,27.9,28.12,28.12,27.56,27.28,27.54,27.85,28.11,28.27,27.87,29.22,29.91,29.37,29.15,30.29
23,0,27.99,27.3,27.72,27.26,27.79,27.96,27.96,27.38,27.1,27.35,27.66,27.95,28.17,27.67,29,29.59,29.11,28.95,30.17
23,1,27.81,27.13,27.61,27.08,27.67,27.81,27.81,27.21,26.91,27.17,27.48,27.78,28.05,27.46,28.78,29.28,28.84,28.74,30.04
23,2,27.64,26.96,27.5,26.91,27.55,27.65,27.65,27.03,26.72,26.98,27.3,27.62,27.94,27.25,28.55,28.98,28.58,28.52,29.9
23,3,27.47,26.8,27.39,26.74,27.43,27.5,27.5,26.86,26.54,26.8,27.13,27.46,27.82,27.07,28.32,28.69,28.33,28.31,29.74
23,4,27.3,26.64,27.27,26.58,27.31,27.35,27.35,26.69,26.38,26.62,26.98,27.3,27.7,26.9,28.1,28.42,28.1,28.1,29.58
23,5,27.16,26.51,27.17,26.45,27.19,27.23,27.23,26.56,26.29,26.48,26.88,27.17,27.59,26.82,27.91,28.2,27.93,27.92,29.43
23,6,27.16,26.55,27.14,26.52,27.2,27.23,27.23,26.62,26.6,26.55,26.97,27.14,27.5,27.18,27.93,28.22,28.23,27.9,29.4
23,7,27.39,26.84,27.24,26.86,27.35,27.48,27.48,27.05,27.39,26.96,27.37,27.35,27.48,27.79,28.3,28.55,28.84,28.19,29.58
23,8,27.82,27.3,27.44,27.39,27.63,27.91,27.91,27.74,28.4,27.64,27.95,27.76,27.55,28.92,28.96,29.1,29.56,28.76,29.85
23,9,28.39,27.85,27.74,28.02,28.01,28.49,28.49,28.56,29.5,28.46,28.71,28.33,27.71,30.43,29.81,29.86,30.42,29.46,30.19
23,10,28.99,28.41,28.07,28.66,28.42,29.16,29.16,29.39,30.55,29.27,29.53,28.99,27.94,31.65,30.64,30.69,31.33,30.15,30.57
23,11,29.63,28.97,28.44,29.33,28.87,29.81,29.81,30.14,31.42,30.01,30.3,29.65,28.26,32.67,31.46,31.51,32.21,30.83,30.98
23,12,30.15,29.4,28.75,29.83,29.24,30.2,30.2,30.62,31.74,30.49,30.64,30.06,28.58,33.07,32.09,32.16,32.85,31.37,31.32
23,13,30.49,29.66,28.97,30.1,29.49,30.42,30.42,30.86,31.77,30.76,30.79,30.31,28.89,33.07,32.46,32.59,33.2,31.74,31.55
23,14,30.67,29.78,29.12,30.18,29.61,30.53,30.53,30.92,31.55,30.86,30.81,30.47,29.18,32.73,32.64,32.88,33.3,31.96,31.69
23,15,30.68,29.75,29.17,30.06,29.61,30.47,30.47,30.72,31.05,30.7,30.65,30.47,29.41,32.12,32.61,32.91,33.13,32.03,31.75
23,16,30.54,29.58,29.14,29.79,29.51,30.28,30.28,30.32,30.36,30.33,30.36,30.33,29.55,31.37,32.4,32.72,32.74,31.94,31.71
23,17,30.28,29.33,29.05,29.43,29.34,30,30,29.8,29.63,29.84,30,30.08,29.6,30.6,32.05,32.34,32.19,31.71,31.61
23,18,29.99,29.05,28.94,29.07,29.18,29.75,29.75,29.37,29.12,29.41,29.69,29.83,29.54,29.99,31.65,31.89,31.68,31.41,31.51
23,19,29.72,28.81,28.85,28.8,29.05,29.56,29.56,29.07,28.81,29.1,29.42,29.61,29.42,29.62,31.28,31.47,31.25,31.11,31.42
23,20,29.46,28.58,28.74,28.54,28.94,29.35,29.35,28.8,28.52,28.81,29.14,29.38,29.28,29.28,30.93,31.07,30.86,30.81,31.33
23,21,29.2,28.33,28.62,28.29,28.8,29.13,29.13,28.52,28.22,28.52,28.85,29.13,29.14,28.97,30.6,30.68,30.48,30.52,31.22
23,22,28.94,28.07,28.48,28.01,28.65,28.9,28.9,28.25,27.92,28.22,28.56,28.87,28.99,28.66,30.27,30.3,30.11,30.22,31.1
23,23,28.69,27.79,28.33,27.73,28.49,28.66,28.66,27.97,27.61,27.91,28.27,28.62,28.83,28.37,29.94,29.92,29.75,29.91,30.95
24,0,28.44,27.5,28.16,27.43,28.31,28.42,28.42,27.68,27.3,27.6,27.98,28.36,28.67,28.08,29.61,29.55,29.38,29.59,30.79
24,1,28.18,27.19,27.97,27.12,28.11,28.18,28.18,27.38,26.97,27.29,27.68,28.09,28.5,27.76,29.26,29.16,29.01,29.26,30.6
24,2,27.91,26.88,27.77,26.81,27.91,27.93,27.93,27.08,26.63,26.96,27.38,27.83,28.32,27.44,28.91,28.78,28.63,28.92,30.39
24,3,27.67,26.63,27.58,26.56,27.7,27.69,27.69,26.79,26.35,26.66,27.13,27.58,28.14,27.19,28.58,28.45,28.31,28.61,30.19
24,4,27.44,26.39,27.39,26.32,27.51,27.48,27.48,26.55,26.1,26.39,26.9,27.35,27.96,26.97,28.27,28.14,28.02,28.3,29.98
24,5,27.22,26.16,27.21,26.11,27.32,27.28,27.28,26.33,25.92,26.17,26.72,27.14,27.78,26.82,27.98,27.86,27.78,28,29.77
24,6,27.19,26.16,27.14,26.14,27.28,27.21,27.21,26.4,26.24,26.28,26.75,27.03,27.63,27.03,27.99,27.86,28.38,27.97,29.74
24,7,27.45,26.54,27.26,26.53,27.45,27.53,27.53,27.02,27.39,26.91,27.31,27.29,27.55,27.17,28.58,28.27,29.37,28.49,30
24,8,27.98,27.26,27.57,27.26,27.83,28.24,28.24,28.09,29.02,27.98,28.28,27.94,27.56,28.85,29.69,29.04,30.27,29.56,30.44
24,9,28.69,28.09,27.99,28.16,28.35,29.15,29.15,29.29,30.59,29.14,29.4,28.8,27.66,31.72,30.93,30,31.29,30.69,30.94
24,10,29.41,28.82,28.43,29.02,28.89,30.07,30.07,30.3,31.83,30.14,30.48,29.7,27.86,33.34,31.94,30.97,32.33,31.53,31.42
24,11,30.08,29.42,28.84,29.77,29.39,30.88,30.88,31.11,32.69,30.91,31.38,30.49,28.13,34.32,32.7,31.79,33.16,32.15,31.84
24,12,30.64,29.89,29.2,30.35,29.83,31.37,31.37,31.63,33.09,31.41,31.81,30.99,28.42,34.87,33.24,32.45,33.77,32.6,32.19
24,13,31.06,30.22,29.5,30.75,30.17,31.63,31.63,31.96,33.18,31.75,31.95,31.26,28.72,35.02,33.6,33.04,34.14,32.92,32.47
24,14,31.26,30.38,29.7,30.89,30.35,31.65,31.65,32.05,32.94,31.87,31.81,31.32,29.01,34.73,33.72,33.67,34.25,33.06,32.63
24,15,31.26,30.4,29.8,30.82,30.39,31.38,31.38,31.83,32.24,31.69,31.35,31.09,29.24,34.06,33.63,34.09,34.18,33.04,32.71
24,16,30.99,30.16,29.74,30.45,30.23,30.89,30.89,31.21,30.96,31.12,30.7,30.67,29.39,32.72,33.24,34.19,33.83,32.78,32.65
24,17,30.54,29.7,29.55,29.83,29.91,30.4,30.4,30.35,29.87,30.31,30.14,30.25,29.45,31.14,32.62,33.81,33.12,32.32,32.48
24,18,30.12,29.26,29.36,29.28,29.62,30.01,30.01,29.65,29.19,29.63,29.7,29.9,29.41,30.29,32.03,33.22,32.43,31.87,32.32
24,19,29.79,28.94,29.2,28.91,29.43,29.75,29.75,29.24,28.79,29.21,29.38,29.64,29.33,29.81,31.56,32.57,31.86,31.48,32.2
24,20,29.48,28.66,29.05,28.59,29.25,29.5,29.5,28.9,28.44,28.86,29.08,29.39,29.22,29.4,31.16,32,31.37,31.12,32.08
24,21,29.19,28.37,28.88,28.29,29.06,29.24,29.24,28.57,28.1,28.52,28.77,29.12,29.1,29.02,30.78,31.48,30.92,30.77,31.95
24,22,28.91,28.08,28.7,27.97,28.86,28.98,28.98,28.24,27.77,28.17,28.47,28.86,28.96,28.67,30.42,30.99,30.49,30.43,31.79
24,23,28.63,27.77,28.51,27.66,28.65,28.72,28.72,27.92,27.44,27.84,28.17,28.59,28.8,28.33,30.06,30.53,30.06,30.08,31.6
25,0,28.36,27.47,28.31,27.35,28.44,28.46,28.46,27.61,27.12,27.51,27.89,28.33,28.64,28.01,29.71,30.09,29.67,29.74,31.4
25,1,28.1,27.2,28.11,27.08,28.23,28.21,28.21,27.32,26.84,27.2,27.63,28.08,28.47,27.73,29.37,29.68,29.31,29.41,31.19
25,2,27.85,26.93,27.91,26.82,28.02,27.98,27.98,27.04,26.56,26.91,27.38,27.84,28.3,27.46,29.04,29.3,28.95,29.09,30.97
25,3,27.62,26.68,27.72,26.57,27.82,27.75,27.75,26.79,26.31,26.64,27.15,27.61,28.13,27.2,28.73,28.94,28.63,28.78,30.75
25,4,27.39,26.45,27.52,26.35,27.61,27.53,27.53,26.55,26.08,26.4,26.93,27.39,27.95,26.98,28.42,28.6,28.32,28.47,30.52
25,5,27.19,26.25,27.34,26.16,27.42,27.35,27.35,26.36,25.94,26.2,26.78,27.2,27.79,26.86,28.14,28.31,28.09,28.19,30.29
25,6,27.17,26.28,27.28,26.22,27.38,27.3,27.3,26.44,26.29,26.32,26.85,27.12,27.66,27.14,28.16,28.32,28.59,28.15,30.23
25,7,27.46,26.68,27.4,26.65,27.56,27.63,27.63,27.07,27.46,26.96,27.43,27.4,27.61,27.44,28.7,28.74,29.56,28.62,30.46
25,8,28,27.39,27.69,27.39,27.93,28.29,28.29,28.13,29.01,28.01,28.33,28.01,27.65,29.01,29.73,29.5,30.47,29.58,30.87
25,9,28.67,28.13,28.07,28.22,28.4,29.01,29.01,29.16,30.3,29.03,29.21,28.71,27.78,31.32,30.86,30.4,31.43,30.6,31.28
25,10,29.33,28.77,28.45,28.97,28.86,29.76,29.76,30.01,31.34,29.87,30.14,29.46,28.02,32.7,31.78,31.29,32.35,31.37,31.66
25,11,29.92,29.3,28.8,29.6,29.27,30.34,30.34,30.63,31.96,30.49,30.77,30.05,28.3,33.41,32.47,32.04,33.1,31.93,32
25,12,30.44,29.73,29.12,30.13,29.66,30.79,30.79,31.12,32.43,30.96,31.24,30.53,28.61,34.03,33.02,32.66,33.68,32.4,32.3
25,13,30.88,30.09,29.41,30.55,30,31.12,31.12,31.5,32.63,31.35,31.48,30.87,28.93,34.29,33.46,33.26,34.11,32.79,32.58
25,14,31.11,30.29,29.61,30.72,30.19,31.27,31.27,31.67,32.5,31.55,31.52,31.07,29.23,34.08,33.65,33.81,34.27,33,32.75
25,15,31.12,30.32,29.71,30.67,30.23,31.15,31.15,31.51,31.93,31.44,31.24,31,29.47,33.46,33.6,34.13,34.18,33.02,32.81
25,16,30.93,30.16,29.69,30.39,30.11,30.8,30.8,31.02,30.89,30.99,30.75,30.71,29.62,32.41,33.31,34.24,33.87,32.85,32.78
25,17,30.56,29.78,29.54,29.88,29.85,30.4,30.4,30.31,29.96,30.32,30.28,30.37,29.67,31.06,32.8,33.87,33.24,32.48,32.63
25,18,30.19,29.41,29.38,29.41,29.61,30.08,30.08,29.73,29.38,29.75,29.9,30.07,29.62,30.32,32.27,33.33,32.62,32.09,32.49
25,19,29.9,29.16,29.26,29.1,29.45,29.86,29.86,29.38,29.05,29.4,29.62,29.83,29.53,29.91,31.84,32.76,32.11,31.74,32.38
25,20,29.63,28.93,29.14,28.85,29.32,29.64,29.64,29.1,28.77,29.1,29.35,29.6,29.42,29.58,31.49,32.26,31.68,31.42,32.29
25,21,29.38,28.7,29.01,28.61,29.17,29.42,29.42,28.83,28.49,28.82,29.09,29.37,29.3,29.27,31.16,31.8,31.3,31.13,32.18
25,22,29.15,28.47,28.88,28.36,29.02,29.21,29.21,28.57,28.22,28.54,28.85,29.15,29.18,28.99,30.86,31.39,30.94,30.84,32.05
25,23,28.92,28.24,28.73,28.12,28.86,28.99,28.99,28.32,27.97,28.28,28.6,28.93,29.05,28.72,30.56,31,30.59,30.56,31.9
26,0,28.7,28,28.57,27.88,28.7,28.78,28.78,28.07,27.73,28.02,28.38,28.71,28.92,28.47,30.28,30.64,30.26,30.28,31.73
26,1,28.5,27.78,28.42,27.67,28.54,28.58,28.58,27.85,27.51,27.78,28.16,28.5,28.78,28.26,30.01,30.31,29.96,30.01,31.57
26,2,28.31,27.56,28.27,27.46,28.39,28.39,28.39,27.64,27.3,27.56,27.96,28.3,28.64,28.06,29.74,29.99,29.68,29.75,31.39
26,3,28.12,27.35,28.11,27.26,28.23,28.21,28.21,27.44,27.1,27.35,27.77,28.11,28.5,27.87,29.48,29.7,29.41,29.49,31.21
26,4,27.94,27.12,27.95,27.05,28.07,28.03,28.03,27.24,26.86,27.12,27.53,27.92,28.35,27.6,29.23,29.38,29.07,29.23,31.02
26,5,27.74,26.85,27.76,26.81,27.89,27.83,27.83,27.01,26.61,26.86,27.29,27.7,28.17,27.34,28.92,29.03,28.75,28.91,30.83
26,6,27.53,26.62,27.55,26.59,27.69,27.66,27.66,26.81,26.42,26.62,27.12,27.49,27.99,27.19,28.59,28.7,28.5,28.55,30.63
26,7,27.38,26.49,27.39,26.47,27.53,27.59,27.59,26.69,26.35,26.49,27.09,27.39,27.83,27.15,28.34,28.48,28.41,28.28,30.45
26,8,27.3,26.45,27.28,26.43,27.43,27.63,27.63,26.65,26.38,26.46,27.2,27.43,27.72,27.17,28.18,28.38,28.46,28.1,30.29
26,9,27.26,26.47,27.24,26.47,27.38,27.69,27.69,26.67,26.43,26.48,27.31,27.51,27.67,27.2,28.1,28.34,28.48,28,30.14
26,10,27.21,26.42,27.19,26.43,27.32,27.63,27.63,26.64,26.38,26.47,27.23,27.48,27.62,27.08,27.99,28.2,28.3,27.88,29.99
26,11,27.11,26.3,27.11,26.32,27.23,27.5,27.5,26.56,26.3,26.4,27.11,27.37,27.55,26.96,27.84,28.02,28.08,27.72,29.81
26,12,27.07,26.32,27.06,26.33,27.18,27.52,27.52,26.55,26.35,26.4,27.2,27.38,27.49,27,27.75,27.98,28.11,27.62,29.67
26,13,27.08,26.42,27.06,26.44,27.18,27.69,27.69,26.61,26.52,26.47,27.49,27.58,27.47,27.17,27.74,28.07,28.26,27.6,29.56
26,14,27.46,26.86,27.26,26.98,27.47,28.09,28.09,27.36,28.17,27.18,28.11,27.9,27.5,29.16,28.21,28.76,28.93,27.94,29.81
26,15,28.14,27.47,27.6,27.75,27.95,28.33,28.33,28.26,28.93,28.05,28.27,28.12,27.63,30.24,29.07,29.82,29.85,28.58,30.22
26,16,28.37,27.65,27.72,27.93,28.04,28.26,28.26,28.37,28.4,28.22,28.1,28.12,27.77,29.65,29.37,30.39,30.14,28.84,30.25
26,17,28.18,27.48,27.64,27.65,27.84,28.06,28.06,27.99,27.72,27.89,27.89,28.02,27.85,28.42,29.13,30.31,29.77,28.71,30.05
26,18,27.85,27.18,27.48,27.26,27.6,27.83,27.83,27.48,27.21,27.43,27.64,27.84,27.84,27.67,28.67,29.91,29.2,28.4,29.76
26,19,27.59,26.99,27.36,27.01,27.44,27.69,27.69,27.24,26.97,27.19,27.47,27.69,27.77,27.38,28.33,29.41,28.81,28.15,29.58
26,20,27.44,26.88,27.29,26.87,27.34,27.57,27.57,27.08,26.83,27.03,27.35,27.57,27.69,27.23,28.14,29.09,28.55,27.99,29.47
26,21,27.32,26.79,27.23,26.77,27.27,27.46,27.46,26.95,26.72,26.9,27.24,27.46,27.62,27.11,27.99,28.84,28.35,27.87,29.37
26,22,27.22,26.7,27.17,26.67,27.19,27.35,27.35,26.83,26.6,26.78,27.12,27.35,27.54,26.98,27.86,28.61,28.15,27.75,29.25
26,23,27.11,26.59,27.1,26.56,27.11,27.24,27.24,26.71,26.46,26.66,26.98,27.23,27.46,26.84,27.71,28.38,27.95,27.62,29.13
27,0,26.99,26.42,27,26.43,27.02,27.11,27.11,26.55,26.26,26.47,26.77,27.09,27.36,26.62,27.57,28.11,27.64,27.48,29.02
27,1,26.84,26.21,26.85,26.23,26.89,26.97,26.97,26.39,26.09,26.27,26.59,26.89,27.21,26.49,27.33,27.78,27.4,27.23,28.9
27,2,26.66,25.92,26.67,25.97,26.73,26.8,26.8,26.2,25.82,26.04,26.34,26.68,27.04,26.27,27.05,27.39,27.08,26.94,28.76
27,3,26.45,25.66,26.48,25.7,26.55,26.59,26.59,25.95,25.55,25.77,26.09,26.45,26.87,26.02,26.75,27.02,26.75,26.65,28.58
27,4,26.31,25.53,26.35,25.57,26.42,26.43,26.43,25.78,25.38,25.57,25.93,26.27,26.74,25.92,26.53,26.8,26.57,26.43,28.41
27,5,26.16,25.35,26.2,25.4,26.27,26.3,26.3,25.62,25.2,25.4,25.76,26.12,26.61,25.75,26.3,26.53,26.34,26.2,28.23
27,6,26.01,25.15,26.05,25.21,26.12,26.17,26.17,25.46,25.04,25.23,25.64,25.99,26.46,25.61,26.07,26.27,26.14,25.96,28.05
27,7,25.9,25.04,25.94,25.11,26.01,26.11,26.11,25.36,24.98,25.13,25.61,25.92,26.35,25.56,25.9,26.11,26.07,25.79,27.88
27,8,25.87,25.11,25.9,25.16,25.97,26.14,26.14,25.36,25.09,25.14,25.76,25.95,26.29,25.7,25.84,26.12,26.19,25.72,27.75
27,9,25.91,25.24,25.92,25.31,25.98,26.26,26.26,25.46,25.23,25.26,25.93,26.1,26.28,25.81,25.88,26.21,26.34,25.75,27.66
27,10,25.93,25.34,25.94,25.4,25.99,26.41,26.41,25.54,25.33,25.37,26.13,26.28,26.3,25.82,25.9,26.27,26.44,25.76,27.54
27,11,26.02,25.53,26.01,25.6,26.06,26.62,26.62,25.75,25.85,25.6,26.52,26.49,26.33,26.31,26,26.44,26.72,25.85,27.51
27,12,26.51,26.03,26.27,26.21,26.43,27.06,27.06,26.62,27.35,26.44,27.13,26.87,26.42,28.06,26.65,27.07,27.54,26.34,27.85
27,13,27.13,26.54,26.57,26.84,26.83,27.35,27.35,27.3,28,27.13,27.48,27.19,26.64,28.78,27.47,27.85,28.36,26.99,28.17
27,14,27.53,26.86,26.79,27.19,27.05,27.51,27.51,27.61,28.14,27.47,27.66,27.42,26.9,28.92,27.98,28.37,28.79,27.44,28.32
27,15,27.71,27.01,26.9,27.31,27.14,27.59,27.59,27.71,28.05,27.62,27.73,27.58,27.13,28.75,28.22,28.62,28.9,27.7,28.36
27,16,27.76,27.04,26.95,27.28,27.14,27.62,27.62,27.66,27.78,27.6,27.71,27.67,27.31,28.35,28.24,28.64,28.78,27.79,28.32
27,17,27.69,26.97,26.93,27.14,27.06,27.54,27.54,27.44,27.37,27.42,27.58,27.63,27.4,27.86,28.11,28.48,28.47,27.75,28.23
27,18,27.54,26.85,26.9,26.95,26.97,27.43,27.43,27.2,27.04,27.2,27.42,27.53,27.41,27.42,27.9,28.25,28.14,27.63,28.12
27,19,27.38,26.69,26.85,26.76,26.91,27.33,27.33,27.01,26.8,26.99,27.24,27.42,27.37,27.1,27.69,27.97,27.78,27.49,28.03
27,20,27.17,26.45,26.75,26.52,26.81,27.19,27.19,26.8,26.57,26.75,27.01,27.23,27.23,26.87,27.41,27.62,27.43,27.24,27.95
27,21,26.92,26.14,26.61,26.21,26.67,27,27,26.55,26.23,26.46,26.68,26.97,27.04,26.56,27.07,27.19,27.04,26.92,27.87
27,22,26.68,25.89,26.46,25.95,26.52,26.77,26.77,26.26,25.9,26.13,26.38,26.69,26.89,26.29,26.76,26.84,26.71,26.64,27.75
27,23,26.5,25.71,26.33,25.77,26.4,26.59,26.59,26.03,25.65,25.86,26.14,26.46,26.74,26.12,26.51,26.58,26.47,26.39,27.64
28,0,26.29,25.48,26.18,25.53,26.24,26.4,26.4,25.8,25.37,25.61,25.9,26.24,26.59,25.87,26.22,26.27,26.19,26.11,27.5
28,1,26.09,25.27,26.02,25.3,26.08,26.22,26.22,25.59,25.18,25.39,25.73,26.04,26.44,25.72,25.93,25.98,25.97,25.84,27.34
28,2,25.92,25.12,25.91,25.14,25.95,26.05,26.05,25.4,25.01,25.21,25.58,25.89,26.33,25.58,25.7,25.76,25.74,25.64,27.16
28,3,25.8,25.02,25.82,25.03,25.84,25.93,25.93,25.27,24.89,25.09,25.47,25.77,26.24,25.47,25.53,25.59,25.56,25.48,27
28,4,25.66,24.86,25.72,24.88,25.73,25.79,25.79,25.12,24.73,24.95,25.31,25.65,26.14,25.29,25.34,25.36,25.33,25.3,26.83
28,5,25.54,24.74,25.63,24.76,25.62,25.66,25.66,24.99,24.63,24.82,25.21,25.53,26.04,25.2,25.17,25.19,25.18,25.14,26.67
28,6,25.6,24.85,25.64,24.9,25.66,25.69,25.69,25.17,25.07,25.07,25.35,25.53,25.97,25.47,25.31,25.32,25.9,25.23,26.7
28,7,25.97,25.35,25.85,25.41,25.93,26.14,26.14,25.95,26.42,25.86,26.05,25.92,25.97,25.67,26.09,25.89,27.12,25.96,27.04
28,8,26.64,26.19,26.27,26.25,26.43,26.99,26.99,27.18,28.24,27.09,27.18,26.71,26.04,27.52,27.45,26.86,28.21,27.26,27.6
28,9,27.48,27.15,26.81,27.29,27.07,28.07,28.07,28.56,30.05,28.43,28.49,27.72,26.19,30.78,28.9,28.01,29.43,28.59,28.25
28,10,28.36,28.04,27.36,28.33,27.74,29.14,29.14,29.8,31.56,29.65,29.74,28.75,26.44,32.71,30.16,29.14,30.69,29.66,28.91
28,11,29.18,28.78,27.88,29.23,28.38,30.06,30.06,30.79,32.61,30.58,30.74,29.63,26.77,33.94,31.14,30.14,31.73,30.49,29.5
28,12,29.9,29.36,28.34,29.96,28.95,30.66,30.66,31.46,33.15,31.22,31.25,30.21,27.12,34.7,31.89,30.97,32.52,31.12,30.02
28,13,30.44,29.77,28.71,30.45,29.39,30.96,30.96,31.87,33.29,31.62,31.4,30.5,27.47,34.95,32.38,31.71,33.05,31.58,30.43
28,14,30.72,29.99,28.98,30.64,29.65,30.99,30.99,32.01,33.03,31.79,31.21,30.56,27.82,34.68,32.6,32.49,33.25,31.82,30.71
28,15,30.73,29.98,29.11,30.53,29.7,30.67,30.67,31.7,32.13,31.53,30.63,30.29,28.12,33.82,32.5,32.96,33.18,31.83,30.84
28,16,30.42,29.7,29.05,30.08,29.53,30.13,30.13,30.93,30.61,30.82,29.92,29.84,28.34,32.31,32.08,33.11,32.8,31.57,30.81
28,17,29.93,29.2,28.85,29.4,29.19,29.65,29.65,29.95,29.37,29.9,29.37,29.44,28.44,30.54,31.42,32.75,32.08,31.12,30.67
28,18,29.47,28.72,28.65,28.79,28.88,29.26,29.26,29.17,28.61,29.14,28.93,29.11,28.45,29.59,30.8,32.17,31.34,30.64,30.53
28,19,29.12,28.36,28.5,28.36,28.69,28.99,28.99,28.69,28.14,28.65,28.58,28.84,28.39,29.05,30.3,31.47,30.69,30.23,30.46
28,20,28.79,28.05,28.35,28.01,28.51,28.74,28.74,28.32,27.78,28.28,28.28,28.59,28.31,28.6,29.86,30.82,30.15,29.84,30.38
28,21,28.48,27.72,28.18,27.66,28.31,28.48,28.48,27.97,27.42,27.9,27.98,28.33,28.2,28.22,29.47,30.25,29.66,29.48,30.28
28,22,28.19,27.4,28,27.32,28.12,28.22,28.22,27.62,27.09,27.54,27.68,28.07,28.07,27.89,29.1,29.74,29.21,29.13,30.16
28,23,27.92,27.12,27.82,27.03,27.93,27.97,27.97,27.3,26.79,27.2,27.42,27.81,27.94,27.61,28.77,29.31,28.83,28.81,30.02
29,0,27.68,26.86,27.64,26.77,27.74,27.75,27.75,27.02,26.52,26.9,27.18,27.58,27.81,27.36,28.47,28.91,28.49,28.51,29.87
29,1,27.43,26.57,27.45,26.48,27.54,27.51,27.51,26.74,26.23,26.6,26.91,27.34,27.65,27.08,28.15,28.5,28.12,28.19,29.7
29,2,27.18,26.27,27.24,26.19,27.34,27.27,27.27,26.45,25.94,26.3,26.65,27.1,27.5,26.8,27.83,28.1,27.75,27.87,29.51
29,3,26.93,25.99,27.04,25.92,27.12,27.03,27.03,26.18,25.66,26.01,26.39,26.86,27.33,26.54,27.51,27.72,27.4,27.55,29.31
29,4,26.69,25.71,26.83,25.65,26.91,26.8,26.8,25.91,25.38,25.73,26.14,26.63,27.17,26.27,27.19,27.35,27.06,27.23,29.1
29,5,26.48,25.47,26.64,25.42,26.71,26.6,26.6,25.68,25.19,25.48,25.96,26.41,27,26.11,26.9,27.04,26.8,26.94,28.89
29,6,26.47,25.53,26.58,25.5,26.67,26.56,26.56,25.77,25.57,25.63,26.07,26.34,26.89,26.37,26.94,27.09,27.44,26.93,28.85
29,7,26.78,25.96,26.71,25.96,26.87,26.95,26.95,26.49,26.85,26.35,26.72,26.67,26.83,26.62,27.59,27.56,28.52,27.49,29.16
29,8,27.34,26.63,27.02,26.66,27.26,27.65,27.65,27.56,28.47,27.42,27.66,27.32,26.85,28.28,28.73,28.32,29.44,28.57,29.63
29,9,28.11,27.48,27.47,27.59,27.82,28.58,28.58,28.8,30.13,28.63,28.82,28.19,26.98,31.27,30.06,29.33,30.54,29.77,30.18
29,10,28.93,28.3,27.97,28.56,28.42,29.59,29.59,29.97,31.56,29.77,30.02,29.17,27.2,33.11,31.23,30.4,31.73,30.75,30.74
29,11,29.7,28.97,28.42,29.4,28.99,30.47,30.47,30.9,32.58,30.65,30.99,30.01,27.49,34.29,32.14,31.32,32.68,31.48,31.25
29,12,30.34,29.48,28.81,30.05,29.48,31.01,31.01,31.51,33.06,31.23,31.45,30.55,27.8,34.95,32.8,32.05,33.39,32.03,31.68
29,13,30.79,29.8,29.1,30.44,29.84,31.25,31.25,31.85,33.1,31.57,31.53,30.79,28.12,35.04,33.19,32.67,33.81,32.4,31.99
29,14,30.98,29.93,29.29,30.54,30,31.22,31.22,31.87,32.71,31.63,31.3,30.8,28.42,34.6,33.3,33.26,33.9,32.54,32.16
29,15,30.91,29.84,29.34,30.35,29.97,30.89,30.89,31.49,31.8,31.31,30.76,30.53,28.68,33.69,33.12,33.55,33.72,32.47,32.2
29,16,30.61,29.55,29.25,29.91,29.77,30.37,30.37,30.76,30.45,30.63,30.1,30.1,28.85,32.31,32.68,33.56,33.28,32.18,32.12
29,17,30.13,29.07,29.05,29.25,29.42,29.88,29.88,29.85,29.27,29.76,29.53,29.68,28.92,30.7,32.02,33.12,32.51,31.69,31.93
29,18,29.69,28.62,28.85,28.68,29.13,29.49,29.49,29.11,28.53,29.04,29.09,29.33,28.9,29.8,31.41,32.51,31.79,31.22,31.75
29,19,29.34,28.27,28.68,28.27,28.92,29.21,29.21,28.66,28.1,28.58,28.76,29.06,28.81,29.28,30.9,31.85,31.19,30.79,31.61
29,20,29.01,27.96,28.52,27.94,28.73,28.95,28.95,28.3,27.75,28.22,28.45,28.81,28.71,28.86,30.46,31.27,30.67,30.41,31.47
29,21,28.7,27.65,28.34,27.61,28.52,28.69,28.69,27.95,27.4,27.86,28.14,28.54,28.58,28.47,30.06,30.73,30.18,30.03,31.32
29,22,28.4,27.33,28.14,27.28,28.31,28.42,28.42,27.61,27.06,27.5,27.84,28.26,28.43,28.11,29.68,30.22,29.73,29.67,31.15
29,23,28.12,27.06,27.95,26.99,28.1,28.15,28.15,27.29,26.75,27.16,27.56,28,28.28,27.79,29.32,29.77,29.32,29.32,30.96
30,0,27.85,26.8,27.76,26.72,27.89,27.91,27.91,26.99,26.46,26.86,27.31,27.75,28.12,27.5,28.97,29.35,28.95,28.99,30.75
30,1,27.58,26.5,27.55,26.43,27.67,27.67,27.67,26.7,26.17,26.55,27.03,27.51,27.95,27.2,28.62,28.92,28.55,28.64,30.53
30,2,27.32,26.21,27.34,26.15,27.45,27.41,27.41,26.42,25.88,26.25,26.76,27.25,27.77,26.91,28.27,28.51,28.16,28.29,30.3
30,3,27.06,25.93,27.13,25.87,27.23,27.16,27.16,26.14,25.59,25.96,26.49,27,27.59,26.63,27.92,28.11,27.79,27.95,30.06
30,4,26.8,25.64,26.91,25.6,26.99,26.92,26.92,25.87,25.31,25.67,26.22,26.75,27.41,26.34,27.57,27.71,27.41,27.6,29.8
30,5,26.57,25.4,26.71,25.36,26.78,26.7,26.7,25.62,25.11,25.42,26.02,26.52,27.22,26.16,27.24,27.37,27.13,27.28,29.55
30,6,26.53,25.41,26.62,25.4,26.72,26.62,26.62,25.69,25.44,25.53,26.07,26.42,27.08,26.38,27.24,27.36,27.68,27.22,29.47
30,7,26.81,25.8,26.73,25.82,26.89,26.97,26.97,26.33,26.63,26.18,26.66,26.7,27,26.61,27.81,27.77,28.67,27.72,29.72
30,8,27.34,26.48,27.02,26.52,27.26,27.65,27.65,27.38,28.23,27.22,27.61,27.33,27.01,28.23,28.87,28.52,29.57,28.71,30.14
30,9,28.11,27.33,27.46,27.46,27.81,28.55,28.55,28.62,29.88,28.43,28.74,28.18,27.13,31.14,30.18,29.5,30.65,29.88,30.64
30,10,28.89,28.11,27.92,28.38,28.37,29.49,29.49,29.73,31.24,29.52,29.87,29.09,27.34,32.87,31.28,30.52,31.78,30.8,31.15
30,11,29.63,28.76,28.35,29.19,28.91,30.32,30.32,30.64,32.24,30.38,30.79,29.89,27.62,34,32.16,31.43,32.73,31.5,31.61
30,12,30.3,29.3,28.75,29.87,29.41,30.88,30.88,31.3,32.83,31.01,31.32,30.45,27.93,34.77,32.86,32.21,33.48,32.08,32.02
30,13,30.81,29.69,29.07,30.35,29.81,31.16,31.16,31.7,33,31.41,31.48,30.73,28.25,35.07,33.35,32.9,33.99,32.51,32.36
30,14,31.08,29.9,29.3,30.55,30.02,31.2,31.2,31.85,32.77,31.59,31.33,30.81,28.56,34.8,33.56,33.6,34.17,32.73,32.57
30,15,31.06,29.87,29.38,30.42,30.03,30.93,30.93,31.57,31.94,31.37,30.83,30.59,28.82,33.96,33.44,33.98,34.05,32.7,32.62
30,16,30.77,29.6,29.3,30.01,29.84,30.44,30.44,30.87,30.57,30.73,30.17,30.17,28.98,32.58,33.01,34.06,33.67,32.43,32.55
30,17,30.29,29.13,29.1,29.35,29.49,29.95,29.95,29.95,29.36,29.86,29.6,29.77,29.05,30.87,32.35,33.65,32.91,31.94,32.35
30,18,29.83,28.68,28.9,28.77,29.18,29.55,29.55,29.18,28.59,29.12,29.17,29.42,29.03,29.9,31.71,33.03,32.17,31.47,32.15
30,19,29.47,28.36,28.75,28.38,28.98,29.28,29.28,28.72,28.17,28.65,28.86,29.16,28.95,29.39,31.2,32.36,31.57,31.06,31.99
30,20,29.15,28.1,28.6,28.08,28.8,29.06,29.06,28.39,27.87,28.33,28.6,28.93,28.85,29,30.79,31.78,31.07,30.7,31.86
30,21,28.86,27.84,28.45,27.8,28.62,28.82,28.82,28.09,27.58,28.01,28.33,28.69,28.73,28.66,30.41,31.26,30.62,30.36,31.72
30,22,28.59,27.58,28.28,27.52,28.43,28.58,28.58,27.8,27.3,27.71,28.07,28.46,28.6,28.33,30.06,30.77,30.2,30.03,31.56
30,23,28.32,27.32,28.11,27.25,28.24,28.35,28.35,27.51,27.02,27.42,27.81,28.22,28.46,28.02,29.72,30.32,29.8,29.71,31.37
