ID,Description,Repeat,Auto,Outdoor,BioActivity,Interrupt,Hunger,Dirty,Thirst,Energy,Exhausted,Sleepy,Defecate,Urinate,Emotion,Duration,Start,Priority,Physical_Std,Wish,Advantage,Authority,Obedience,Urgency,Routine,Prerequisite,InteractAgent,FollowerActivity,FollowMovement,Set,Next,Eliminate,Rooms,Door,LightThreshold,Status,Temperature,Device,PostActivity,Resource,InteractAgentStatus,UrgencyType,UrgencyValue,Effect
A02,Mengisi ulang daya gadget pagi,3,1,0,0,0;1,-1;582.253,0.25;9,1;9,-1;1630.3,1;5,1;5,3.908;31.264,30;54,-0.025;-0.05;0.125,3:00,4:00,0,2,8,10,1,10,10,1|1,-,-,-,0,-,-,-,RKG01|NONE,-|-,65;L1|-,5|-,-|-,-|-,-|-,-|-,-,0,0,Room:0:0.1;CH01:1:0.0088|Room:0:0.1;CH02:1:0.0148;CH03:1:0.0088
A103,Olahraga di rumah,1,0,0,0,1;0,-5.5;970.419,1;7,1.75;7,-5.5;465.8,1.5;8,1.5;7,0.977;27.356,7.5;42,0;0;0.625,1:00,5:00,4,6.5,6,6,1,5,2.5,30|-2,-,-,-,0,-,-,-,RTS01|NONE,R1|-,65;L1|-,5|-,-|-,-|-,R2|-,-|-,-,0,0,Room:0:0.1|-
A22,Memasak makan pagi dengan rice cooker,4,1,0,0,1;0,-2;1358.585,0.25;8,1;4,-2;1397.4,1;2,1;2,6.839;31.264,22.5;48,0;0;0.125,0:05,5:00,0,6.5,6,8,1.2,7.5,10,1|1,-,agen01;agen03;agen04;agen05,-,0,-,-,-,RDP02|NONE,-|-,65;L1|-,5|-,-|-,RCooker|-,-|-,RawFood:3;Water:5|-,Hunger;6,3,Hunger;1,Room:0:0.1;RawFood:0:-3;Water:0:-5;Food:4:5;DirtyUtensil:7:60|-
A24,Memasak makan pagi dengan kompor gas,2,0,0,0,1;0,-2.5;1358.585,0.25;8,1;4,-2.5;1397.4,1;2,1;2,5.862;31.264,15;48,0;0;0.125,0:40,5:00,0,6.5,8,10,1.2,10,7.5,1|1,A22,agen01;agen03;agen04;agen05,-,0,-,-,-,RDP01|RDP02,R1|-,65;L1|65;L1,5|5,-|-,Stove|Refrigerator,R2;D2|-,Gas:0;Water:10|RawFood:5,Hunger;6,3,Hunger;1,Room:0:0.1;Gas:11:-0.0048;Trash:0:0.2;Food:4:5|Room:0:0.1;RawFood:0:-5;Water:0:-8;Water:6:-0.043;DirtyUtensil:0:1
A131,Bersepeda,1,0,1,0,1;0,-4;970.419,1;7,1.75;7,-4;465.8,1.5;8,1.5;7,0.977;27.356,7.5;42,0;0;0.625,1:00,6:00,4,6.5,8,6,1,5,5,7|6;7,-,-,-,0,-,-,-,RGS02|NONE,R1|-,65;CC|-,3|-,-|-,-|-,R2|-,-|-,-,0,0,Room:0:0.1|-
P48,Mencari agen03 untuk jalan di sekitar rumah,1,0,1,0,1;0,-1.17;1358.585,0.25;5,1.75;5,-3.5;1397.4,1;3,1;6,5.862;19.54,15;30,0;0;0.625,0:03,6:00,4,5,8,6,1,5,5,7|6;7,-,agen03,-,0,S23-C,P02,-,-,-|-,-|-,-|-,-|-,-|-,-|-,-|-,-,0,0,Room:0:0.1|-
P02,Membawa agen03 untuk jalan di sekitar rumah,1,0,1,0,1;0,-1.17;1358.585,0.25;5,1.75;5,-3.5;1397.4,1;3,1;6,5.862;19.54,15;30,0;0;0.625,0:03,6:00,4,5,8,6,1,5,5,7|6;7,P48,agen03,P45,1,S23-C,A54,-,-,-|-,-|-,-|-,-|-,-|-,-|-,-|-,-,0,0,Room:0:0.1|-
A54,Pergi jalan ke sekitar rumah,1,0,1,0,1;0,-1.17;1358.585,0.25;5,1.75;5,-3.5;1397.4,1;3,1;6,5.862;19.54,15;30,0;0;0.625,1:00,6:00,4,5,8,6,1,5,5,7|6;7,P02,agen03,A54,1,S23-M,-,-,RGS01|NONE,R1|-,65;CC|-,5|-,-|-,-|-,R2|-,-|-,-,0,0,Room:0:0.1|-
A74,Mencuci piring dan alat masak pagi,2,0,0,0,0;1,-2.3;1552.668,0.25;8,1;2,-2.3;931.6,1;1,1;3,5.862;31.264,15;36,0;-0.025;0.25,0:25,6:00,0,4.5,8,8,1,10,10,7|6;7,A22;A24,-,-,0,-,-,-,RDP02|NONE,-|-,65;L1|-,4|-,-|-,Sink|-,D2|-,Water:0|-,-,5,DirtyUtensil,Room:0:0.1;DirtyUtensil:5:0;Water:11:-0.043|-
P06,Mengambil sampah pagi,1,0,0,0,1;0,-1;582.253,0;9,0.5;9,-1;1630.3,0.1;5,1;5,3.908;31.264,30;54,0;0;0.125,0:05,6:00,2,3,4,4,1.2,5,2.5,7|-3,-,-,-,0,S04-C,A27,-,RDP01|NONE,R1|-,65;L1|-,5|-,-|-,-|-,-|-,-|-,-,0,0,Room:0:0.1|-
A27,Membuang sampah pagi,1,0,0,0,1;0,-3;582.253,0.25;9,1.25;9,-3;1397.4,1;3,1;7,5.862;31.264,15;54,0;0;0.125,0:05,6:05,1,5.5,4,4,1.2,5,5,1|1,P06,-,-,0,S04-M,-,-,RHD01|NONE,R1|-,65;CC|-,5|-,-|-,TrashCan|-,R2|-,Trash:0|-,-,5,Trash,Room:0:0.1;Trash:5:0|-
A33,Bekerja di luar rumah,3,0,1,0,0;1,-0.76;1358.585,1;5,1.75;5,-2.3;1397.4,1.75;3,1.5;6,5.862;19.54,15;30,0;0;0.125,8:00,6:00,0,6.5,6,8,1,10,10,1|1,-,-,-,0,-,-,-,RGS02|NONE,R1|-,65;CC|-,5|-,-|-,-|-,R2|-,-|-,-,0,0,Room:0:0.1|-
P01,Mencari agen03 bangun pagi,2,0,0,0,0;1,-1;582.253,0;9,0.5;9,-1;1630.3,0.1;5,0;5,3.908;31.264,30;54,-0.025;0;0.25,0:05,7:00,0,3,10,10,1.2,10,10,1|1,-,agen03,-,0,S02-C,A25,-,-,-|-,-|-,-|-,-|-,-|-,-|-,-|-,Sleepy;3,0,0,Room:0:0.1|-
A25,Membangunkan agen03 di pagi hari,3,0,0,0,0;1,-1;1358.585,0.25;8,1;4,-1;1397.4,1;2,1;2,3.908;31.264,30;48,-0.025;0;0.25,0:05,7:05,0,3,6,6,1,2.5,5,7|6;7,P01,agen03,B01,0,S02-M,-,-,-,R1|-,-|-,5|-,-|-,-|-,R2;L2;E2|-,-|-,Sleepy;3,4,Sleepy;1,Room:0:0.1|-
A37,Membersihkan KM Dalam,2,0,0,0,0;1,-3.8;1552.668,0.3;8,1;3,-3.8;1397.4,1.25;3,1;3,4.885;31.264,7.5;60,-0.025;0;0.625,0:30,7:00,3,5.5,6,6,1,10,7.5,7|6;7,-,-,-,0,-,-,-,RKM01|NONE,CC|-,65;L1|-,3|-,-|-,Closet|-,R2;D2|-,Water:0;Trash:0|-,-,8,-,Room:5:0;Trash:0:1;Water:11:-0.2|-
A01,Membereskan kasur & karpet tidur,1,0,0,0,1;0,-2;582.253,0.4;9,1;9,-2;1630.3,1;3,1;3,6.839;31.264,22.5;54,0;-0.25;0.125,0:25,8:00,2,2,6,6,1,5,5,7|-3,-,-,-,0,-,-,-,RTU01|NONE,R1|-,65;L1|-,5|-,-|-,Bed|-,R2;L2;E2|-,-|-,-,8,-,Room:0:0.1|Room:0:0.1
A29,Memasak air untuk mandi di pagi hari,1,1,0,0,1;0,-2.5;582.253,0.25;9,1;9,-2.5;1630.3,1;5,1;5,5.862;31.264,15;54,0;0;0.125,0:10,8:00,0,5,6,4,1,5,5,30|-2,-,-,-,0,S05-M,P11,-,RDP01|RDP02,R1|-,65;L1|65;L1,5|5,-|-,Stove|-,D2|-,Gas:0|Water:5,-,4,Dirty;1,Room:0:0.1;Gas:11:-0.0048|Water:0:-5
P11,Menyiapkan air mandi pagi,1,0,0,0,0;1,-1;582.253,0;9,0.5;9,-1;1630.3,0.1;5,0.1;5,3.908;31.264,30;54,0;0;0.125,0:05,8:10,0,5,8,8,1,10,7.5,1|1,A29,-,-,0,S05-C,P03,-,RKM01|NONE,CC|-,65;L1|-,5|-,-|-,-|-,D2|-,Water:40|-,-,0,0,Room:0:0.1;Water:0:-40;Water:6:-0.2|-
P03,Mencari agen03 mandi,1,0,0,0,0;1,-1;582.253,0;9,0.5;9,-1;1630.3,0.1;5,0.1;5,3.908;31.264,30;54,0;0;0.125,0:05,8:15,0,3,8,8,1.2,7.5,7.5,7|6;7,P11,agen03,-,0,S05-C,P04,-,-,-|-,-|-,-|-,-|-,-|-,-|-,-|-,Dirty;8,0,0,Room:0:0.1|-
P04,Membawa agen03 mandi,1,0,0,0,0;1,-1;582.253,0;9,0.5;9,-1;1630.3,0.1;5,0.1;5,3.908;31.264,30;54,0;0;0.125,0:05,8:20,0,3,8,8,1.2,7.5,7.5,7|6;7,P03,agen03,P13,1,S05-C,A30,-,RKM02|NONE,-|-,-|-,-|-,-|-,-|-,-|-,-|-,Dirty;8,0,0,Room:0:0.1|-
A30,Memandikan agen03,1,0,0,0,0;0,-2.5;582.253,0.25;9,1;9,-2.5;931.6,1;3,1;7,5.862;31.264,15;54,0;0;0.5,0:15,8:25,0,6.5,8,8,1,5,5,7|6;7,P04,agen03,B07,0,S05-M,-,-,RKM02|NONE,CC|-,65;L1|-,2|-,-|-,-|-,L2;D2|-,Water:0|-,Dirty;8,4,Dirty;0.5,Room:0:0.1;Water:11:-0.2|-
A41,Mencuci baju konvensional,1,0,0,0,1;0,-3.8;582.253,0.25;9,1;9,-3.8;1630.3,1;3,1;7,4.885;31.264,7.5;54,0;0;0.25,0:30,9:00,0,5,6,6,1,10,7.5,7|6;7,-,-,-,0,-,A43,A42,RDP01|NONE,-|-,65;L1|-,4|-,-|-,-|-,R2;L2;D2|-,Water:150;DirtyCloth:35|-,-,5,DirtyCloth,Room:0:1;DirtyCloth:5:0;CleanWetCloth:7:30;Water:0:-150|-
A42,Mencuci dengan mesin cuci,1,1,0,0,0;1,-2;582.253,0.25;9,1;9,-2;1164.5,1;3,1;7,5.862;31.264,15;54,0;0;0.25,2:00,9:00,0,4.5,6,10,1,10,10,7|6;7,-,-,-,0,-,-,A41,RBK01|NONE,R1|-,65;L1|-,5|-,-|-,WMachine|-,-|-,Water:100;DirtyCloth:35|-,-,5,DirtyCloth,Room:0:1;DirtyCloth:5:0;CleanWetCloth:7:90;Water:0:-100;WM01:1:0.0395|-
A179,Mengeringkan pakaian,1,1,0,0,0;1,-2.3;582.253,0.25;9,1;9,-2.3;1397.4,1;3,1;7,5.862;31.264,15;54,0;0;0.25,0:15,9:00,0,4.5,6,10,1,10,10,7|6;7,-,-,-,0,-,-,A41,RBK01|NONE,-|-,65;L1|-,5|-,-|-,WMachine|-,-|-,CleanWetCloth:35|-,-,5,CleanWetCloth,Room:0:1;WM01:1:0.055|-
A43,Menjemur pakaian,1,0,0,0,1;0,-2.3;582.253,0.25;9,1;9,-2.3;1397.4,1;3,1;7,5.862;31.264,15;54,0;0;0.25,0:15,9:00,0,4,6,6,1,10,7.5,7|6;7,A41;A42,-,-,0,-,-,-,RJM01|NONE,-|-,65;L1|-,5|-,-|-,-|-,-|-,CleanWetCloth:35|-,-,9,CleanWetCloth,Room:0:1;CleanWetCloth:5:0;CleanDryCloth:7:360|-
A113,Menggunakan blender bumbu,1,0,0,0,0;1,-2.5;1552.668,0.25;8,1;2,-2.5;698.7,1;1,1;3,5.862;31.264,15;36,0;0;0.125,0:05,9:00,0,3,6,8,1,7.5,5,30|-2,-,-,-,0,-,-,-,RDP02|NONE,-|-,65;L1|-,5|-,-|-,Blender2|-,E2|-,-|-,-,3,Hunger;0.6,Room:0:0.1;RawFood:0:-1;DirtyUtensil:0:1|-
A104,Membuat jus,1,0,0,0,0;1,-2.5;582.253,0.25;9,1;9,-2.5;1397.4,1;3,1;3,5.862;31.264,15;54,0;0;0.125,0:05,10:00,0,3,6,8,1,7.5,5,30|-2,-,-,-,0,-,-,-,RDP02|NONE,-|-,65;L1|-,5|-,-|-,Blender1|-,E2|-,Food:5;DrinkWater:1|-,-,3,Thirst;0.8,Room:0:0.1;RawFood:0:-3;DrinkWater:0:-500;DrinkWater:4:1000;DirtyUtensil:0:1|-
A76,Membaca pagi,1,0,0,0,1;0,-1.3;1552.668,0.25;8,1;2,-1.3;698.7,1;1,1;3,6.839;31.264,22.5;36,0.05;-0.025;0.625,1:30,10:00,3,4,8,8,1,5,5,7|1;2;3;4;5,-,-,-,0,-,-,-,RKG01|RTU01,-|R1,65;L1|65;L1,5|5,27|27,Chair|Bed,L2;E2|R2;L2;E2,-|-,-,0,0,Room:0:0.1|-
A77,Bersantai pagi,1,0,0,0,1;0,-1;1552.668,0.25;8,1;2,-1;698.7,1;1,1.5;3,3.908;31.264,30;36,0.05;-0.025;0.125,3:00,10:00,0,2,8,6,1,5,5,7|6;7,-,-,-,0,-,-,-,RKG01|RTU01,-|R1,65;L1|65;L1,5|5,27|27,Chair|Bed,L2;E2|R2;L2;E2,-|-,-,1,Exhausted,Room:0:0.1|Room:0:0.1
A56,Mengangkat jemuran,1,0,0,0,1;0,-2.3;1552.668,0.25;8,1;2,-2.3;931.6,1;1,1;3,5.862;31.264,15;36,0;0;0.25,0:15,16:00,4,4.5,6,6,1,10,7.5,7|6;7,A43,-,-,0,-,A157,-,RJM01|NONE,-|-,65;L1|-,5|-,-|-,-|-,R2;L2|-,CleanDryCloth:35|-,-,9,CleanDryCloth,Room:0:1;CleanDryCloth:8:0|-
A157,Meletakan pakaian bersih,1,0,0,0,1;0,-2.3;1552.668,0.25;8,1;2,-2.3;931.6,1;1,1;3,5.862;31.264,15;36,0;0;0.25,0:15,16:00,4,4.5,6,6,1,10,7.5,7|6;7,A56,-,-,0,-,-,-,RKJ01|NONE,-|-,65;L1|-,5|-,-|-,-|-,L2|-,CleanDryCloth:35|-,-,9,CleanDryCloth2,Room:0:1;CleanDryCloth2:8:0|-
A45,Pergi memasukan laundry,2,0,1,0,0;1,-2.3;1358.585,0.25;5,1;5,-2.3;1397.4,1;3,1;6,5.862;19.54,15;30,0;0;0.125,0:20,17:00,0,5,6,10,1,10,10,7|6;7,-,-,-,0,-,-,A41;A42,RGS02|NONE,R1|-,60;CC|-,5|-,-|-,-|-,R2|-,DirtyCloth:50|-,-,9,CleanDryCloth2,Room:0:0.1;DirtyCloth:8:0|-
A61,Pergi mengambil laundry,2,0,1,0,0;1,-2.3;1358.585,0.25;5,1;5,-2.3;1397.4,1;3,1;6,5.862;19.54,15;30,0;0;0.25,0:20,17:00,0,5,6,10,1,10,10,7|6;7,A45,-,-,0,-,-,-,RGS02|NONE,R1|-,60;CC|-,4|-,-|-,-|-,R2|-,ReadyUseCloth:50|-,-,9,ReadyUseCloth,Room:0:0.1;ReadyUseCloth:9:0|-
A79,Menerima tamu,1,0,0,0,1;0,-1.3;1358.585,0.25;5,1;5,-1.3;1397.4,1;3,1;6,6.839;19.54,22.5;30,0;0;0.625,0:35,17:00,0,4.5,6,6,1,10,2.5,7|-3,-,-,-,0,-,-,-,RTM01|NONE,R1|-,65;L1|-,5|-,-|-,Sofa|-,R2|-,-|-,-,0,0,Room:0:0.1|-
A66,Menonton TV malam,2,0,0,0,1;0,-1;1552.668,0.25;8,1;2,-1;1397.4,1;1,1.5;3,3.908;31.264,30;36,0.025;-0.025;0.25,6:00,17:00,0,2.5,6,6,1,5,5,1|1,-,-,-,0,-,-,-,RKG01|NONE,-|-,65;L1|-,3|-,27|-,Chair|-,L2;E2|-,-|-,-,0,0,Room:0:0.1;TV01:1:0.029|-
A145,Menyapu Ruang Tidur Utama 1 sore,2,0,0,0,0;1,-3.3;582.253,0.25;9,1.25;9,-3.3;1397.4,1;3,1;7,4.885;31.264,7.5;54,0;-0.025;0.125,0:04,17:00,0,5.5,6,6,1.2,10,7.5,1|1,-,-,-,0,S01-M,A146,-,RTU01|NONE,R1|-,65;L1|-,3|-,-|-,-|-,R2|-,-|-,-,8,-,Room:3:-0.5;Trash:0:0.1|-
A146,Menyapu Dapur Bersih sore,2,0,0,0,0;1,-3.3;582.253,0.25;9,1.25;9,-3.3;1397.4,1;3,1;7,4.885;31.264,7.5;54,0;-0.025;0.125,0:05,17:04,0,5.5,6,6,1.2,10,7.5,1|1,-,-,-,0,S01-M,A147,-,RDP02|NONE,-|-,65;L1|-,3|-,-|-,-|-,-|-,-|-,-,8,-,Room:3:-0.5;Trash:0:0.1|-
A147,Menyapu Ruang Keluarga sore,2,0,0,0,0;1,-3.3;582.253,0.25;9,1.25;9,-3.3;1397.4,1;3,1;7,4.885;31.264,7.5;54,0;-0.025;0.125,0:03,17:09,0,5.5,6,6,1.2,10,7.5,1|1,-,-,-,0,S01-M,A148,-,RKG01|NONE,-|-,65;L1|-,3|-,-|-,-|-,-|-,-|-,-,8,-,Room:3:-0.5;Trash:0:0.1|-
A148,Menyapu Ruang Tamu sore,2,0,0,0,0;1,-3.3;582.253,0.25;9,1.25;9,-3.3;1397.4,1;3,1;7,4.885;31.264,7.5;54,0;-0.025;0.125,0:08,17:12,0,5.5,6,6,1.2,10,7.5,1|1,-,-,-,0,S01-M,A149,-,RTM01|NONE,-|-,65;L1|-,3|-,-|-,-|-,R2|-,-|-,-,8,-,Room:3:-0.5;Trash:0:0.1|-
A149,Menyapu Teras sore,2,0,0,0,0;1,-3.3;582.253,0.25;9,1.25;9,-3.3;1397.4,1;3,1;7,4.885;31.264,7.5;54,0;-0.025;0.125,0:03,17:20,0,5.5,6,6,1.2,10,7.5,1|1,-,-,-,0,S01-M,A150,-,RTS01|NONE,R1|-,65;L1|-,3|-,-|-,-|-,R2|-,-|-,-,8,-,Room:3:-0.5;Trash:0:0.1|-
A150,Mengepel Ruang Tidur Utama 1 sore,2,0,0,0,0;1,-3.5;582.253,0.25;9,1.25;9,-3.5;1397.4,1;3,1;7,4.885;31.264,7.5;54,0;-0.025;0.125,0:06,17:23,0,5,6,6,1.2,10,7.5,1|1,A145,-,-,0,S01-C,A151,-,RTU01|NONE,R1|-,65;L1|-,3|-,-|-,-|-,R2;L2|-,-|-,-,8,-,Room:3:-0.5;Water:0:-2|-
A151,Mengepel Dapur Bersih sore,2,0,0,0,0;1,-3.5;582.253,0.25;9,1.25;9,-3.5;1397.4,1;3,1;7,4.885;31.264,7.5;54,0;-0.025;0.125,0:05,17:29,0,5,6,6,1.2,10,7.5,1|1,A146,-,-,0,S01-C,A152,-,RDP02|NONE,-|-,65;L1|-,3|-,-|-,-|-,-|-,-|-,-,8,-,Room:3:-0.5;Water:0:-2|-
A152,Mengepel Ruang Keluarga sore,2,0,0,0,0;1,-3.5;582.253,0.25;9,1.25;9,-3.5;1397.4,1;3,1;7,4.885;31.264,7.5;54,0;-0.025;0.125,0:03,17:34,0,5,6,6,1.2,10,7.5,1|1,A147,-,-,0,S01-C,A153,-,RKG01|NONE,-|-,65;L1|-,3|-,-|-,-|-,-|-,-|-,-,8,-,Room:3:-0.5;Water:0:-2|-
A153,Mengepel Ruang Tamu sore,2,0,0,0,0;1,-3.5;582.253,0.25;9,1.25;9,-3.5;1397.4,1;3,1;7,4.885;31.264,7.5;54,0;-0.025;0.125,0:08,17:37,0,5,6,6,1.2,10,7.5,1|1,A148,-,-,0,S01-C,A154,-,RTM01|NONE,-|-,65;L1|-,3|-,-|-,-|-,-|-,-|-,-,8,-,Room:3:-0.5;Water:0:-2|-
A154,Mengepel Teras sore,2,0,0,0,0;1,-3.5;582.253,0.25;9,1.25;9,-3.5;1397.4,1;3,1;7,4.885;31.264,7.5;54,0;-0.025;0.125,0:03,17:45,0,5,6,6,1.2,10,7.5,1|1,A149,-,-,0,S01-C,-,-,RTS01|NONE,R1|-,65;L1|-,3|-,-|-,-|-,R2|-,-|-,-,8,-,Room:3:-0.5;Water:0:-2|-
A55,Berkebun (menanam/merawat) sore hari,1,0,0,0,1;0,-4;1552.668,0.75;8,1.5;2,-4;931.6,1.25;1,1.5;3,6.839;31.264,22.5;36,0.025;-0.025;0.5,0:30,17:00,3,3.5,8,10,1,0,5,7|-3,-,-,-,0,-,-,-,RHD01|NONE,R1|-,80;CC|-,4|-,-|-,-|-,R2|-,-|-,-,6,-,Room:0:0.5|-
A143,Mengisi ulang daya gadget sore,3,1,0,0,0;1,-1;582.253,0.25;9,1;9,-1;1630.3,1;5,1;5,3.908;31.264,30;54,-0.025;-0.05;0.125,3:00,17:00,0,2,8,10,1,10,10,1|1,-,-,-,0,-,-,-,RKG01|NONE,-|-,65;L1|-,5|-,-|-,-|-,-|-,-|-,-,0,0,Room:0:0.1;CH01:1:0.0088|Room:0:0.1;CH02:1:0.0148;CH03:1:0.0088
A68,Membuat susu agen03 di malam hari,1,0,0,0,0;1,-1;582.253,0.25;9,1;9,-1;1164.5,1;3,1;7,3.908;31.264,30;54,0;0;0.25,0:10,17:00,0,5,8,10,1,5,10,1|1,-,agen03,-,0,S03-M,P32,-,RDP02|NONE,-|-,65;L1|-,5|-,-|-,-|-,D2|-,Gas:0;DrinkWater:0.15|-,Thirst;5,4,Thirst;1,Room:0:0.1;Gas:11:-0.0048;DrinkWater:0:-150|-
P32,Mencari agen minum susu,1,0,0,0,0;1,-1;582.253,0;9,0.5;9,-1;1630.3,0.1;5,0.1;5,3.908;31.264,30;54,0;0;0.25,0:05,17:05,0,3,8,8,1.2,10,10,1|1,A68,agen03,P51,1,S03-C,-,-,-,-|-,-|-,-|-,-|-,-|-,-|-,-|-,Thirst;5,0,0,Room:0:0.1|-
P47,Mengikuti agen lain jalan di akhir pekan,1,0,1,0,1;0,-1.67;1358.585,0.25;5,1.75;5,-3.5;1397.4,1.25;3,1;6,5.862;19.54,15;30,0.05;-0.025;0.5,0:03,18:00,4,5,10,6,1,5,5,7|6;7,-,agen01,P12,0,S20-C,A36,-,RGS01|NONE,R1|-,65;L1|-,4|-,-|-,-|-,R2|-,-|-,-,6,-,Room:0:0.1|-
P49,Mencari agen lain untuk jalan di akhir pekan,1,0,1,0,1;0,-1.67;1358.585,0.25;5,1.75;5,-3.5;1397.4,1.25;3,1;6,5.862;19.54,15;30,0.05;-0.025;0.5,0:03,18:00,4,5,10,6,1,5,5,7|6;7,-,agen03;agen05,-,0,S20-C,P12,-,-,-|-,-|-,-|-,-|-,-|-,-|-,-|-,-,6,-,Room:0:0.1|-
P12,Membawa agen03 untuk jalan akhir pekan,1,0,1,0,1;0,-1.67;1358.585,0.25;5,1.75;5,-3.5;1397.4,1.25;3,1;6,5.862;19.54,15;30,0.05;-0.025;0.5,0:03,18:00,4,5,10,6,1,5,5,7|6;7,P49,agen03;agen05,P47,1,S20-C,A36,-,RGS01|NONE,R1|-,65;L1|-,4|-,-|-,-|-,R2|-,-|-,-,6,-,Room:0:0.1|-
A36,Pergi jalan ke luar rumah di akhir pekan,1,0,1,0,1;0,-1.67;1358.585,0.25;5,1.75;5,-3.5;1397.4,1.25;3,1;6,5.862;19.54,15;30,0.05;-0.025;0.5,2:00,18:00,4,5,10,6,1,5,5,7|6;7,-,agen01;agen03;agen05,-,0,S20-M,-,-,RGS01|NONE,R1|-,65;L1|-,4|-,-|-,-|-,R2|-,-|-,-,6,-,Room:0:0.1|-
P50,Mencari agen03 untuk pergi membeli makan,1,0,1,0,1;0,-2.3;582.253,0.25;9,1;9,-2.3;698.7,1.25;3,1;7,5.862;31.264,15;54,0.05;0;0.125,0:03,18:00,4,5,10,6,1,5,5,7|6;7,-,agen03,P46,0,S19-C,A62,A63,RGS02|NONE,R1|-,60;CC|-,5|-,-|-,-|-,R2|-,-|-,-,3,Hunger;1,Room:0:0.1;Food:0:5|-
A62,Pergi membeli makan malam di luar rumah,1,0,1,0,1;0,-2.3;582.253,0.25;9,1;9,-2.3;698.7,1.25;3,1;7,5.862;31.264,15;54,0.05;0;0.125,0:30,18:00,4,5,10,6,1,5,5,7|6;7,P50,agen03,A62,0,S19-M,-,A63,RGS02|NONE,R1|-,60;CC|-,5|-,-|-,-|-,R2|-,-|-,-,3,Hunger;1,Room:0:0.1;Food:0:5|-
A60,Memasak makan malam dengan rice cooker,4,1,0,0,1;0,-2;1358.585,0.25;8,1;4,-2;1397.4,1;2,1;2,6.839;31.264,22.5;48,0;0;0.125,0:05,18:00,0,6.5,6,8,1.2,7.5,10,1|1,-,agen01;agen03;agen04;agen05,-,0,-,-,-,RDP02|NONE,-|-,65;L1|-,5|-,-|-,RCooker|-,D2|-,RawFood:3;Water:5|-,Hunger;6,3,Hunger;1,Room:0:0.1;RawFood:0:-3;Water:0:-5;Food:4:5;DirtyUtensil:7:60;RC01:1:0.3179|-
A63,Memasak makan malam dengan kompor gas,2,0,0,0,1;0,-2.5;1358.585,0.25;8,1;4,-2.5;1397.4,1;2,1;2,5.862;31.264,15;48,0;0;0.125,0:40,18:00,0,6.5,8,10,1.2,10,7.5,1|1,A60,agen01;agen03;agen04;agen05,-,0,-,-,A62,RDP01|RDP02,R1|-,65;L1|65;L1,5|5,-|-,Stove|Refrigerator,R2;D2|D2,Gas:0;Water:10|RawFood:5,Hunger;6,3,Hunger;1,Room:0:0.1;Gas:11:-0.0048;Trash:0:0.2;Food:4:5|Room:0:0.1;RawFood:0:-5;Water:0:-8;DirtyUtensil:0:1
P08,Mencari agen03 makan malam,2,0,0,0,0;1,-1;582.253,0;9,0.5;9,-1;1630.3,0.1;5,0.1;5,3.908;31.264,30;54,0;0;0.5,0:05,18:00,0,3,5,8,0,0,5,1|1,A62;A63,agen03,-,0,S08-C,P43,-,-,-|-,-|-,-|-,-|-,-|-,-|-,-|-,Hunger;8,4,Hunger;1,Room:0:0.1|-
P43,Membawa agen03 makan,2,0,0,0,0;1,-1;582.253,0;9,0.5;9,-1;1630.3,0.1;5,0.1;5,3.908;31.264,30;54,0;0;0.5,0:05,18:05,0,3,5,8,0,0,5,1|1,P08,agen03,P14,1,S08-C,P44,-,RKG01|NONE,-|-,65;L1|-,5|-,-|-,-|-,-|-,-|-,Hunger;8,4,Hunger;1,Room:0:0.1|-
P44,Mengambil makan agen03,2,0,0,0,0;1,-1;582.253,0;9,0.5;9,-1;1630.3,0.1;5,0.1;5,3.908;31.264,30;54,0;0;0.5,0:05,18:10,0,3,5,8,0,0,5,1|1,P43,agen03,P15,0,S08-C,A191,-,RDP02|NONE,-|-,65;L1|-,5|-,-|-,-|-,-|-,Food:2|-,Hunger;8,4,Hunger;1,Room:0:0.1;Food:0:-2|-
A191,Menyuapi agen03,1,0,0,0,1;0,-2.5;582.253,0.25;9,1;4,-2.5;698.7,1;2,1;2,5.862;31.264,15;48,0;0;0.5,0:25,18:15,0,6.5,8,8,1,10,10,1|1,P44,agen03,B02,0,S08-M,-,-,RKG01|NONE,-|-,65;L1|-,5|-,27|-,Chair|-,E2|-,-|-,Hunger;8,4,Hunger;1,Room:0:0.1;DirtyUtensil:0:0.5;Trash:0:0.05|-
A141,Membaca malam,2,0,0,0,0;1,-1.3;1552.668,0.25;8,1;2,-1.3;698.7,1;1,1;3,6.839;31.264,22.5;36,0.05;-0.025;0.625,3:00,18:00,0,4,8,8,1,5,2.5,1|1,-,-,-,0,-,-,-,RKG01|RTU01,-|R1,65;L1|65;L1,5|5,27|27,Chair|Bed,L2;E2|L2;R2;E2,-|-,-,0,0,Room:0:0.1|-
A142,Bersantai malam,2,0,0,0,0;1,-1;1552.668,0.25;8,1;2,-1;698.7,1;1,1.5;3,3.908;31.264,30;36,0.05;-0.025;0.125,3:00,18:00,0,2,8,8,1,5,2.5,1|1,-,-,-,0,-,-,-,RKG01|RTU01,-|R1,65;L1|65;L1,5|5,27|27,Chair|Bed,L2;E2|L2;R2;E2,-|-,-,1,Exhausted,Room:0:0.1|Room:0:0.1
P07,Mencari agen03 bermain malam,3,0,0,0,0;1,-1;582.253,0;9,0.5;9,-1;1630.3,0.1;5,0.1;5,3.908;31.264,30;54,0.025;-0.025;0.25,0:05,19:00,0,3,5,8,0,0,5,1|1,-,agen03,-,0,S07-C,A180,-,-,-|-,-|-,-|-,-|-,-|-,-|-,-|-,-,0,0,Room:0:0.1|-
A180,Bermain dengan agen03,2,0,0,0,1;0,-2.5;1164.502,0.25;6,1.5;4,-2.5;698.7,1.5;2,1.5;2,5.862;31.264,15;48,0.025;-0.025;0.25,3:00,19:05,0,3,8,8,1,0,7.5,1|1,P07,agen03,A183,1,S07-M,-,-,RTM01|RKG01,-|-,65;L1|65;L1,4|4,27|27,-|-,-|E2,-|-,-,6,-,Room:0:0.5|Room:0:0.5
A04,Belanja,1,0,1,0,1;0,-2.3;1358.585,0.25;8,1;2,-2.3;931.6,1.25;2,1;3,5.862;31.264,15;48,0.05;0;0.25,2:00,19:00,0,6.5,10,8,1,10,5,7|-3,-,-,-,0,-,-,-,RTS01|NONE,R1|-,60;CC|-,5|-,-|-,-|-,R2|-,RawFood:5|-,-,2,RawFood,Room:0:0.1;RawFood:0:30;Trash:0:0.1|-
A144,Mencuci piring dan alat masak malam,2,0,0,0,0;1,-2.3;1552.668,0.25;8,1;2,-2.3;931.6,1;1,1;3,5.862;31.264,15;36,0;-0.025;0.25,0:25,20:00,0,4.5,8,8,1,10,10,7|6;7,-,-,-,0,-,-,-,RDP02|NONE,-|-,65;L1|-,4|-,-|-,Sink|-,L2;D2|-,Water:0|-,-,5,Water,Room:0:0.1;DirtyUtensil:5:0;Water:11:-0.043|-
A71,Menyiapkan kasur & karpet tidur,1,0,0,0,1;0,-2;582.253,0.25;9,1;9,-2;1630.3,1;5,1;5,5.862;31.264,15;54,0;-0.025;0.25,0:10,21:00,0,2.5,6,6,1,10,10,7|6;7,-,agen01;agen03,-,0,-,-,-,RTU01|NONE,R1|-,65;L1|-,4|-,27|-,Bed|Bed,R2;E1|R2;E1,-|-,Sleepy;7,3,Sleepy;0.8,Room:0:0.1|Room:0:0.1
A73,Membereskan mainan agen03,2,0,0,0,1;0,-2.3;582.253,0.25;9,1.25;9,-2.3;1630.3,1.5;5,1.5;5,5.862;31.264,15;54,-0.025;-0.025;0.5,0:30,22:00,0,2.5,6,8,1,7.5,10,7|6;7,-,-,-,0,-,-,-,RKG01|NONE,-|-,65;L1|-,3|-,-|-,-|-,L2;E2|-,-|-,-,8,-,Room:5:0;Trash:0:0.5;KP04:1:0.0147|-
A78,Mengoperasikan gadget,5,0,0,0,1;0,-1.3;582.253,0.25;9,1;9,-1.3;1630.3,1;5,1.5;5,6.839;31.264,22.5;54,0.05;-0.05;0.25,1:00,-,0,3.5,10,10,1,10,10,1|1,-,-,-,0,-,-,-,RTM01|RKG01,-|-,65;L1|65;L1,5|5,-|-,Sofa|Chair,L2|L2;E2,-|-,-,0,0,Room:0:0.1|Room:0:0.1
A75,Berdandan setelah mandi,-1,0,0,0,0;1,-1;776.336,0.25;2,1;2,-1;1397.4,1;6,1;8,3.908;31.264,30;30,0.025;0;0.125,0:10,-,0,3,6,8,0,0,5,1|1,B07,-,-,0,S09-C,-,-,RTU01|NONE,R1|-,65;L1|-,4|-,-|-,-|-,R2;L2;E2|-,ReadyUseCloth:0|-,-,1,Dirty,Room:0:0.1;ReadyUseCloth:0:-1|-
A119,Mengambil Makan,6,0,0,1,0;1,-1;582.253,0;9,0.5;9,-1;1630.3,0.1;5,0.1;5,3.908;31.264,30;54,0;0;0.125,0:05,-,0,3,5,8,0,0,5,1|1,-,-,-,0,-,B02,-,RKG01|RDP02,-|-,65;L1|65;L1,5|5,-|-,-|-,-|-,Food:2|-,-,1,Hunger,Room:0:0.1;Food:0:-2|-
B01,Bangun tidur,-1,0,0,1,0;1,0;0,0.25;0,0;0,0;0,0;0,0;0,0;0,0;0,0;-0.025;-0.05,0:05,-,0,0,0,0,0,0,0,1|1,-,-,-,0,-,-,-,RTU01|NONE,R1|-,-|-,5|-,-|-,-|-,R2;L2;E2|-,-|-,-,1,Sleepy,Room:0:0.1|-
B02,Makan,-1,0,0,1,0;1,0;0,0.25;0,0;0,0;0,0;0,1;0,0;0,0;0,0;-0.025;-0.05,0:15,-,0,0,0,0,0,0,0,1|1,A119,-,-,0,-,B03,-,RKG01|RTM01,-|-,65;L1|65;L1,5|5,-|-,Chair|Sofa,E2|-,-|-,-,1,Hunger,Room:0:0.1;DirtyUtensil:0:0.5;Trash:0:0.05|-
B03,Minum,-1,0,0,1,0;1,0;0,0.25;0,0;0,0;0,0;0,0;0,0;0,0;0,0;0;-0.05,0:05,-,0,0,0,0,0,0,0,1|1,-,-,-,0,-,-,-,RDP02|NONE,-|-,65;L1|-,5|-,-|-,-|-,-|-,DrinkWater:0|-,-,1,Thirst,Room:0:0.1;DirtyUtensil:0:0.5;DrinkWater:10:0|-
B04,Tidur,-1,0,0,1,0;1,0;0,0.25;0,0;0,0;0,0;0,0;0,0;0,0;0,0;0;-0.05,-,-,0,0,0,0,0,0,0,1|1,-,-,-,0,-,-,-,RTU01|NONE,R1|-,65;L1|-,2|-,27|-,Bed|-,R2;L2;E2|-,-|-,-,1,Sleepy,Room:0:0.1|-
B05,BAK,-1,0,0,1,0;1,0;0,0.25;0,0;0,0;0,0;0,0;0,0;0,0;0,0;0;-0.05,0:05,-,0,0,0,0,0,0,0,1|1,-,-,-,0,-,-,-,RKM02|RKM03,CC|CC,65;L1|65;L1,0.2|0.2,-|-,Closet|Closet,R2;L2;D2|R2;L2;D2,Water:10|Water:10,-,1,Urinate,Room:0:0.1;Water:11:-0.095;Water:0:-10;Water:6:-0.25|Room:0:0.1;Water:0:-10;Water:6:-0.25
B06,BAB,-1,0,0,1,0;1,0;0,0.25;0,0;0,0;0,0;0,0;0,0;0,0;0,0;0;-0.05,0:10,-,0,0,0,0,0,0,0,1|1,-,-,-,0,-,-,-,RKM02|RKM03,CC|CC,65;L1|65;L1,0.2|0.2,-|-,Closet|Closet,R2;L2;D2|R2;L2;D2,Water:15|Water:15,-,1,Defecate,Room:0:0.1;Water:11:-0.095;Water:0:-15;Water:6:-0.25|Room:0:0.1;Water:0:-15;Water:6:-0.25
B07,Mandi,-1,0,0,1,0;1,0;0,0;0,0;0,0;0,0;0,0;0,0;0,0;0,0;0;-0.05,0:15,-,0,0,0,0,0,0,0,1|1,-,-,-,0,S09-M,A75,-,RKM02|RKM04,CC|CC,65;L1|65;L1,0.2|0.2,-|-,Closet|Closet,R2;L2;D2|R2;L2;D2,Water:60|Water:60,-,1,Dirty,Room:0:0.1;Water:0:-60;Water:6:-0.25|Room:0:0.1;Water:0:-60;Water:6:-0.091
