ID,CanInterrupt,CanBeInterrupted,StartTimeCanStart,EndTimeCanStart,Duration,Plan,Habit,Rules,Exhaust,Sleepy,Dirty,Urinate,Defecate,Energy,Hunger,Thirsty,Ability,Stress,Emotion,Mood,Loneliness,,,,,,,,
BT,0,1,05:00,06:00,10,0,8,0,0,1,1,1,1,0,1,1,-1,1.7,1.4,1.4,0,,,,,,,1,-1
BD,0,1,05:00,06:00,7,0,8,0,0,0,1,1,1,-1,1,1,-1,1.55,1.31,0,0,,,,,,,1,-1
MT1,1,0,05:00,06:00,10,4,0,7.2,1,1,1,1,1,-1,1,1,-1,1.7,1.4,0,0,,,,,,,1,-1
BR1,1,0,05:30,06:30,45,4,0,7.2,1,0,1,1,1,-1,1,1,-1,3.45,2.45,0,0,,,,,,,1,-1
SP,1,0,05:30,06:30,10,0,6,0,1,0,1,1,1,-1,1,1,-1,0,0,0,0,,,,,,,1,-1
M1,1,0,05:30,06:30,10,0,6,0,1,0,1,1,1,-1,1,1,-1,0,0,0,0,,,,,,,1,-1
M2,1,0,05:30,06:30,10,0,6,0,1,0,1,1,1,-1,1,1,-1,0,0,0,0,,,,,,,1,-1
M3,1,0,05:30,06:30,10,0,6,0,1,0,1,1,1,-1,1,1,-1,0,0,0,0,,,,,,,1,-1
M4,1,0,05:30,06:30,10,0,6,0,1,0,1,1,1,-1,1,1,-1,0,0,0,0,,,,,,,1,-1
M5,1,0,05:30,06:30,10,0,6,0,1,0,1,1,1,-1,1,1,-1,0,0,0,0,,,,,,,1,-1
M6,1,0,05:30,06:30,10,0,6,0,1,0,1,1,1,-1,1,1,-1,0,0,0,0,,,,,,,1,-1
M7,1,0,05:30,06:30,10,0,6,0,1,0,1,1,1,-1,1,1,-1,0,0,0,0,,,,,,,1,-1
M8,1,0,05:30,06:30,10,0,6,0,1,0,1,1,1,-1,1,1,-1,0,0,0,0,,,,,,,1,-1
M9,1,0,05:30,06:30,10,0,6,0,1,0,1,1,1,-1,1,1,-1,0,0,0,0,,,,,,,1,-1
M10,1,0,05:30,06:30,10,0,6,0,1,0,1,1,1,-1,1,1,-1,0,0,0,0,,,,,,,1,-1
M11,1,0,05:30,06:30,10,0,6,0,1,0,1,1,1,-1,1,1,-1,0,0,0,0,,,,,,,1,-1
OR,0,1,-1,-1,0,4,0,0,0,0,0,0,0,0,0,0,0,0,0,0,0,,,,,,,0,0
MD1,0,0,09:00,10:00,15,0,6,0,-1,0,-1,-1,-1,1,1,-1,-1,1.95,1.55,1.55,1.95,,,,,,,-1,-1
MA1,0,0,09:00,10:00,15,6,0,0,-1,0,-1,-1,-1,-1,1,-1,-1,1.95,1.55,0,1.95,,,,,,,-1,-1
MK1,0,0,07:30,08:30,20,6,0,0,1,0,1,1,1,-1,1,1,-1,2.2,1.7,1,2.2,,,,,,,1,-1
MK2,0,0,07:30,08:30,20,0,8,0,1,1,1,1,1,1,-1,-1,-1,2.2,1.7,2,2.2,,,,,,,-1,-1
MC1,0,0,-1,-1,0,0,0,0,0,0,0,0,0,0,0,0,0,0,0,0,0,,,,,,,0,0
MC2,0,0,-1,-1,0,0,0,0,0,0,0,0,0,0,0,0,0,0,0,0,0,,,,,,,0,0
MC3,0,0,-1,-1,0,0,0,0,0,0,0,0,0,0,0,0,0,0,0,0,0,,,,,,,0,0
GS1,0,1,07:30,08:00,30,0,8,0,1,0,1,1,1,-1,1,1,-1,0,0,0,0,,,,,,,1,-1
GS2,0,1,07:30,08:00,15,0,4,0,1,0,1,1,1,-1,1,1,-1,0,0,0,0,,,,,,,1,-1
GS3,0,1,17:00,18:00,30,0,8,0,1,0,1,1,1,-1,1,1,-1,0,0,0,0,,,,,,,1,-1
GS4,0,1,-1,-1,0,0,4,0,0,0,0,0,0,0,0,0,0,0,0,0,0,,,,,,,0,0
PG1,0,1,20:00,21:30,60,0,8,0,1,0,1,1,1,-1,1,1,-1,0,0,0,0,,,,,,,1,-1
PG2,0,1,20:00,21:30,30,0,8,0,1,0,1,1,1,-1,1,1,-1,0,0,0,0,,,,,,,1,-1
KJ1,0,0,-1,-1,0,0,0,0,0,0,0,0,0,0,0,0,0,0,0,0,0,,,,,,,0,0
KJ2,0,0,-1,-1,0,0,0,0,0,0,0,0,0,0,0,0,0,0,0,0,0,,,,,,,0,0
KJ3,0,0,-1,-1,0,0,0,0,0,0,0,0,0,0,0,0,0,0,0,0,0,,,,,,,0,0
KJ4,0,0,-1,-1,0,0,0,0,0,0,0,0,0,0,0,0,0,0,0,0,0,,,,,,,0,0
KJ5,0,0,-1,-1,0,0,0,0,0,0,0,0,0,0,0,0,0,0,0,0,0,,,,,,,0,0
KJ6,0,0,-1,-1,0,0,0,0,0,0,0,0,0,0,0,0,0,0,0,0,0,,,,,,,0,0
TDS,0,1,14:00,15:00,45,0,4,0,-1,0,1,1,1,1,1,1,-1,3.45,2.45,2.45,3.45,,,,,,,1,-1
MK3,0,0,12:00,13:00,20,6,0,0,1,0,1,1,1,-1,1,1,-1,2.2,1.7,0,2.2,,,,,,,1,-1
MK4,0,0,12:00,13:00,20,0,8,0,1,1,1,1,1,1,-1,-1,-1,2.2,1.7,1.7,2.2,,,,,,,-1,-1
BJ,0,1,-1,-1,0,6,0,0,0,0,0,0,0,0,0,0,0,0,0,0,0,,,,,,,0,0
BR2,1,0,16:00,17:00,90,8,0,7.2,1,1,1,1,1,-1,1,1,-1,5.6,3.8,3.8,5.6,,,,,,,1,-1
MT2,1,0,16:00,17:00,10,8,0,7.2,1,1,1,1,1,-1,1,1,-1,1.7,1.4,1.4,1.6,,,,,,,1,-1
GR,1,0,16:00,17:00,6,8,0,7.2,1,1,1,1,1,-1,1,1,-1,0,0,1.28,0,,,,,,,1,-1
MB12,0,1,15:00,15:30,0,0,8,0,0,0,0,0,0,0,0,0,0,0,0,0,0,,,,,,,0,0
MD2,0,0,18:30,19:00,30,0,8,0,-1,0,-1,-1,-1,1,1,1,-1,2,2,2,2,,,,,,,1,-1
MA2,0,0,18:30,19:00,30,8,0,0,1,0,1,-1,-1,-1,1,1,-1,0,0,0,0,,,,,,,1,-1
CC1,0,1,09:00,11:00,45,0,8,0,1,1,1,1,1,-1,1,1,-1,0,0,0,0,,,,,,,1,-1
CC2,0,0,09:00,11:00,30,6,0,0,0,0,1,1,1,-1,1,1,-1,0,0,0,0,,,,,,,1,-1
CC4,0,1,09:00,11:00,20,6,0,0,1,1,1,1,1,-1,1,1,-1,0,0,0,0,,,,,,,1,-1
CC5,0,1,17:00,18:00,10,6,0,0,1,1,1,1,1,-1,1,1,-1,0,0,0,0,,,,,,,1,-1
CP1,0,1,09:00,10:00,5,4,0,0,0,0,0,1,1,0,1,1,-1,0,0,0,0,,,,,,,1,-1
CP2,0,1,18:30,19:00,5,4,0,0,0,0,0,1,1,0,1,1,-1,0,0,0,0,,,,,,,1,-1
CP3,0,1,09:00,10:00,5,4,0,0,0,0,0,1,1,0,1,1,-1,0,0,0,0,,,,,,,1,-1
CP4,0,1,18:30,19:00,5,4,0,0,0,0,0,1,1,0,1,1,-1,0,0,0,0,,,,,,,1,-1
CY1,0,0,06:00,07:00,30,8,0,0,1,1,1,1,1,-1,1,1,-1,-2.7,-2,0,2.7,,,,,,,1,-1
CY2,0,1,-1,-1,0,4,0,0,0,0,0,0,0,0,0,0,0,0,0,0,0,,,,,,,0,0
CY3,0,1,15:30,17:00,120,2,0,0,1,1,1,1,1,-1,1,1,-1,-7.2,-4.7,0,7.2,,,,,,,1,-1
CY4,0,1,-1,-1,0,0,8,0,0,0,0,0,0,0,0,0,0,-1.2,-1.1,0,1.2,,,,,,,0,0
CY5,0,0,21:00,22:00,20,8,0,0,1,0,1,1,1,-1,1,1,-1,-2.2,-1.7,0,2.2,,,,,,,1,-1
MK5,0,0,19:00,20:00,30,8,0,0,1,0,1,1,1,-1,1,1,-1,2.7,2,0,2.7,,,,,,,1,-1
MK6,0,0,19:00,20:00,30,0,8,0,1,1,1,1,1,1,-1,-1,-1,2.7,2,2,2.7,,,,,,,-1,-1
BP,0,1,-1,-1,6,0,8,0,1,0,0,1,1,-1,1,1,-1,1.5,1.28,1.28,1.5,,,,,,,1,-1
MG1,0,0,-1,-1,0,0,0,0,0,0,0,0,0,0,0,0,0,0,0,0,0,,,,,,,0,0
MG2,0,0,-1,-1,0,0,0,0,0,0,0,0,0,0,0,0,0,0,0,0,0,,,,,,,0,0
MG3,0,0,-1,-1,0,0,0,0,0,0,0,0,0,0,0,0,0,0,0,0,0,,,,,,,0,0
MG4,0,0,-1,-1,0,0,0,0,0,0,0,0,0,0,0,0,0,0,0,0,0,,,,,,,0,0
MG5,0,0,-1,-1,0,0,0,0,0,0,0,0,0,0,0,0,0,0,0,0,0,,,,,,,0,0
MG8,0,0,-1,-1,0,0,0,0,0,0,0,0,0,0,0,0,0,0,0,0,0,,,,,,,0,0
MG9,0,0,-1,-1,0,0,0,0,0,0,0,0,0,0,0,0,0,0,0,0,0,,,,,,,0,0
TDM,0,1,23:00,05:00,360,0,6,0,-1,0,1,1,1,1,1,1,-1,19.2,11.9,10.8,1.2,,,,,,,1,-1
TD,0,1,-1,-1,0,0,4,0,0,0,0,0,0,0,0,0,0,0,0,0,0,,,,,,,0,0
TO,1,0,-1,-1,10,0,8,0,-1,0,1,1,1,-1,1,1,-1,1.7,1.4,0,1.2,,,,,,,1,-1
MD,0,0,-1,-1,15,0,8,0,0,0,0,0,0,0,0,0,0,0,0,0,0,,,,,,,0,0
BK,0,0,-1,-1,0,0,0,0,-1,0,-1,-1,-1,1,1,1,-1,1.95,1.55,0,1.2,,,,,,,1,-1
MK,0,1,21:00,22:00,10,0,8,0,0,0,0,0,0,0,0,0,0,0,0,0,0,,,,,,,0,0
MN1,0,1,07:30,08:30,6,0,8,0,-1,1,1,1,1,1,-1,-1,-1,1.7,1.4,1.4,0,,,,,,,-1,-1
MN2,0,1,12:00,13:00,6,0,8,0,-1,0,1,1,1,1,-1,-1,-1,1.5,1.28,0,0,,,,,,,-1,-1
MN3,0,1,19:00,20:00,6,0,8,0,-1,0,1,1,1,1,-1,-1,-1,1.5,1.28,0,0,,,,,,,-1,-1
MN4,0,1,-1,-1,6,0,8,0,-1,0,1,1,1,1,-1,-1,-1,1.5,1.28,0,0,,,,,,,-1,-1
MP,0,0,-1,-1,0,0,0,0,0,0,1,1,1,1,-1,-1,-1,1.5,1.28,0,0,,,,,,,-1,-1
BS,0,1,-1,-1,0,4,0,0,0,0,0,0,0,0,0,0,0,0,0,0,0,,,,,,,0,0
GD1,0,1,-1,-1,30,2,0,0,0,0,0,0,0,0,0,0,0,0,0,0,0,,,,,,,0,0
GD2,1,1,-1,-1,20,0,4,0,1,1,1,1,1,0,1,1,-1,2.7,2,0,0,,,,,,,1,-1
RD,1,1,21:00,22:00,60,1,6,0,-1,1,1,1,1,-1,1,1,-1,2.2,1.7,1.7,0,,,,,,,1,-1
TV,1,1,-1,-1,0,0,4,0,0,0,1,1,1,1,1,1,-1,4.2,2.9,2.9,0,,,,,,,1,-1
BM1,0,1,-1,-1,0,6,0,0,0,0,0,0,0,0,0,0,0,0,0,0,0,,,,,,,0,0
BM2,0,0,-1,-1,0,0,0,0,0,0,0,0,0,0,0,0,0,0,0,0,0,,,,,,,0,0
MT,1,0,15:00,15:30,20,8,0,0,1,0,0,0,0,0,0,0,0,0,0,0,0,,,,,,,0,0
KS,1,1,-1,-1,0,0,0,0,0,0,1,1,1,-1,1,1,-1,2.2,1.7,1.7,0,,,,,,,1,-1
IB,0,1,-1,-1,0,8,0,0,0,0,0,0,0,0,0,0,0,0,0,0,0,,,,,,,0,0
BL,1,1,07:30,08:00,5,4,0,0,1,0,0,0,0,0,0,0,0,0,0,0,0,,,,,,,0,0
GL,1,0,18:00,18:30,5,6,0,0,1,0,1,1,1,-1,1,1,-1,0,0,0,0,,,,,,,1,-1
,,,,,,,,,,,,,,,,,,,,,,,,,,,,,
,,,,,,,,,,,,,,,,,,,,,,,,,,,,,
,,,,,,,,,,,,,,,,,,,,,,,,,,,,,
,,,,,,,,,,,,,,,,,,,,,,,,,,,,,
,,,,,,,,,,,,,,,,,,,,,,,,,,,,,
Room,,,,,,,,,,,,,,,,,,,,,,,,,,,,,
R Tamu,,,,,,,,,,,,,,,,,,,,,,,,,,,,,
RT Utama,,,,,,,,,,,,,,,,,,,,,,,,,,,,,
Teras,,,,,,,,,,,,,,,,,,,,,,,,,,,,,
Dapur,,,,,,,,,,,,,,,,,,,,,,,,,,,,,
R Keluarga,,,,,,,,,,,,,,,,,,,,,,,,,,,,,
RT Anak,,,,,,,,,,,,,,,,,,,,,,,,,,,,,
RT Nenek,,,,,,,,,,,,,,,,,,,,,,,,,,,,,
R Makan,,,,,,,,,,,,,,,,,,,,,,,,,,,,,
Gudang,,,,,,,,,,,,,,,,,,,,,,,,,,,,,
R Cuci,,,,,,,,,,,,,,,,,,,,,,,,,,,,,
KM,,,,,,,,,,,,,,,,,,,,,,,,,,,,,
Halaman,,,,,,,,,,,,,,,,,,,,,,,,,,,,,
Garasi,,,,,,,,,,,,,,,,,,,,,,,,,,,,,
-,,,,,,,,,,,,,,,,,,,,,,,,,,,,,
