ID,Exhaust,Sleepy,Dirty,Urinate,Defecate,Energy,Hunger,Thirsty,Ability,Emotion,Envi_Obj1,Envi_Val1,Envi_Obj2,Envi_Val2
BT,0.01,0.01,0.01,0.01,0.01,0.01,0.01,0.01,0.01,0.01,-,-,-,-
BD,0.01,0.01,0.01,0.01,0.01,0.01,0.01,0.01,0.01,0.01,-,-,-,-
MT1,0.01,0.01,0.01,0.01,0.01,0.01,0.01,0.01,0.01,0.01,-,-,-,-
BR1,0.01,0.01,0.01,0.01,0.01,0.01,0.01,0.01,0.01,0.01,-,-,-,-
SP,0.01,0.01,0.01,0.01,0.01,0.01,0.01,0.01,0.01,0.01,-,-,-,-
M1,0.01,0.01,0.01,0.01,0.01,0.01,0.01,0.01,0.01,0.01,-,-,-,-
M2,0.01,0.01,0.01,0.01,0.01,0.01,0.01,0.01,0.01,0.01,-,-,-,-
M3,0.01,0.01,0.01,0.01,0.01,0.01,0.01,0.01,0.01,0.01,-,-,-,-
M4,0.01,0.01,0.01,0.01,0.01,0.01,0.01,0.01,0.01,0.01,-,-,-,-
M5,0.01,0.01,0.01,0.01,0.01,0.01,0.01,0.01,0.01,0.01,-,-,-,-
M6,0.01,0.01,0.01,0.01,0.01,0.01,0.01,0.01,0.01,0.01,-,-,-,-
M7,0.01,0.01,0.01,0.01,0.01,0.01,0.01,0.01,0.01,0.01,-,-,-,-
M8,0.01,0.01,0.01,0.01,0.01,0.01,0.01,0.01,0.01,0.01,-,-,-,-
M9,0.01,0.01,0.01,0.01,0.01,0.01,0.01,0.01,0.01,0.01,-,-,-,-
M10,0.01,0.01,0.01,0.01,0.01,0.01,0.01,0.01,0.01,0.01,-,-,-,-
M11,0.01,0.01,0.01,0.01,0.01,0.01,0.01,0.01,0.01,0.01,-,-,-,-
OR,0.01,0.01,0.01,0.01,0.01,0.01,0.01,0.01,0.01,0.01,-,-,-,-
MD1,0.01,0.01,0.01,0.01,0.01,0.01,0.01,0.01,0.01,0.01,-,-,-,-
MA1,0.01,0.01,0.01,0.01,0.01,0.01,0.01,0.01,0.01,0.01,-,-,-,-
MK1,0.01,0.01,0.01,0.01,0.01,0.01,0.01,0.01,0.01,0.01,-,-,-,-
MK2,0.01,0.01,0.01,0.01,0.01,0.01,0.01,0.01,0.01,0.01,Food,-1,-,-
MC1,0.01,0.01,0.01,0.01,0.01,0.01,0.01,0.01,0.01,0.01,-,-,-,-
MC2,0.01,0.01,0.01,0.01,0.01,0.01,0.01,0.01,0.01,0.01,-,-,-,-
MC3,0.01,0.01,0.01,0.01,0.01,0.01,0.01,0.01,0.01,0.01,-,-,-,-
GS1,0.01,0.01,0.01,0.01,0.01,0.01,0.01,0.01,0.01,0.01,-,-,-,-
GS2,0.01,0.01,0.01,0.01,0.01,0.01,0.01,0.01,0.01,0.01,-,-,-,-
GS3,0.01,0.01,0.01,0.01,0.01,0.01,0.01,0.01,0.01,0.01,-,-,-,-
GS4,0.01,0.01,0.01,0.01,0.01,0.01,0.01,0.01,0.01,0.01,-,-,-,-
PG1,0.01,0.01,0.01,0.01,0.01,0.01,0.01,0.01,0.01,0.01,-,-,-,-
PG2,0.01,0.01,0.01,0.01,0.01,0.01,0.01,0.01,0.01,0.01,-,-,-,-
KJ1,0.01,0.01,0.01,0.01,0.01,0.01,0.01,0.01,0.01,0.01,-,-,-,-
KJ2,0.01,0.01,0.01,0.01,0.01,0.01,0.01,0.01,0.01,0.01,-,-,-,-
KJ3,0.01,0.01,0.01,0.01,0.01,0.01,0.01,0.01,0.01,0.01,-,-,-,-
KJ4,0.01,0.01,0.01,0.01,0.01,0.01,0.01,0.01,0.01,0.01,-,-,-,-
KJ5,0.01,0.01,0.01,0.01,0.01,0.01,0.01,0.01,0.01,0.01,-,-,-,-
KJ6,0.01,0.01,0.01,0.01,0.01,0.01,0.01,0.01,0.01,0.01,-,-,-,-
TDS,0.01,0.01,0.01,0.01,0.01,0.01,0.01,0.01,0.01,0.01,-,-,-,-
MK3,0.01,0.01,0.01,0.01,0.01,0.01,0.01,0.01,0.01,0.01,-,-,-,-
MK4,0.01,0.01,0.01,0.01,0.01,0.01,0.01,0.01,0.01,0.01,-,-,-,-
BJ,0.01,0.01,0.01,0.01,0.01,0.01,0.01,0.01,0.01,0.01,-,-,-,-
BR2,0.01,0.01,0.01,0.01,0.01,0.01,0.01,0.01,0.01,0.01,-,-,-,-
MT2,0.01,0.01,0.01,0.01,0.01,0.01,0.01,0.01,0.01,0.01,-,-,-,-
GR,0.01,0.01,0.01,0.01,0.01,0.01,0.01,0.01,0.01,0.01,-,-,-,-
MB12,0.01,0.01,0.01,0.01,0.01,0.01,0.01,0.01,0.01,0.01,-,-,-,-
MD2,0.01,0.01,0.01,0.01,0.01,0.01,0.01,0.01,0.01,0.01,-,-,-,-
MA2,0.01,0.01,0.01,0.01,0.01,0.01,0.01,0.01,0.01,0.01,-,-,-,-
CC1,0.01,0.01,0.01,0.01,0.01,0.01,0.01,0.01,0.01,0.01,-,-,-,-
CC2,0.01,0.01,0.01,0.01,0.01,0.01,0.01,0.01,0.01,0.01,-,-,-,-
CC4,0.01,0.01,0.01,0.01,0.01,0.01,0.01,0.01,0.01,0.01,-,-,-,-
CC5,0.01,0.01,0.01,0.01,0.01,0.01,0.01,0.01,0.01,0.01,-,-,-,-
CP1,0.01,0.01,0.01,0.01,0.01,0.01,0.01,0.01,0.01,0.01,-,-,-,-
CP2,0.01,0.01,0.01,0.01,0.01,0.01,0.01,0.01,0.01,0.01,-,-,-,-
CP3,0.01,0.01,0.01,0.01,0.01,0.01,0.01,0.01,0.01,0.01,-,-,-,-
CP4,0.01,0.01,0.01,0.01,0.01,0.01,0.01,0.01,0.01,0.01,-,-,-,-
CY1,0.01,0.01,0.01,0.01,0.01,0.01,0.01,0.01,0.01,0.01,-,-,-,-
CY2,0.01,0.01,0.01,0.01,0.01,0.01,0.01,0.01,0.01,0.01,-,-,-,-
CY3,0.01,0.01,0.01,0.01,0.01,0.01,0.01,0.01,0.01,0.01,-,-,-,-
CY4,0.01,0.01,0.01,0.01,0.01,0.01,0.01,0.01,0.01,0.01,-,-,-,-
CY5,0.01,0.01,0.01,0.01,0.01,0.01,0.01,0.01,0.01,0.01,-,-,-,-
MK5,0.01,0.01,0.01,0.01,0.01,0.01,0.01,0.01,0.01,0.01,-,-,-,-
MK6,0.01,0.01,0.01,0.01,0.01,0.01,0.01,0.01,0.01,0.01,-,-,-,-
BP,0.01,0.01,0.01,0.01,0.01,0.01,0.01,0.01,0.01,0.01,-,-,-,-
MG1,0.01,0.01,0.01,0.01,0.01,0.01,0.01,0.01,0.01,0.01,-,-,-,-
MG2,0.01,0.01,0.01,0.01,0.01,0.01,0.01,0.01,0.01,0.01,-,-,-,-
MG3,0.01,0.01,0.01,0.01,0.01,0.01,0.01,0.01,0.01,0.01,-,-,-,-
MG4,0.01,0.01,0.01,0.01,0.01,0.01,0.01,0.01,0.01,0.01,-,-,-,-
MG5,0.01,0.01,0.01,0.01,0.01,0.01,0.01,0.01,0.01,0.01,-,-,-,-
MG8,0.01,0.01,0.01,0.01,0.01,0.01,0.01,0.01,0.01,0.01,-,-,-,-
MG9,0.01,0.01,0.01,0.01,0.01,0.01,0.01,0.01,0.01,0.01,-,-,-,-
TDM,0.01,0.01,0.01,0.01,0.01,0.01,0.01,0.01,0.01,0.01,-,-,-,-
TD,0.01,0.01,0.01,0.01,0.01,0.01,0.01,0.01,0.01,0.01,-,-,-,-
TO,0.01,0.01,0.01,0.01,0.01,0.01,0.01,0.01,0.01,0.01,-,-,-,-
MD,0.01,0.01,0.01,0.01,0.01,0.01,0.01,0.01,0.01,0.01,-,-,-,-
BK,0.01,0.01,0.01,0.01,0.01,0.01,0.01,0.01,0.01,0.01,-,-,-,-
MK,0.01,0.01,0.01,0.01,0.01,0.01,0.01,0.01,0.01,0.01,-,-,-,-
MN1,0.01,0.01,0.01,0.01,0.01,0.01,0.01,0.01,0.01,0.01,-,-,-,-
MN2,0.01,0.01,0.01,0.01,0.01,0.01,0.01,0.01,0.01,0.01,-,-,-,-
MN3,0.01,0.01,0.01,0.01,0.01,0.01,0.01,0.01,0.01,0.01,-,-,-,-
MN4,0.01,0.01,0.01,0.01,0.01,0.01,0.01,0.01,0.01,0.01,-,-,-,-
MP,0.01,0.01,0.01,0.01,0.01,0.01,0.01,0.01,0.01,0.01,-,-,-,-
BS,0.01,0.01,0.01,0.01,0.01,0.01,0.01,0.01,0.01,0.01,-,-,-,-
GD1,0.01,0.01,0.01,0.01,0.01,0.01,0.01,0.01,0.01,0.01,-,-,-,-
GD2,0.01,0.01,0.01,0.01,0.01,0.01,0.01,0.01,0.01,0.01,-,-,-,-
RD,0.01,0.01,0.01,0.01,0.01,0.01,0.01,0.01,0.01,0.01,-,-,-,-
TV,0.01,0.01,0.01,0.01,0.01,0.01,0.01,0.01,0.01,0.01,-,-,-,-
BM1,0.01,0.01,0.01,0.01,0.01,0.01,0.01,0.01,0.01,0.01,-,-,-,-
BM2,0.01,0.01,0.01,0.01,0.01,0.01,0.01,0.01,0.01,0.01,-,-,-,-
MT,0.01,0.01,0.01,0.01,0.01,0.01,0.01,0.01,0.01,0.01,-,-,-,-
KS,0.01,0.01,0.01,0.01,0.01,0.01,0.01,0.01,0.01,0.01,-,-,-,-
IB,0.01,0.01,0.01,0.01,0.01,0.01,0.01,0.01,0.01,0.01,-,-,-,-
BL,0.01,0.01,0.01,0.01,0.01,0.01,0.01,0.01,0.01,0.01,-,-,-,-
GL,0.01,0.01,0.01,0.01,0.01,0.01,0.01,0.01,0.01,0.01,-,-,-,-
SU1,0.01,0.01,0.01,0.01,0.01,0.01,0.01,0.01,0.01,0.01,-,-,-,-
SU2,0.01,0.01,0.01,0.01,0.01,0.01,0.01,0.01,0.01,0.01,-,-,-,-
SU3,0.01,0.01,0.01,0.01,0.01,0.01,0.01,0.01,0.01,0.01,-,-,-,-
SU4,0.01,0.01,0.01,0.01,0.01,0.01,0.01,0.01,0.01,0.01,-,-,-,-
WL,0.01,0.01,0.01,0.01,0.01,0.01,0.01,0.01,0.01,0.01,-,-,-,-
UA,0.01,0.01,0.01,0.01,0.01,0.01,0.01,0.01,0.01,0.01,-,-,-,-
