Day,Hour,RTA01,RTA02,RTM01,RKG01,RAK01,RTM02,RTU01,RKM02,RSL01,RST01,RKG02,RMK01,RDP02,RKM01,RDP01,RTA03,RKM03,RSL02,RTD01,RKM04
1,0,0,0,0,0,0,0,0,0,0,0,0,0,0,0,0,0,0,0,0,0
1,1,0,0,0,0,0,0,0,0,0,0,0,0,0,0,0,0,0,0,0,0
1,2,0,0,0,0,0,0,0,0,0,0,0,0,0,0,0,0,0,0,0,0
1,3,0,0,0,0,0,0,0,0,0,0,0,0,0,0,0,0,0,0,0,0
1,4,0,0,0,0,0,0,0,0,0,0,0,0,0,0,0,0,0,0,0,0
1,5,0,0,0,0,0,0,0,0,0,0,0,0,0,0,0,0,0,0,0,0
1,6,5.62,0,31.74,1.89,0.26,36.86,11.42,0.1,0.25,0.25,0,0,0,5.66,113.98,0.045090909,20.38066667,44.63771429,21.43243243,27.09083333
1,7,105.74,0.03,1513.8,89,5,481.93,208.91,4.27,4.59,4.59,0,0,0.01,69.78,1527.85,2.541090909,1235.900667,2179.162,306.4762162,769.2575
1,8,103.36,0.05,994.42,48.06,4.87,666.75,286.83,2.64,5.48,5.48,0,0,0,82.71,2365.39,2.041090909,536.6326667,1136.924714,332.5335135,782.75
1,9,148.13,0.08,974.56,71.75,7.74,938.32,668.66,3.31,10.36,10.36,0,0,0.01,137.11,6201.09,6.420363636,717.5226667,1623.669571,395.04,1066.114167
1,10,160.47,0.1,1002.34,72.62,8.41,1087.24,839.29,2.03,11.59,11.59,0,0,0.02,168.09,7936.63,6.614909091,723.9073333,1604.145429,442.7635135,993.9933333
1,11,189.4,0.15,905.8,88.79,12.4,1441.12,1506.59,1.92,14.84,14.84,0,0,0.02,269.45,15586.79,10.69618182,792.348,1938.959143,554.3308108,1212.385833
1,12,171.72,0.09,838.83,66.64,9.65,1347.95,714.68,1.91,10.72,10.72,0,0,0.02,493.23,8069.52,4.055818182,612.9686667,1424.770143,633.3827027,821.8891667
1,13,192,0.1,736.6,79.95,12.43,1949.56,705.77,2.02,13.66,13.66,0,0.01,0.01,1521.05,10925.56,7.214181818,648.466,1612.964571,864.9124324,983.205
1,14,29.44,0.01,165.52,9.71,1.43,189.12,59.85,0.15,1.35,1.35,0,0,0,28.9,592.6,0.431454545,103.9606667,228.1552857,112.2124324,137.5816667
1,15,22.35,0.01,126.11,7.23,1.13,143.36,44.89,0.22,0.98,0.98,0,0,0,21.85,446.72,0.362909091,79.244,173.968,83.98567568,106.4966667
1,16,74.72,0.02,316.06,21.58,3.89,443.62,99.93,0.66,3.08,3.08,0,0,0,70.69,1018.54,1.550363636,235.1666667,615.929,1091.108919,337.96
1,17,47.55,0.01,208.02,13.31,2.21,292.87,62.92,0.65,1.81,1.81,0,0,0,43.66,635.67,1.028545455,160.5673333,438.104,838.8567568,224.95
1,18,0,0,0,0,0,0,0,0,0,0,0,0,0,0,0,0,0,0,0,0
1,19,0,0,0,0,0,0,0,0,0,0,0,0,0,0,0,0,0,0,0,0
1,20,0,0,0,0,0,0,0,0,0,0,0,0,0,0,0,0,0,0,0,0
1,21,0,0,0,0,0,0,0,0,0,0,0,0,0,0,0,0,0,0,0,0
1,22,0,0,0,0,0,0,0,0,0,0,0,0,0,0,0,0,0,0,0,0
1,23,0,0,0,0,0,0,0,0,0,0,0,0,0,0,0,0,0,0,0,0
2,0,0,0,0,0,0,0,0,0,0,0,0,0,0,0,0,0,0,0,0,0
2,1,0,0,0,0,0,0,0,0,0,0,0,0,0,0,0,0,0,0,0,0
2,2,0,0,0,0,0,0,0,0,0,0,0,0,0,0,0,0,0,0,0,0
2,3,0,0,0,0,0,0,0,0,0,0,0,0,0,0,0,0,0,0,0,0
2,4,0,0,0,0,0,0,0,0,0,0,0,0,0,0,0,0,0,0,0,0
2,5,0,0,0,0,0,0,0,0,0,0,0,0,0,0,0,0,0,0,0,0
2,6,4.56,0,24.92,1.49,0.26,28.84,8.89,0.05,0.2,0.2,0,0,0,4.44,89.4,0.025818182,15.576,34.66942857,16.68162162,21.09916667
2,7,56.48,0.01,592.99,31.41,2.57,345.7,115.88,0.78,2.12,2.12,0,0,0,34.26,767.45,0.706,436.1186667,811.9521429,211.042973,472.01
2,8,56.48,0.01,592.99,31.41,2.57,345.7,115.88,0.78,2.12,2.12,0,0,0,34.26,767.45,1.856909091,529.8793333,1099.981714,324.0781081,764.2266667
2,9,56.48,0.01,592.99,31.41,2.57,345.7,115.88,0.78,2.12,2.12,0,0,0,34.26,767.45,3.358545455,638.1426667,1345.380429,376.8537838,863.855
2,10,151.98,0.06,979.09,63.3,7.69,1035.53,652.17,2.18,9.34,9.34,0,0.01,0.02,144.4,6097.23,3.650909091,659.0893333,1422.366571,446.9121622,866.135
2,11,157.1,0.05,949.07,55.16,7.98,1166.44,593.63,1.84,8.2,8.2,0,0,0,204.28,5984.62,2.742,662.6473333,1424.560286,527.2597297,847.1725
2,12,157.1,0.05,949.07,55.16,7.98,1166.44,593.63,1.84,8.2,8.2,0,0,0,204.28,5984.62,1.987818182,643.59,1424.451429,673.1651351,786.3783333
2,13,157.1,0.05,949.07,55.16,7.98,1166.44,593.63,1.84,8.2,8.2,0,0,0,204.28,5984.62,4.554181818,611.2013333,1401.147,897.1732432,767.72
2,14,157.1,0.05,949.07,55.16,7.98,1166.44,593.63,1.84,8.2,8.2,0,0,0,204.28,5984.62,5.134181818,526.9713333,1251.645143,1750.263243,693.3641667
2,15,143.53,0.06,649.5,52.93,8.48,858.75,243.19,2.53,8.49,8.49,0,0,0.01,161.67,2558.63,1.586,419.146,971.2554286,890.9102703,562.8158333
2,16,82.59,0.04,381.6,29.13,4.13,498.2,134.6,1,4.34,4.34,0,0,0,82.78,1370.76,0.895636364,247.5366667,577.0832857,510.3678378,323.565
2,17,27.65,0.01,136.69,7.52,1.27,173.2,45.14,0.46,0.93,0.93,0,0,0,28.3,467.87,0.352,92.364,212.9427143,175.8781081,122.1183333
2,18,0,0,0,0,0,0,0,0,0,0,0,0,0,0,0,0,0,0,0,0
2,19,0,0,0,0,0,0,0,0,0,0,0,0,0,0,0,0,0,0,0,0
2,20,0,0,0,0,0,0,0,0,0,0,0,0,0,0,0,0,0,0,0,0
2,21,0,0,0,0,0,0,0,0,0,0,0,0,0,0,0,0,0,0,0,0
2,22,0,0,0,0,0,0,0,0,0,0,0,0,0,0,0,0,0,0,0,0
2,23,0,0,0,0,0,0,0,0,0,0,0,0,0,0,0,0,0,0,0,0
3,0,0,0,0,0,0,0,0,0,0,0,0,0,0,0,0,0,0,0,0,0
3,1,0,0,0,0,0,0,0,0,0,0,0,0,0,0,0,0,0,0,0,0
3,2,0,0,0,0,0,0,0,0,0,0,0,0,0,0,0,0,0,0,0,0
3,3,0,0,0,0,0,0,0,0,0,0,0,0,0,0,0,0,0,0,0,0
3,4,0,0,0,0,0,0,0,0,0,0,0,0,0,0,0,0,0,0,0,0
3,5,0,0,0,0,0,0,0,0,0,0,0,0,0,0,0,0,0,0,0,0
3,6,7.16,0,38.5,2.24,0.33,45.02,13.83,0.08,0.3,0.3,0,0,0,6.78,138.04,0.069272727,24.234,53.71328571,25.71189189,32.93333333
3,7,108.47,0.04,1679.43,99.22,4.7,436.7,210,4.76,4.51,4.51,0,0,0,70.36,1499.05,2.878909091,1406.990667,2424.162286,301.8764865,742.02
3,8,131.17,0.07,1610.71,63.66,7.81,639.89,413.43,4.34,8.79,8.79,0,0,0.01,125.48,3722.61,7.510181818,593.4513333,1461.064429,343.5243243,1034.411667
3,9,146.5,0.11,780.36,76.17,10.72,783.24,885.66,4.02,12.45,12.45,0,0.01,0.08,157.36,8591.34,12.40109091,701.3513333,1795.963286,388.2505405,1220.575833
3,10,169.99,0.1,829.53,85.41,12.59,949.05,1384.34,2.4,14.29,14.29,0,0,0.01,189.66,13302.56,11.32890909,750.5326667,1881.319143,453.3643243,1237.174167
3,11,172.59,0.15,754.73,88.51,12.37,1347.3,1618.34,3.95,15.73,15.73,0,0.01,0.08,256.63,16726.33,11.76381818,729.2633333,1852.615286,507.9013514,1183.076667
3,12,184.37,0.12,781.04,87.35,12.67,1779.17,1277.12,2.88,15.04,15.04,0,0.01,0.08,1062.48,15091.62,9.580181818,724.5413333,1796.042429,665.7045946,1123.308333
3,13,188.01,0.11,705.55,82.09,14.13,2002.16,736.88,3.1,13.67,13.67,0,0.01,0.08,1656.17,11551.45,8.513818182,644.1246667,1642.393143,842.1735135,1023.191667
3,14,166.69,0.14,597.63,68.58,11.17,1777.97,274.5,2.06,11.58,11.58,0,0.01,0.03,1418.66,7200.32,8.318727273,570.906,1450.595286,3846.613243,863.43
3,15,133.98,0.06,479.52,53.23,11.91,925.57,216.74,1.14,8.64,8.64,0,0.01,0.01,289.26,3049.17,5.896181818,463.526,1205.277429,3551.963514,718.5066667
3,16,83.24,0.05,303.8,31.72,5.55,482.56,122.78,1.21,5.08,5.08,0,0,0.01,65.93,1111.9,5.620909091,339.5413333,1083.479143,3585.981351,573.7341667
3,17,39.32,0.01,168.01,11.73,2.03,225.68,52.03,0.49,1.66,1.66,0,0,0,30.38,478.67,1.127454545,140.5066667,382.8144286,899.7886486,197.2166667
3,18,0,0,0,0,0,0,0,0,0,0,0,0,0,0,0,0,0,0,0,0
3,19,0,0,0,0,0,0,0,0,0,0,0,0,0,0,0,0,0,0,0,0
3,20,0,0,0,0,0,0,0,0,0,0,0,0,0,0,0,0,0,0,0,0
3,21,0,0,0,0,0,0,0,0,0,0,0,0,0,0,0,0,0,0,0,0
3,22,0,0,0,0,0,0,0,0,0,0,0,0,0,0,0,0,0,0,0,0
3,23,0,0,0,0,0,0,0,0,0,0,0,0,0,0,0,0,0,0,0,0
4,0,0,0,0,0,0,0,0,0,0,0,0,0,0,0,0,0,0,0,0,0
4,1,0,0,0,0,0,0,0,0,0,0,0,0,0,0,0,0,0,0,0,0
4,2,0,0,0,0,0,0,0,0,0,0,0,0,0,0,0,0,0,0,0,0
4,3,0,0,0,0,0,0,0,0,0,0,0,0,0,0,0,0,0,0,0,0
4,4,0,0,0,0,0,0,0,0,0,0,0,0,0,0,0,0,0,0,0,0
4,5,0,0,0,0,0,0,0,0,0,0,0,0,0,0,0,0,0,0,0,0
4,6,6.49,0,36.46,2.14,0.28,42.34,13.07,0.1,0.29,0.29,0,0,0,6.43,130.02,0.086,23.092,50.68571429,24.26162162,29.89916667
4,7,89.16,0.03,1253.03,71.52,3.93,421.51,178.3,3.91,3.75,3.75,0,0,0.01,55.34,1235.75,1.804727273,1009.462667,1830.956143,279.0675676,666.4925
4,8,115.52,0.07,1291.65,56.38,5.52,694.13,354.2,3.02,7,7,0,0,0,101.8,2960.39,4.666545455,601.9793333,1326.964143,340.1864865,941.5425
4,9,151.59,0.07,922.89,73.57,9.35,893.23,773.9,3.81,11.06,11.06,0,0.01,0.04,146.16,7292.26,9.550727273,738.8386667,1750.087143,400.0116216,1171.149167
4,10,163.23,0.15,913.5,82.31,10.2,1018.97,1217.06,2.96,12.99,12.99,0,0.02,0.07,183.9,11572.78,9.611090909,773.7973333,1842.698286,442.7262162,1195.203333
4,11,178.88,0.09,890.23,81.65,9.66,1359.95,1311.29,2.59,13.61,13.61,0,0,0.02,250.79,13434.99,9.309636364,756.668,1786.718,529.467027,1123.771667
4,12,184.49,0.09,881.47,78.09,13.11,1614.68,981.3,2.93,12.99,12.99,0,0,0.05,753.11,11360.88,9.328545455,694.5206667,1669.392,688.4491892,988.7008333
4,13,186.88,0.09,802.67,75.77,10.23,1752.06,615.2,1.42,12.63,12.63,0,0.01,0.04,1122.56,8943.74,6.060363636,654.7413333,1558.119571,906.6362162,904.49
4,14,178.09,0.1,718.57,67.98,12.23,1603.23,312.23,2.28,11.18,11.18,0,0,0,968.8,5984.82,5.542181818,579.2466667,1446.951429,2788.310541,837.065
4,15,144.97,0.05,543.84,52.97,7.64,977.3,228.21,1.73,8.57,8.57,0,0,0.02,287.88,3105.84,5.339636364,508.7993333,1253.693143,3259.98973,732.0058333
4,16,95.65,0.04,392.48,30.91,6.09,579.16,136.33,1.04,4.69,4.69,0,0,0.01,88.8,1345.56,3.236363636,341.8933333,995.7547143,2460.840541,520.4616667
4,17,42.86,0.01,187.63,12.77,1.9,248.78,59.04,0.47,1.78,1.78,0,0,0,35.54,556.32,0.976727273,146.432,388.3287143,794.3240541,201.8775
4,18,0,0,0,0,0,0,0,0,0,0,0,0,0,0,0,0,0,0,0,0
4,19,0,0,0,0,0,0,0,0,0,0,0,0,0,0,0,0,0,0,0,0
4,20,0,0,0,0,0,0,0,0,0,0,0,0,0,0,0,0,0,0,0,0
4,21,0,0,0,0,0,0,0,0,0,0,0,0,0,0,0,0,0,0,0,0
4,22,0,0,0,0,0,0,0,0,0,0,0,0,0,0,0,0,0,0,0,0
4,23,0,0,0,0,0,0,0,0,0,0,0,0,0,0,0,0,0,0,0,0
5,0,0,0,0,0,0,0,0,0,0,0,0,0,0,0,0,0,0,0,0,0
5,1,0,0,0,0,0,0,0,0,0,0,0,0,0,0,0,0,0,0,0,0
5,2,0,0,0,0,0,0,0,0,0,0,0,0,0,0,0,0,0,0,0,0
5,3,0,0,0,0,0,0,0,0,0,0,0,0,0,0,0,0,0,0,0,0
5,4,0,0,0,0,0,0,0,0,0,0,0,0,0,0,0,0,0,0,0,0
5,5,0,0,0,0,0,0,0,0,0,0,0,0,0,0,0,0,0,0,0,0
5,6,2.36,0,12.92,0.76,0.09,15.14,4.7,0.01,0.11,0.11,0,0,0,2.32,47.07,0.04,8.262,17.89914286,8.643513514,11.195
5,7,82.26,0.04,1086.22,61.57,3.99,401.46,163.44,2.92,3.22,3.22,0,0,0.01,49.26,1117.05,1.502363636,869.294,1639.213857,263.6545946,629.4225
5,8,121.49,0.07,1488.97,56.28,6.33,695.77,353.73,3.17,7.15,7.15,0,0,0.01,101.89,2975.18,4.775090909,610.2886667,1342.866143,340.2813514,956.6291667
5,9,151.92,0.09,995.6,71.99,8.33,954.83,696.56,3.04,10.36,10.36,0,0,0.01,139.47,6363.19,6.281454545,738.1813333,1680.876429,403.3083784,1108.748333
5,10,145.95,0.05,947.41,55.6,6.97,1007.87,477.37,1.1,7.71,7.71,0,0,0.01,140.63,4376.11,2.478545455,617.1473333,1299.188286,417.3827027,790.1658333
5,11,145.57,0.04,898.39,49.09,6.42,1096.46,534.13,1.79,7.01,7.01,0,0,0.01,190.49,5338.44,3.080727273,621.984,1342.846857,494.9202703,794.1766667
5,12,153.68,0.05,824.47,48.5,6.86,1128.62,464.55,1.59,6.95,6.95,0,0,0.02,295.9,5071.35,2.095272727,565.418,1261.235714,600.5824324,716.4758333
5,13,173.48,0.09,791.19,69.28,9.16,1584.57,547.24,1.6,11.43,11.43,0,0.01,0.03,924.78,7702.42,4.864545455,607.0126667,1448.294,879.2975676,835.215
5,14,174.51,0.14,600.51,80.89,14.87,2087.49,296.93,1.82,14.61,14.61,0,0.01,0.07,1847.68,8775.22,10.92363636,624.372,1643.790571,4820.387838,996.1808333
5,15,155.26,0.08,594.71,53.52,10.15,1025.34,241.12,1.73,8.78,8.78,0,0,0.01,279.37,3146.01,5.234909091,515.5486667,1283.412714,2916.335946,738.0241667
5,16,84.72,0.06,383.9,28.42,4.86,489.22,133.47,0.63,4.2,4.2,0,0,0,81.35,1339.44,0.557818182,245.5453333,578.8561429,530.5013514,324.3775
5,17,17.24,0.01,88.5,5.14,0.84,107.94,30.95,0.09,0.66,0.66,0,0,0,17.06,310.23,0.090909091,57.79133333,130.7291429,78.74108108,75.19333333
5,18,0,0,0,0,0,0,0,0,0,0,0,0,0,0,0,0,0,0,0,0
5,19,0,0,0,0,0,0,0,0,0,0,0,0,0,0,0,0,0,0,0,0
5,20,0,0,0,0,0,0,0,0,0,0,0,0,0,0,0,0,0,0,0,0
5,21,0,0,0,0,0,0,0,0,0,0,0,0,0,0,0,0,0,0,0,0
5,22,0,0,0,0,0,0,0,0,0,0,0,0,0,0,0,0,0,0,0,0
5,23,0,0,0,0,0,0,0,0,0,0,0,0,0,0,0,0,0,0,0,0
6,0,0,0,0,0,0,0,0,0,0,0,0,0,0,0,0,0,0,0,0,0
6,1,0,0,0,0,0,0,0,0,0,0,0,0,0,0,0,0,0,0,0,0
6,2,0,0,0,0,0,0,0,0,0,0,0,0,0,0,0,0,0,0,0,0
6,3,0,0,0,0,0,0,0,0,0,0,0,0,0,0,0,0,0,0,0,0
6,4,0,0,0,0,0,0,0,0,0,0,0,0,0,0,0,0,0,0,0,0
6,5,0,0,0,0,0,0,0,0,0,0,0,0,0,0,0,0,0,0,0,0
6,6,7.3,0,40.79,2.34,0.43,47.56,14.67,0.05,0.33,0.33,0,0,0,7.35,145.85,0.068,26.086,56.971,27.6627027,34.95166667
6,7,104.28,0.05,1669.68,99.11,4.07,452.42,208.86,5.06,4.67,4.67,0,0,0.01,67.99,1486.31,2.367636364,1380.052,2595.934286,305.1818919,771.09
6,8,134.79,0.07,2069.47,63.89,8.51,611.79,423.02,5.14,9.28,9.28,0,0,0.02,130.19,3818.72,9.059818182,583.6126667,1490.795143,339.6656757,1075.751667
6,9,151.16,0.13,778.53,77.73,10.17,782.06,920.23,4.18,12.82,12.82,0,0.01,0.03,158.27,8871.14,12.73272727,703.7266667,1836.897571,387.31,1269.289167
6,10,168.37,0.16,763.52,87.7,13.66,909.26,1504.49,4.71,14.58,14.58,0,0,0.05,193,14435.89,15.03163636,761.0473333,1967.82,448.6527027,1295.888333
6,11,176.31,0.12,711.25,93.12,13.57,1379.18,1811.09,3.99,17.04,17.04,0,0,0.26,264.79,18689.41,13.74309091,752.6153333,1972.454571,505.167027,1294.8625
6,12,182,0.13,705.27,91.35,13.83,1858.92,1450.83,2.46,16.21,16.21,0,0.03,0.11,1240.86,17200.49,12.05890909,728.73,1859.986,624.2154054,1181.574167
6,13,180.15,0.13,650.21,85.85,15.79,2145.36,811.32,2.22,15.45,15.45,0,0,0.01,1985.59,13051.67,11.67872727,671.7253333,1717.860286,781.4448649,1058.3575
6,14,165.72,0.14,559.37,72.95,12.74,1884.89,276.11,2.49,12.39,12.39,0,0,0.04,1613.28,7793.71,11.14690909,564.534,1495.413286,4269.236757,887.3766667
6,15,128.56,0.06,432.54,53.45,9.45,918.94,215.22,1.47,9.69,9.69,0,0,0.01,323.91,3164.76,7.373818182,459.8333333,1235.169571,4100.053243,739.8566667
6,16,86.62,0.03,292.18,32.47,5.68,484.84,126.82,1.47,5.47,5.47,0,0,0.01,66.55,1140.35,5.024545455,337.6406667,1125.953143,3820.478919,577.7958333
6,17,37.81,0.02,168.51,11.41,2.21,220.06,50.39,0.38,1.66,1.66,0,0,0,30.96,479.3,1.107636364,141.714,379.7615714,934.7821622,195.7075
6,18,0,0,0,0,0,0,0,0,0,0,0,0,0,0,0,0,0,0,0,0
6,19,0,0,0,0,0,0,0,0,0,0,0,0,0,0,0,0,0,0,0,0
6,20,0,0,0,0,0,0,0,0,0,0,0,0,0,0,0,0,0,0,0,0
6,21,0,0,0,0,0,0,0,0,0,0,0,0,0,0,0,0,0,0,0,0
6,22,0,0,0,0,0,0,0,0,0,0,0,0,0,0,0,0,0,0,0,0
6,23,0,0,0,0,0,0,0,0,0,0,0,0,0,0,0,0,0,0,0,0
7,0,0,0,0,0,0,0,0,0,0,0,0,0,0,0,0,0,0,0,0,0
7,1,0,0,0,0,0,0,0,0,0,0,0,0,0,0,0,0,0,0,0,0
7,2,0,0,0,0,0,0,0,0,0,0,0,0,0,0,0,0,0,0,0,0
7,3,0,0,0,0,0,0,0,0,0,0,0,0,0,0,0,0,0,0,0,0
7,4,0,0,0,0,0,0,0,0,0,0,0,0,0,0,0,0,0,0,0,0
7,5,0,0,0,0,0,0,0,0,0,0,0,0,0,0,0,0,0,0,0,0
7,6,7.85,0,43.23,2.53,0.47,50.1,15.51,0.12,0.33,0.33,0,0,0,7.56,153.9,0.072181818,27.00933333,59.93728571,28.36216216,36.49916667
7,7,98.07,0.03,1478.03,85.84,4.53,479.48,204.45,3.16,4.24,4.24,0,0,0,64.42,1407.48,2.118181818,1202.310667,2270.087143,307.0916216,748.6491667
7,8,113.33,0.07,1225.92,52.78,5.07,733.67,320.15,2.46,5.79,5.79,0,0,0,91.11,2580.31,2.877636364,598.0173333,1257.076429,348.8772973,861.7733333
7,9,133.63,0.07,987.53,57.83,6.33,931.06,467.44,2.62,7.71,7.71,0,0,0,110.88,4109.45,3.284545455,661.1873333,1382.926429,393.8824324,904.58
7,10,165.19,0.1,1012.78,71.54,10.79,1101.54,824.86,3.26,10.83,10.83,0,0,0.01,161.83,7554.11,5.619272727,722.5613333,1625.213714,464.5035135,986.0983333
7,11,188.28,0.07,1042.22,73.38,10.66,1363.05,900.82,3.09,11.66,11.66,0,0.01,0.01,241.3,8995.15,4.767818182,748.5093333,1666.768714,578.4921622,983.6266667
7,12,185.44,0.13,890.86,75.98,11.88,1583.06,913.38,1.86,12.62,12.62,0,0.01,0.04,691.84,9663.48,6.629090909,695.6106667,1646.451714,673.972973,960.8283333
7,13,188.07,0.1,753.51,78.36,12.9,1953.99,701.17,1.66,14.1,14.1,0,0.09,0.05,1510.83,10713.65,8.804,672.6913333,1681.498857,875.002973,987.1833333
7,14,177.1,0.07,742.17,64.63,9.73,1519.17,305.77,3.33,10.7,10.7,0,0.01,0.01,816.58,5437.55,4.246545455,576.3113333,1418.42,2434.16,797.3666667
7,15,148.95,0.06,555.88,52.77,9.96,997.11,230.21,1.34,8.66,8.66,0,0,0.02,284.91,3022.84,4.925272727,500.136,1264.425714,3011.415405,725.9591667
7,16,96.68,0.03,366.48,30.7,6.27,563.88,132.92,1,4.49,4.49,0,0,0.01,82.35,1287.66,3.729090909,348.692,907.302,2687.772973,523.7625
7,17,42.91,0.01,185.4,11.39,1.84,248.45,53.65,0.29,1.51,1.51,0,0,0,35.72,525.73,0.848181818,142.2533333,384.264,728.9581081,193.2041667
7,18,0,0,0,0,0,0,0,0,0,0,0,0,0,0,0,0,0,0,0,0
7,19,0,0,0,0,0,0,0,0,0,0,0,0,0,0,0,0,0,0,0,0
7,20,0,0,0,0,0,0,0,0,0,0,0,0,0,0,0,0,0,0,0,0
7,21,0,0,0,0,0,0,0,0,0,0,0,0,0,0,0,0,0,0,0,0
7,22,0,0,0,0,0,0,0,0,0,0,0,0,0,0,0,0,0,0,0,0
7,23,0,0,0,0,0,0,0,0,0,0,0,0,0,0,0,0,0,0,0,0
8,0,0,0,0,0,0,0,0,0,0,0,0,0,0,0,0,0,0,0,0,0
8,1,0,0,0,0,0,0,0,0,0,0,0,0,0,0,0,0,0,0,0,0
8,2,0,0,0,0,0,0,0,0,0,0,0,0,0,0,0,0,0,0,0,0
8,3,0,0,0,0,0,0,0,0,0,0,0,0,0,0,0,0,0,0,0,0
8,4,0,0,0,0,0,0,0,0,0,0,0,0,0,0,0,0,0,0,0,0
8,5,0,0,0,0,0,0,0,0,0,0,0,0,0,0,0,0,0,0,0,0
8,6,3.74,0,20.14,1.19,0.17,23.21,7.3,0.04,0.17,0.17,0,0,0,3.58,72.95,0.028909091,12.68866667,28.15714286,13.47621622,16.7475
8,7,52.47,0.03,293.18,21.37,2.67,312.58,100.24,0.46,3.21,3.21,0,0,0,43.97,912.49,0.450909091,181.48,386.9584286,164.0867568,236.235
8,8,102.58,0.04,581.5,40.67,4.85,615.02,203.62,1.07,6.11,6.11,0,0,0,84.27,1850.48,0.833818182,338.9366667,738.8567143,305.5797297,458.8191667
8,9,139.27,0.05,812.79,51.41,6.87,894.13,315.68,1.86,7.2,7.2,0,0,0,128.43,3004.07,0.923272727,511.1346667,1091.927143,444.4889189,668.4833333
8,10,143.95,0.05,981.5,55.05,6.45,1045.18,478.85,2.31,7.53,7.53,0,0,0.01,142.74,4332.86,1.608,653.3846667,1341.119,414.4148649,810.4983333
8,11,151.91,0.03,942.24,41.27,5.39,1121.42,409.66,2.02,4.55,4.55,0,0,0.01,186.69,4231.17,1.969454545,630.768,1395.499571,620.1454054,827.8175
8,12,146.77,0.04,878.73,40.71,6.64,1072.47,360.63,2.06,5.1,5.1,0,0,0.01,199.31,3785.6,2.544909091,588.72,1285.303143,609.717027,762.695
8,13,143.97,0.04,691.12,44.95,6.59,1002.68,306.68,1.56,6.72,6.72,0,0.01,0.01,288.9,3560.94,2.312909091,467.9773333,1071.543286,701.8191892,607.9258333
8,14,137.4,0.07,683.85,49.09,7.85,868.3,255.82,1.79,7.87,7.87,0,0.01,0.01,171.86,2692.87,1.532181818,435.3573333,972.734,623.1891892,561.1325
8,15,112.9,0.08,527.11,41.47,6.64,654.85,189.4,0.95,6.28,6.28,0,0,0.01,109.5,1913.52,0.820181818,328.5253333,741.8118571,500.9583784,426.1875
8,16,75.86,0.03,351.67,26.13,3.82,441.91,123.4,0.67,4.03,4.03,0,0,0,72.93,1233.84,0.633454545,229.638,513.1722857,379.3540541,289.9725
8,17,30.81,0.01,148.9,7.91,1.39,190.54,48.78,0.4,1.01,1.01,0,0,0,30.91,501.85,0.303272727,101.1066667,238.2508571,200.5691892,131.2075
8,18,0,0,0,0,0,0,0,0,0,0,0,0,0,0,0,0,0,0,0,0
8,19,0,0,0,0,0,0,0,0,0,0,0,0,0,0,0,0,0,0,0,0
8,20,0,0,0,0,0,0,0,0,0,0,0,0,0,0,0,0,0,0,0,0
8,21,0,0,0,0,0,0,0,0,0,0,0,0,0,0,0,0,0,0,0,0
8,22,0,0,0,0,0,0,0,0,0,0,0,0,0,0,0,0,0,0,0,0
8,23,0,0,0,0,0,0,0,0,0,0,0,0,0,0,0,0,0,0,0,0
9,0,0,0,0,0,0,0,0,0,0,0,0,0,0,0,0,0,0,0,0,0
9,1,0,0,0,0,0,0,0,0,0,0,0,0,0,0,0,0,0,0,0,0
9,2,0,0,0,0,0,0,0,0,0,0,0,0,0,0,0,0,0,0,0,0
9,3,0,0,0,0,0,0,0,0,0,0,0,0,0,0,0,0,0,0,0,0
9,4,0,0,0,0,0,0,0,0,0,0,0,0,0,0,0,0,0,0,0,0
9,5,0,0,0,0,0,0,0,0,0,0,0,0,0,0,0,0,0,0,0,0
9,6,7.25,0,40.65,2.46,0.42,47.65,14.65,0.08,0.33,0.33,0,0,0,7.12,146.48,0.074363636,26.61,56.91042857,27.57648649,34.29333333
9,7,98.98,0.02,1444.36,83.59,4.44,461.55,200.69,4.83,4.21,4.21,0,0,0,62.85,1384.67,1.989090909,1174.646667,2117.988571,305.5208108,737.1833333
9,8,130.73,0.04,1758.85,140.97,7.49,900.99,386.77,4.64,7.72,7.72,0,0,0.01,113.83,3303.16,6.012,1465.194,2891.252429,355.6578378,1033.410833
9,9,151.72,0.08,894.41,74.84,9,857.06,811.18,3.59,11.66,11.66,0,0,0.04,147.79,7669.24,9.417454545,715.3153333,1754.620571,401.4675676,1180.970833
9,10,179.66,0.14,958.74,83.56,11.14,1062.99,1274.81,3.33,14.13,14.13,0,0,0.04,194.59,11807.28,11.01163636,807.6466667,1956.669857,458.377027,1244.6
9,11,178.42,0.16,793.34,88.2,12.83,1364.62,1599.12,4.06,15.23,15.23,0,0.01,0.03,258.16,16396.75,12.03472727,752.1593333,1903.358429,521.5683784,1211.319167
9,12,184.95,0.1,747.11,88.46,13.21,1791.85,1324.25,2.01,15.19,15.19,0,0.01,0.07,1108.08,13830.33,10.69072727,721.0033333,1821.189,642.1118919,1128.306667
9,13,197.63,0.14,764.39,84.24,13.8,2124.87,772.84,2.59,14.51,14.51,0,0,0.08,1746.85,11952.05,10.53090909,705.982,1781.454,885.6505405,1069.060833
9,14,166.53,0.09,563.47,73.79,14.31,1919.56,276.8,2.68,13.27,13.27,0,0.01,0.13,1686.76,7960.09,9.245636364,578.224,1534.059714,4369.067297,941.8566667
9,15,132.74,0.09,419.49,54.74,8.82,914.88,217.23,2.13,9.66,9.66,0,0.01,0.01,330.78,3170.74,7.430909091,489.3786667,1267.679286,4197.510541,769.6275
9,16,83.5,0.04,279.03,32.77,6.62,479.2,123.3,0.8,5.34,5.34,0,0,0.01,59.62,1075.38,5.971090909,340.106,961.6628571,4132.041622,581.9683333
9,17,43.85,0.01,192.26,13.45,2.47,248.93,58.34,0.42,1.81,1.81,0,0,0,36.48,556.53,1.131272727,157.3413333,422.6437143,991.4281081,216.6208333
9,18,0,0,0,0,0,0,0,0,0,0,0,0,0,0,0,0,0,0,0,0
9,19,0,0,0,0,0,0,0,0,0,0,0,0,0,0,0,0,0,0,0,0
9,20,0,0,0,0,0,0,0,0,0,0,0,0,0,0,0,0,0,0,0,0
9,21,0,0,0,0,0,0,0,0,0,0,0,0,0,0,0,0,0,0,0,0
9,22,0,0,0,0,0,0,0,0,0,0,0,0,0,0,0,0,0,0,0,0
9,23,0,0,0,0,0,0,0,0,0,0,0,0,0,0,0,0,0,0,0,0
10,0,0,0,0,0,0,0,0,0,0,0,0,0,0,0,0,0,0,0,0,0
10,1,0,0,0,0,0,0,0,0,0,0,0,0,0,0,0,0,0,0,0,0
10,2,0,0,0,0,0,0,0,0,0,0,0,0,0,0,0,0,0,0,0,0
10,3,0,0,0,0,0,0,0,0,0,0,0,0,0,0,0,0,0,0,0,0
10,4,0,0,0,0,0,0,0,0,0,0,0,0,0,0,0,0,0,0,0,0
10,5,0,0,0,0,0,0,0,0,0,0,0,0,0,0,0,0,0,0,0,0
10,6,5.31,0,29.53,1.68,0.31,34.44,10.51,0.09,0.23,0.23,0,0,0,5.18,106.04,0.076363636,18.448,40.83414286,19.96810811,24.7975
10,7,65.29,0.02,777.07,42.52,3.02,382.55,139.29,1.34,2.53,2.53,0,0,0,41.22,930.07,0.983454545,581.29,1089.852,243.7410811,541.5083333
10,8,98.06,0.03,846.88,48.35,4.67,696.74,246.23,0.84,4.87,4.87,0,0,0,69.59,1882.61,0.913090909,573.492,1128.994286,299.8605405,729.9158333
10,9,136.71,0.05,981.71,58.37,7.34,944.2,436.71,1.9,7.76,7.76,0,0,0.01,111.36,3770.86,3.985636364,636.25,1354.961286,373.8789189,880.4075
10,10,153.53,0.06,1026.85,61.32,8.98,1102.39,587.74,1.33,8.67,8.67,0,0,0.01,153.8,5345.23,3.235818182,669.8253333,1471.100286,437.1805405,883.4091667
10,11,158.26,0.05,999.47,55.56,7.84,1208.89,564.82,1.4,7.72,7.72,0,0.01,0.01,209.31,5557.43,2.979454545,675.67,1464.507571,532.1205405,853.3075
10,12,155.67,0.04,866.56,49.79,7.68,1175.36,466.61,1.09,7.38,7.38,0,0,0.01,291.43,4921.08,3.937636364,597.624,1310.534571,621.0791892,734.6333333
10,13,177.79,0.09,860.32,59.9,8.84,1306.24,411.85,1.86,9.17,9.17,0,0,0.01,398.26,4874.05,2.638909091,594.3526667,1355.061143,871.357027,733.2708333
10,14,165.29,0.06,724.74,54.26,8.87,1155.32,280.94,1.37,8.32,8.32,0,0,0,367.78,3662.33,1.536727273,517.96,1210.977286,1301.239459,641.1
10,15,150.12,0.05,666.84,52.19,8.59,887.15,242.96,1.53,8.6,8.6,0,0.01,0.01,172.69,2599.8,0.997818182,440.4493333,1014.546286,914.9435135,550.6991667
10,16,93.77,0.08,413.97,30.93,4.83,537.15,142.87,1.23,4.59,4.59,0,0,0,92.51,1453.59,1.087636364,271.6753333,632.6851429,601.2986486,355.7875
10,17,36.02,0.01,171.72,10.75,1.54,221.44,55.29,0.36,1.47,1.47,0,0,0,34.06,557.99,0.422909091,114.692,280.1012857,263.6854054,148.8558333
10,18,0,0,0,0,0,0,0,0,0,0,0,0,0,0,0,0,0,0,0,0
10,19,0,0,0,0,0,0,0,0,0,0,0,0,0,0,0,0,0,0,0,0
10,20,0,0,0,0,0,0,0,0,0,0,0,0,0,0,0,0,0,0,0,0
10,21,0,0,0,0,0,0,0,0,0,0,0,0,0,0,0,0,0,0,0,0
10,22,0,0,0,0,0,0,0,0,0,0,0,0,0,0,0,0,0,0,0,0
10,23,0,0,0,0,0,0,0,0,0,0,0,0,0,0,0,0,0,0,0,0
11,0,0,0,0,0,0,0,0,0,0,0,0,0,0,0,0,0,0,0,0,0
11,1,0,0,0,0,0,0,0,0,0,0,0,0,0,0,0,0,0,0,0,0
11,2,0,0,0,0,0,0,0,0,0,0,0,0,0,0,0,0,0,0,0,0
11,3,0,0,0,0,0,0,0,0,0,0,0,0,0,0,0,0,0,0,0,0
11,4,0,0,0,0,0,0,0,0,0,0,0,0,0,0,0,0,0,0,0,0
11,5,0,0,0,0,0,0,0,0,0,0,0,0,0,0,0,0,0,0,0,0
11,6,6.52,0,36.48,2.16,0.38,42.22,13.19,0.04,0.28,0.28,0,0,0,6.2,130.24,0.076,23.03,50.699,24.59918919,30.81666667
11,7,92.61,0.02,1323.31,75.56,3.74,447.55,185.09,3.26,3.69,3.69,0,0,0,55.68,1246.7,2.044363636,1076.994,1945.648143,294.0578378,701.2016667
11,8,128.88,0.07,1588.57,145.59,7.39,913.2,390.48,5.11,8.18,8.18,0,0,0.01,112.51,3313.39,6.657636364,1511.059333,2979.86,355.8875676,1067.365
11,9,154.85,0.1,969.15,74.29,9.18,908.07,794.7,3.94,11.28,11.28,0,0.01,0.02,144.38,7353.22,9.328,739.8106667,1797.221143,397.7075676,1186.065
11,10,176.22,0.1,965.3,84.28,11.34,1068.4,1296.53,3.6,14.14,14.14,0.01,0,0.1,192.75,11046.44,11.45254545,818.314,1969.333286,459.4972973,1281.786667
11,11,194.31,0.11,968.82,90.87,11.6,1533.52,1531.89,4.19,15.55,15.55,0,0.01,0.04,281.13,15577.05,11.04527273,860.6006667,2053.627571,569.842973,1275.989167
11,12,155.5,0.07,797.89,59.05,7.94,1226.2,601.15,2.11,9.2,9.2,0,0.01,0.01,418.14,6208.98,3.175636364,567.2046667,1294.715,585.4305405,742.0875
11,13,176.97,0.07,855.53,58.76,9.3,1291,404.47,1.61,9.26,9.26,0,0,0.02,391.05,4760.15,2.238727273,603.5153333,1360.361,868.1008108,708.1041667
11,14,162.87,0.07,733.77,55.48,8.4,1229.03,289.39,1.3,8.63,8.63,0,0,0.02,442.66,3968.47,3.331090909,537.502,1241.026286,1481.408649,680.3708333
11,15,149.04,0.06,673.05,52.17,7.73,897.5,246.11,1.45,8.4,8.4,0,0,0.01,170.78,2604.1,2.595090909,441.512,1019.443429,915.1337838,550.3941667
11,16,96.55,0.03,426.07,31.94,5.06,563.54,146.57,1.45,4.71,4.71,0,0,0,98.25,1503.28,1.080363636,282.088,675.7485714,673.8924324,364.6191667
11,17,31.29,0.01,154.13,8.16,1.57,199.32,50.12,0.42,1.05,1.05,0,0,0,32.62,518.4,0.208,103.272,247.33,208.6008108,135.225
11,18,0,0,0,0,0,0,0,0,0,0,0,0,0,0,0,0,0,0,0,0
11,19,0,0,0,0,0,0,0,0,0,0,0,0,0,0,0,0,0,0,0,0
11,20,0,0,0,0,0,0,0,0,0,0,0,0,0,0,0,0,0,0,0,0
11,21,0,0,0,0,0,0,0,0,0,0,0,0,0,0,0,0,0,0,0,0
11,22,0,0,0,0,0,0,0,0,0,0,0,0,0,0,0,0,0,0,0,0
11,23,0,0,0,0,0,0,0,0,0,0,0,0,0,0,0,0,0,0,0,0
12,0,0,0,0,0,0,0,0,0,0,0,0,0,0,0,0,0,0,0,0,0
12,1,0,0,0,0,0,0,0,0,0,0,0,0,0,0,0,0,0,0,0,0
12,2,0,0,0,0,0,0,0,0,0,0,0,0,0,0,0,0,0,0,0,0
12,3,0,0,0,0,0,0,0,0,0,0,0,0,0,0,0,0,0,0,0,0
12,4,0,0,0,0,0,0,0,0,0,0,0,0,0,0,0,0,0,0,0,0
12,5,0,0,0,0,0,0,0,0,0,0,0,0,0,0,0,0,0,0,0,0
12,6,4.03,0,22.5,1.36,0.21,26.1,8.13,0.02,0.18,0.18,0,0,0,4.04,81.25,0.041636364,14.31133333,31.42271429,15.01378378,19.10916667
12,7,58.23,0.02,341.84,24.63,3.16,340.89,110.26,0.79,3.42,3.42,0,0.02,0,46.78,992.62,0.524545455,217.6873333,457.107,178.0821622,261.6925
12,8,103.07,0.06,894.87,53.75,5.4,713.14,261.89,2.17,4.97,4.97,0,0,0,71.91,1980.75,1.291636364,632.6993333,1250.089571,311.3324324,741.9208333
12,9,139.74,0.08,991.92,58.89,7.15,960.65,446.03,1.57,7.85,7.85,0,0,0,111.34,3795.65,2.624545455,653.4733333,1374.670571,381.1132432,867.27
12,10,158,0.07,1022.08,64.45,7.37,1083.75,659.11,1.64,9.43,9.43,0,0,0.02,148.39,5708,3.565636364,678.1853333,1486.191286,446.112973,905.4358333
12,11,159.13,0.07,973.77,56.25,8.28,1197.68,616.42,2.17,7.92,7.92,0,0.01,0.01,203.26,6095.54,3.346,682.2126667,1468.231571,517.4067568,849.7525
12,12,172.59,0.1,916.17,66.02,10.38,1362.69,652.93,1.62,9.74,9.74,0,0,0.02,446.36,6774.71,5.022363636,650.2153333,1454.236286,648.9978378,833.95
12,13,176.09,0.07,863.01,59.91,9.21,1337.4,423.1,2.03,9.37,9.37,0,0,0.01,453.08,5087.66,1.624909091,619.038,1370.398571,866.4783784,735.5058333
12,14,176.59,0.07,830.43,62.33,8.41,1106.19,317.73,1.33,9.69,9.69,0,0,0,255.84,3494.27,1.687454545,542.9846667,1225.455,875.5521622,693.0141667
12,15,131.12,0.05,609.58,48.71,6.17,792.31,225.33,0.87,7.54,7.54,0,0,0,141.89,2287.21,0.896,397.3313333,891.1894286,685.6405405,503.6608333
12,16,88.3,0.03,400.95,29.36,4.47,522.08,138.93,1.71,4.55,4.55,0,0,0,88.7,1407.61,0.797818182,260.4226667,618.2985714,530.0610811,334.71
12,17,31.59,0.01,158.14,8.46,1.34,202.49,51.63,0.42,1.03,1.03,0,0,0,32.76,528.16,0.551090909,107.0173333,257.5847143,212.2316216,138.23
12,18,0,0,0,0,0,0,0,0,0,0,0,0,0,0,0,0,0,0,0,0
12,19,0,0,0,0,0,0,0,0,0,0,0,0,0,0,0,0,0,0,0,0
12,20,0,0,0,0,0,0,0,0,0,0,0,0,0,0,0,0,0,0,0,0
12,21,0,0,0,0,0,0,0,0,0,0,0,0,0,0,0,0,0,0,0,0
12,22,0,0,0,0,0,0,0,0,0,0,0,0,0,0,0,0,0,0,0,0
12,23,0,0,0,0,0,0,0,0,0,0,0,0,0,0,0,0,0,0,0,0
13,0,0,0,0,0,0,0,0,0,0,0,0,0,0,0,0,0,0,0,0,0
13,1,0,0,0,0,0,0,0,0,0,0,0,0,0,0,0,0,0,0,0,0
13,2,0,0,0,0,0,0,0,0,0,0,0,0,0,0,0,0,0,0,0,0
13,3,0,0,0,0,0,0,0,0,0,0,0,0,0,0,0,0,0,0,0,0
13,4,0,0,0,0,0,0,0,0,0,0,0,0,0,0,0,0,0,0,0,0
13,5,0,0,0,0,0,0,0,0,0,0,0,0,0,0,0,0,0,0,0,0
13,6,7.3,0,41,2.4,0.34,47.66,14.8,0.06,0.33,0.33,0,0,0,7.38,146.26,0.054,25.62866667,57.00814286,27.86567568,35.1875
13,7,82.37,0.03,1081.55,65.11,3.45,429.51,166.45,2.75,3.22,3.22,0,0,0.01,49.26,1115,1.452909091,896.5286667,1654.475857,274.2756757,660.135
13,8,123.56,0.06,1346.06,108.02,5.81,868.44,355.33,2.7,6.72,6.72,0,0,0.01,95.55,2817.27,4.322727273,1174.896667,2189.334429,346.4827027,983.81
13,9,154.62,0.1,1042.54,71.72,9.22,982.18,703.91,3.58,10.52,10.52,0,0,0.02,138.46,6215.49,7.761818182,750.8066667,1721.422143,393.6867568,1153.935
13,10,177.51,0.13,998.63,81.35,11.37,1096.32,1174.5,2.8,13.54,13.54,0,0,0.05,188.45,10006.45,10.59072727,823.6213333,1932.819571,463.3713514,1217.296667
13,11,183.79,0.14,902.51,84.62,12.04,1417.96,1413.27,2.48,14.6,14.6,0,0.01,0.11,259.22,14285.98,9.939272727,781.954,1903.766857,531.6502703,1186.661667
13,12,194.35,0.09,924.37,80.73,12.07,1679.39,1007.13,3.56,13.66,13.66,0,0.01,0.09,789.15,10528.21,8.764727273,741.8846667,1765.115143,675.047027,1029.420833
13,13,196.64,0.08,824.08,77.79,14.84,1872.58,661.12,2.3,12.93,12.93,0,0.01,0.01,1281.71,9562.15,7.432363636,687.6506667,1670.179714,901.9951351,971.0866667
13,14,187.82,0.07,761.3,67.07,12.19,1597.43,319.74,2.24,10.97,10.97,0,0.02,0.02,904.78,5699.16,4.686727273,629.0353333,1519.509714,2586.658919,866.9708333
13,15,152.76,0.07,620.65,51.46,9.14,1025.47,235.39,1.85,8.09,8.09,0,0,0.01,264.75,2933.53,2.954,504.2006667,1251.937714,2295.496486,705.57
13,16,107.21,0.03,450.48,32.83,5.63,657.11,153.51,1.5,5.04,5.04,0,0,0.01,113.25,1589.18,2.215272727,356.9766667,933.9014286,1664.271351,484.5266667
13,17,45.99,0.02,210.87,13.24,2.08,279.25,66.52,0.55,2.01,2.01,0,0,0,41.22,662.8,0.659454545,147.5673333,376.729,496.5586486,203.2683333
13,18,0,0,0,0,0,0,0,0,0,0,0,0,0,0,0,0,0,0,0,0
13,19,0,0,0,0,0,0,0,0,0,0,0,0,0,0,0,0,0,0,0,0
13,20,0,0,0,0,0,0,0,0,0,0,0,0,0,0,0,0,0,0,0,0
13,21,0,0,0,0,0,0,0,0,0,0,0,0,0,0,0,0,0,0,0,0
13,22,0,0,0,0,0,0,0,0,0,0,0,0,0,0,0,0,0,0,0,0
13,23,0,0,0,0,0,0,0,0,0,0,0,0,0,0,0,0,0,0,0,0
14,0,0,0,0,0,0,0,0,0,0,0,0,0,0,0,0,0,0,0,0,0
14,1,0,0,0,0,0,0,0,0,0,0,0,0,0,0,0,0,0,0,0,0
14,2,0,0,0,0,0,0,0,0,0,0,0,0,0,0,0,0,0,0,0,0
14,3,0,0,0,0,0,0,0,0,0,0,0,0,0,0,0,0,0,0,0,0
14,4,0,0,0,0,0,0,0,0,0,0,0,0,0,0,0,0,0,0,0,0
14,5,0,0,0,0,0,0,0,0,0,0,0,0,0,0,0,0,0,0,0,0
14,6,7.15,0,38.49,2.28,0.4,44.57,13.93,0.07,0.29,0.29,0,0,0,6.71,138.01,0.038909091,24.41266667,53.53742857,26.39540541,32.12
14,7,108.64,0.05,1511.61,94.94,4.6,479.56,214.62,4.11,4.36,4.36,0,0,0,64.83,1428.59,2.352,1330.67,2396.484286,309.0481081,777.4041667
14,8,132.52,0.08,1848.64,150.01,7.35,927.11,396.53,3.78,8.05,8.05,0,0,0.02,112.98,3323.91,6.474545455,1555.834667,2880.734,358.9562162,1091.7175
14,9,153.65,0.1,1053.05,73.72,8.65,991.42,703.59,3.33,10.4,10.4,0,0,0.01,138.78,6193.04,7.261818182,767.4186667,1717.710857,394.6589189,1140.554167
14,10,173.49,0.1,1012.03,80.38,11.32,1114.13,1164.53,2.76,12.84,12.84,0,0,0.04,185.34,9885.2,8.793636364,822.02,1922.931571,459.1567568,1232.575
14,11,184.76,0.15,929.79,88.02,10.49,1454.53,1484.89,3.03,15.32,15.32,0,0.01,0.09,268.63,15059.8,9.474181818,831.9933333,1978.257,546.3589189,1223.033333
14,12,189.68,0.17,877.54,82.47,12.94,1762.92,1141.81,1.48,14.19,14.19,0,0.01,0.02,922.74,11855.75,7.343636364,752.3406667,1838.691,681.0443243,1109.235833
14,13,197.87,0.13,862.23,76.35,10.63,1798.96,628.52,1.82,13.08,13.08,0,0,0.01,1116.31,8909.85,6.634,679.2853333,1661.171571,941.8713514,939.8891667
14,14,178.86,0.07,751.98,65.49,11.22,1553.23,315.29,1.81,10.79,10.79,0,0.02,0.04,852.67,5463.73,4.912909091,602.1566667,1461.630143,2417.161081,828.6333333
14,15,151.08,0.1,634.64,50.8,8.26,1027.36,235.32,1.95,8,8,0,0,0.01,261.48,2900.7,3.474363636,504.9,1242.939714,2197.31027,666.6208333
14,16,99.53,0.03,420.9,29.78,5.01,614.63,142.17,1.22,4.31,4.31,0,0,0.01,103.73,1460.12,1.992727273,323.2026667,860.6844286,1440.625405,434.1016667
14,17,41.76,0.01,185.8,11.9,1.95,245.47,60.84,0.34,1.59,1.59,0,0,0,37.62,606.19,0.433818182,129.3873333,314.3501429,330.7883784,168.295
14,18,0,0,0,0,0,0,0,0,0,0,0,0,0,0,0,0,0,0,0,0
14,19,0,0,0,0,0,0,0,0,0,0,0,0,0,0,0,0,0,0,0,0
14,20,0,0,0,0,0,0,0,0,0,0,0,0,0,0,0,0,0,0,0,0
14,21,0,0,0,0,0,0,0,0,0,0,0,0,0,0,0,0,0,0,0,0
14,22,0,0,0,0,0,0,0,0,0,0,0,0,0,0,0,0,0,0,0,0
14,23,0,0,0,0,0,0,0,0,0,0,0,0,0,0,0,0,0,0,0,0
15,0,0,0,0,0,0,0,0,0,0,0,0,0,0,0,0,0,0,0,0,0
15,1,0,0,0,0,0,0,0,0,0,0,0,0,0,0,0,0,0,0,0,0
15,2,0,0,0,0,0,0,0,0,0,0,0,0,0,0,0,0,0,0,0,0
15,3,0,0,0,0,0,0,0,0,0,0,0,0,0,0,0,0,0,0,0,0
15,4,0,0,0,0,0,0,0,0,0,0,0,0,0,0,0,0,0,0,0,0
15,5,0,0,0,0,0,0,0,0,0,0,0,0,0,0,0,0,0,0,0,0
15,6,2.83,0,15.36,0.91,0.16,17.99,5.54,0.04,0.13,0.13,0,0,0,2.79,55.78,0.017272727,9.649333333,21.29785714,10.47405405,12.69416667
15,7,51.51,0.02,278.15,20.27,2.73,303.99,96.47,0.8,3.18,3.18,0,0,0,41.84,879.19,0.310909091,167.4753333,362.3142857,160.8016216,227.5916667
15,8,65.31,0.02,385.73,22.05,2.43,431.17,137.77,0.88,3.09,3.09,0,0,0,62.41,1327.09,1.007090909,245.61,525.9695714,233.1754054,325.2908333
15,9,108.9,0.05,611.99,40.12,6.06,682.83,229.28,1.46,5.82,5.82,0,0,0,100.06,2186.8,0.964545455,382.3153333,826.3391429,355.9848649,504.5433333
15,10,152.58,0.08,1002.76,57.72,6.62,1066.59,491.39,1.86,7.29,7.29,0,0,0.01,142.54,4314.84,2.342727273,668.0486667,1387.399286,418.6572973,836.7816667
15,11,108.47,0.02,667.07,28.3,4.29,771.43,259.12,0.62,3.16,3.16,0,0,0,124.78,2665.78,1.772,444.288,965.3271429,446.447027,570.8158333
15,12,99.25,0.03,602.56,26.96,4.32,713.59,229.4,0.89,3.03,3.03,0,0,0,118.78,2373.65,1.609272727,396.4746667,868.6275714,421.3086486,505.8591667
15,13,128.95,0.04,743.59,42.81,7.19,902.54,285.91,1.99,5.77,5.77,0,0,0,181.12,2991.2,1.928,483.202,1057.120857,536.9435135,602.9275
15,14,147.45,0.06,737.71,54,7.09,943.29,275.79,2.62,8.23,8.23,0,0,0.01,193.9,2926.55,1.790909091,465.5893333,1050.148143,686.8181081,606.6475
15,15,144.58,0.05,601.01,46.1,8.15,961.59,221.72,2.06,6.99,6.99,0,0,0.01,238,2698.39,2.596545455,481.022,1174.502714,1943.56,642.9908333
15,16,111.67,0.05,391.52,40.19,9.24,645.06,156.65,0.99,6.53,6.53,0,0,0.01,91.04,1468.71,5.977818182,417.8813333,1334.395143,4218.127027,661.8175
15,17,43.74,0.01,180.91,13.72,2.06,243.76,57.28,0.52,2.09,2.09,0,0,0,39.43,569.65,1.214,166.8926667,482.7658571,1304.56027,212.2666667
15,18,0,0,0,0,0,0,0,0,0,0,0,0,0,0,0,0,0,0,0,0
15,19,0,0,0,0,0,0,0,0,0,0,0,0,0,0,0,0,0,0,0,0
15,20,0,0,0,0,0,0,0,0,0,0,0,0,0,0,0,0,0,0,0,0
15,21,0,0,0,0,0,0,0,0,0,0,0,0,0,0,0,0,0,0,0,0
15,22,0,0,0,0,0,0,0,0,0,0,0,0,0,0,0,0,0,0,0,0
15,23,0,0,0,0,0,0,0,0,0,0,0,0,0,0,0,0,0,0,0,0
16,0,0,0,0,0,0,0,0,0,0,0,0,0,0,0,0,0,0,0,0,0
16,1,0,0,0,0,0,0,0,0,0,0,0,0,0,0,0,0,0,0,0,0
16,2,0,0,0,0,0,0,0,0,0,0,0,0,0,0,0,0,0,0,0,0
16,3,0,0,0,0,0,0,0,0,0,0,0,0,0,0,0,0,0,0,0,0
16,4,0,0,0,0,0,0,0,0,0,0,0,0,0,0,0,0,0,0,0,0
16,5,0,0,0,0,0,0,0,0,0,0,0,0,0,0,0,0,0,0,0,0
16,6,4.86,0,26.98,1.6,0.22,31.71,9.65,0.05,0.21,0.21,0,0,0,4.87,97.62,0.052909091,17.03933333,38.15,18.51297297,23.0175
16,7,56.3,0.02,332.65,24.25,3.02,333.33,108.68,0.76,3.45,3.45,0,0,0,46,977.41,0.539636364,216.652,445.053,174.8267568,259.15
16,8,95.02,0.04,838.72,46.21,3.38,694.69,240.81,1.06,4.6,4.6,0,0,0,65.83,1779.67,1.448909091,559.2113333,1098.538714,303.4062162,712.59
16,9,138.12,0.04,990.93,58.18,6.42,942.66,415.26,2.14,7.36,7.36,0,0,0.01,106.17,3480.77,2.812181818,649.2173333,1342.242,367.5805405,886.415
16,10,151.04,0.05,1026.14,56.36,7.06,1089.17,494.51,2.11,7.57,7.57,0,0,0.01,144.81,4317.61,1.874181818,666.5946667,1391.331,415.76,853.87
16,11,163.27,0.05,1022.21,59.93,8.81,1261.43,666.55,2.54,8.37,8.37,0,0,0.01,215.83,6552.07,3.171090909,711.5333333,1546.411143,527.0427027,896.9075
16,12,173.14,0.07,937.98,66.93,9.91,1419.26,688.76,2.26,10,10,0,0,0.01,472,7060.16,4.256727273,684.8726667,1518.961857,667.2435135,859.9383333
16,13,180.29,0.07,861.25,59.26,10.56,1377.59,437.79,1.7,9.47,9.47,0,0,0.01,522.28,5167.05,3.674363636,605.884,1402.768143,849.1405405,766.9566667
16,14,180.18,0.06,765.48,60.9,10.39,1393.36,304.5,1.54,9.58,9.58,0,0,0.01,625.75,4703.12,4.172363636,569.4966667,1370.854714,1895.107027,767.9625
16,15,144.38,0.04,608.7,45.66,7.26,940.27,217.39,1.11,7.37,7.37,0,0,0.01,218.93,2580.52,1.580909091,450.5366667,1121.076571,1579.237838,581.08
16,16,98.27,0.04,438.01,32.22,4.89,587.84,151.59,0.97,5.07,5.07,0,0,0,100.14,1561.99,0.664545455,305.8653333,714.096,746.1667568,390.6491667
16,17,40.11,0.02,177.04,11.02,1.72,227.28,57.52,0.37,1.51,1.51,0,0,0,35.57,577.61,0.302363636,120.712,291.5632857,258.3505405,157.4291667
16,18,0,0,0,0,0,0,0,0,0,0,0,0,0,0,0,0,0,0,0,0
16,19,0,0,0,0,0,0,0,0,0,0,0,0,0,0,0,0,0,0,0,0
16,20,0,0,0,0,0,0,0,0,0,0,0,0,0,0,0,0,0,0,0,0
16,21,0,0,0,0,0,0,0,0,0,0,0,0,0,0,0,0,0,0,0,0
16,22,0,0,0,0,0,0,0,0,0,0,0,0,0,0,0,0,0,0,0,0
16,23,0,0,0,0,0,0,0,0,0,0,0,0,0,0,0,0,0,0,0,0
17,0,0,0,0,0,0,0,0,0,0,0,0,0,0,0,0,0,0,0,0,0
17,1,0,0,0,0,0,0,0,0,0,0,0,0,0,0,0,0,0,0,0,0
17,2,0,0,0,0,0,0,0,0,0,0,0,0,0,0,0,0,0,0,0,0
17,3,0,0,0,0,0,0,0,0,0,0,0,0,0,0,0,0,0,0,0,0
17,4,0,0,0,0,0,0,0,0,0,0,0,0,0,0,0,0,0,0,0,0
17,5,0,0,0,0,0,0,0,0,0,0,0,0,0,0,0,0,0,0,0,0
17,6,7.3,0,40.96,2.38,0.45,47.52,14.59,0.12,0.32,0.32,0,0,0,7.09,146.21,0.119454545,26.08933333,56.78571429,27.70108108,34.165
17,7,91.56,0.03,1225.29,72.58,3.33,459.73,187.01,3.18,3.41,3.41,0,0,0,55.13,1209.08,1.656363636,1033.511333,1817.1,289.4278378,708.0525
17,8,121.5,0.04,1500.47,108.55,6.11,881.4,349.94,2.49,6.79,6.79,0,0,0.01,94.78,2775.37,4.056363636,1190.914,2210.763143,349.4702703,1019.881667
17,9,160.52,0.08,1065.56,75.59,9.15,1000.31,759.28,3.55,10.76,10.76,0,0,0.02,143.28,6370.98,7.894,782.2353333,1795.828143,411.5440541,1196.353333
17,10,175.48,0.09,1077.24,77.01,9.53,1170.28,986.34,3.11,12.02,12.02,0,0,0.03,180.88,8410.11,6.379090909,801.7626667,1814.852571,455.8645946,1140.158333
17,11,185.54,0.09,962.5,81.79,10.84,1429.43,1290.9,3.11,13.74,13.74,0,0,0.07,259.05,12941.45,9.971272727,803.5726667,1915.953429,534.2140541,1184.321667
17,12,191.04,0.11,879.41,80.23,12.71,1743.09,1121.58,2.11,13.4,13.4,0,0,0.06,910.6,11617.57,10.74709091,764.6386667,1833.858714,667.5548649,1083.964167
17,13,194.96,0.14,793.1,77.71,12.47,2007.57,714.66,3.53,13.92,13.92,0,0.01,0.05,1515.09,9608.87,8.048181818,689.3073333,1735.545714,881.0224324,1018.588333
17,14,183.42,0.12,670.98,72.91,11.74,1933.08,301,1.58,12.19,12.19,0,0.01,0.02,1513.96,7673.63,8.849272727,647.9373333,1667.239143,3939.529459,970.5225
17,15,133.32,0.12,421.5,56.28,10.71,951.78,213.92,3.18,9.79,9.79,0,0,0.02,346.1,3174.32,7.374545455,498.438,1328.937857,4289.619189,807.5475
17,16,89.43,0.06,284.19,34.08,8.74,514.63,124.72,1.26,5.71,5.71,0,0,0.01,69.55,1123.74,5.521636364,353.0186667,1205.546286,4197.917568,593.2916667
17,17,41.93,0.01,173.26,12.23,1.95,226.97,51.49,0.54,1.67,1.67,0,0,0,31.37,476.31,1.054181818,147.7513333,429.6445714,1049.561622,197.1233333
17,18,0,0,0,0,0,0,0,0,0,0,0,0,0,0,0,0,0,0,0,0
17,19,0,0,0,0,0,0,0,0,0,0,0,0,0,0,0,0,0,0,0,0
17,20,0,0,0,0,0,0,0,0,0,0,0,0,0,0,0,0,0,0,0,0
17,21,0,0,0,0,0,0,0,0,0,0,0,0,0,0,0,0,0,0,0,0
17,22,0,0,0,0,0,0,0,0,0,0,0,0,0,0,0,0,0,0,0,0
17,23,0,0,0,0,0,0,0,0,0,0,0,0,0,0,0,0,0,0,0,0
18,0,0,0,0,0,0,0,0,0,0,0,0,0,0,0,0,0,0,0,0,0
18,1,0,0,0,0,0,0,0,0,0,0,0,0,0,0,0,0,0,0,0,0
18,2,0,0,0,0,0,0,0,0,0,0,0,0,0,0,0,0,0,0,0,0
18,3,0,0,0,0,0,0,0,0,0,0,0,0,0,0,0,0,0,0,0,0
18,4,0,0,0,0,0,0,0,0,0,0,0,0,0,0,0,0,0,0,0,0
18,5,0,0,0,0,0,0,0,0,0,0,0,0,0,0,0,0,0,0,0,0
18,6,6.44,0,36.09,2.09,0.39,42.06,13.01,0.07,0.28,0.28,0,0,0,6.4,130.02,0.116363636,22.718,50.31057143,24.43054054,30.1825
18,7,92.95,0.02,1215.35,73.53,4.35,465.91,184.29,2.65,3.59,3.59,0,0,0,53.55,1206.07,1.484545455,1026.374,1798.407714,284.3135135,700.73
18,8,132.25,0.07,1785.4,139.72,7.86,940.49,384.53,3.13,7.76,7.76,0,0,0,108.3,3144.45,5.470909091,1472.180667,2724.445286,362.4175676,1087.823333
18,9,162.72,0.07,1100.63,76.46,9.22,1033.2,741.28,3,10.99,10.99,0,0,0.03,141.26,6208.45,7.036363636,784.9146667,1812.996429,414.887027,1193.159167
18,10,171.44,0.22,1066.83,79.75,9.66,1156.32,1035.1,3.27,12.36,12.36,0,0,0.01,183.3,8795.19,6.934909091,811.6513333,1845.434857,458.4856757,1173.8025
18,11,184.15,0.14,950.85,82.28,10.87,1431.69,1361.79,2.97,13.94,13.94,0,0.01,0.17,258.81,13646.9,10.81163636,820.08,1912.761429,536.9889189,1190.756667
18,12,192.01,0.14,914.67,81.33,12.85,1731.35,1064.14,4.55,14.11,14.11,0,0.01,0.02,840.15,11037.04,8.298909091,756.1973333,1822.020857,690.3775676,1065.404167
18,13,202.27,0.08,772.83,83.3,13.14,2120.34,766.74,2.48,14.55,14.55,0,0.01,0.03,1720.47,10457.57,9.904727273,723.4546667,1837.478857,881.4510811,1081.435
18,14,180.27,0.07,650.38,71.97,13.29,1928.01,297.16,1.48,11.96,11.96,0,0.01,0.05,1543.06,6826.13,7.972727273,642.67,1639.274286,3975.882432,927.6775
18,15,140.32,0.08,480.86,53.89,11.4,976.07,215.47,1.22,9.05,9.05,0,0,0.01,328.54,3068.31,7.018727273,511.5813333,1321.92,3771.661892,769.5908333
18,16,105.94,0.03,390.45,34.3,6.1,619.6,146.38,0.99,5.7,5.7,0,0,0,93.32,1393.41,4.318363636,369.2793333,1157.819714,3190.455405,579.3866667
18,17,47.71,0.02,201.9,13.93,2.36,270.68,62.2,0.29,1.98,1.98,0,0,0,38.64,591.95,1.246,163.188,464.0007143,958.8102703,225.22
18,18,0,0,0,0,0,0,0,0,0,0,0,0,0,0,0,0,0,0,0,0
18,19,0,0,0,0,0,0,0,0,0,0,0,0,0,0,0,0,0,0,0,0
18,20,0,0,0,0,0,0,0,0,0,0,0,0,0,0,0,0,0,0,0,0
18,21,0,0,0,0,0,0,0,0,0,0,0,0,0,0,0,0,0,0,0,0
18,22,0,0,0,0,0,0,0,0,0,0,0,0,0,0,0,0,0,0,0,0
18,23,0,0,0,0,0,0,0,0,0,0,0,0,0,0,0,0,0,0,0,0
19,0,0,0,0,0,0,0,0,0,0,0,0,0,0,0,0,0,0,0,0,0
19,1,0,0,0,0,0,0,0,0,0,0,0,0,0,0,0,0,0,0,0,0
19,2,0,0,0,0,0,0,0,0,0,0,0,0,0,0,0,0,0,0,0,0
19,3,0,0,0,0,0,0,0,0,0,0,0,0,0,0,0,0,0,0,0,0
19,4,0,0,0,0,0,0,0,0,0,0,0,0,0,0,0,0,0,0,0,0
19,5,0,0,0,0,0,0,0,0,0,0,0,0,0,0,0,0,0,0,0,0
19,6,7.4,0,41.04,2.43,0.35,47.54,14.64,0.07,0.33,0.33,0,0,0,7.18,145.63,0.108909091,25.43,56.88357143,27.71945946,34.00416667
19,7,100.16,0.03,1391.58,85.21,4.81,501.55,209.26,3.51,4.02,4.02,0,0,0.01,62.37,1358.38,1.758181818,1189.108667,2074.305286,759.2716216,2173.69
19,8,137.3,0.11,1951.68,160.2,7.09,969.97,404.05,5.34,8.36,8.36,0,0,0.01,115.74,3382.28,6.234,1639.862667,3023.425857,366.2775676,1117.505
19,9,160.2,0.08,941.91,79.98,10.79,898.3,869.53,3.86,12.36,12.36,0,0.01,0.02,149.51,7364.42,9.583454545,736.2026667,1819.756429,398.6013514,1234.6975
19,10,173.71,0.11,886.01,86.66,11.72,1009.42,1402.6,4.05,14.11,14.11,0,0.01,0.05,193.44,11800.4,14.19454545,799.61,2018.544429,461.5118919,1312.113333
19,11,176.27,0.17,803.78,88.16,12.77,1402.93,1631.85,3.37,15.06,15.06,0,0,0.06,261.78,16576.53,11.11163636,788.5533333,1972.021286,530.6302703,1270.613333
19,12,186.89,0.14,779.98,88.78,13.15,1839.09,1332.2,2.64,15.41,15.41,0,0.01,0.02,1115.04,13766.3,11.77836364,748.54,1890.618714,645.2091892,1219.976667
19,13,190.21,0.12,709.96,81.79,13.12,2091.58,775.34,2.83,14.16,14.16,0,0,0.12,1809.64,10678.53,9.004545455,679.4213333,1751.776714,808.4635135,1098.185833
19,14,177.49,0.09,665.68,70.82,12.61,2107.3,296.93,2.42,12.06,12.06,0,0,0.02,1439.32,7366.16,8.234545455,635.2226667,1640.434,3714.506757,954.4616667
19,15,149.91,0.07,542.17,53.57,11,1026.17,227.94,1.92,9.03,9.03,0,0.01,0.02,320.54,3079.78,5.206727273,527.3106667,1346.162143,3297.831081,773.1408333
19,16,104.19,0.05,366.63,32.95,6.73,599.8,139.21,1.39,5.54,5.54,0,0,0.01,88.08,1324.32,4.801090909,365.1506667,1135.189,3250.961892,583.4158333
19,17,46.51,0.01,195.01,13.11,1.8,256.95,58.98,0.62,1.85,1.85,0,0,0,37.03,562.71,0.766181818,160.564,457.8282857,952.6802703,213.5325
19,18,0,0,0,0,0,0,0,0,0,0,0,0,0,0,0,0,0,0,0,0
19,19,0,0,0,0,0,0,0,0,0,0,0,0,0,0,0,0,0,0,0,0
19,20,0,0,0,0,0,0,0,0,0,0,0,0,0,0,0,0,0,0,0,0
19,21,0,0,0,0,0,0,0,0,0,0,0,0,0,0,0,0,0,0,0,0
19,22,0,0,0,0,0,0,0,0,0,0,0,0,0,0,0,0,0,0,0,0
19,23,0,0,0,0,0,0,0,0,0,0,0,0,0,0,0,0,0,0,0,0
20,0,0,0,0,0,0,0,0,0,0,0,0,0,0,0,0,0,0,0,0,0
20,1,0,0,0,0,0,0,0,0,0,0,0,0,0,0,0,0,0,0,0,0
20,2,0,0,0,0,0,0,0,0,0,0,0,0,0,0,0,0,0,0,0,0
20,3,0,0,0,0,0,0,0,0,0,0,0,0,0,0,0,0,0,0,0,0
20,4,0,0,0,0,0,0,0,0,0,0,0,0,0,0,0,0,0,0,0,0
20,5,0,0,0,0,0,0,0,0,0,0,0,0,0,0,0,0,0,0,0,0
20,6,6.43,0,36.3,2.11,0.3,42.11,13.09,0.07,0.28,0.28,0,0,0,6.46,129.9,0.057454545,22.78133333,50.34685714,24.27486486,30.44666667
20,7,103.98,0.03,1522.95,87.36,4.65,487.52,209.9,4.16,4.39,4.39,0,0,0,59.4,1365.06,1.857636364,1208.358667,2111.39,780.1743243,2215.028333
20,8,145.95,0.09,2275.09,164.74,8.26,1006.63,419.99,5.05,8.85,8.85,0,0,0.01,119.67,3478.67,7.028181818,1693.09,3122.335143,376.8416216,1165.898333
20,9,159.79,0.09,1025.98,77.14,9.06,961.03,805.5,4.46,11.14,11.14,0,0,0.01,141.43,6735.85,8.270909091,765.188,1812.796,399.9559459,1230.061667
20,10,175.55,0.09,988.19,81.58,10.4,1091.19,1197.22,3.93,13.23,13.23,0,0,0.04,182.65,10093.65,11.41963636,823.0633333,1945.922143,459.3548649,1249.559167
20,11,180.69,0.13,900.64,83.44,11.9,1423.78,1428,2.36,14.13,14.13,0,0.01,0.06,259,14369.01,10.62690909,793.6273333,1941.661857,529.2154054,1208.1275
20,12,197.28,0.09,895.02,82.71,12.96,1822.13,1200.9,3.13,13.68,13.68,0,0,0.1,984.2,12377.91,10.04163636,772.478,1889.567429,678.1735135,1123.406667
20,13,199.49,0.1,813.33,77.3,11.49,1955.03,690.62,2.62,13.39,13.39,0,0,0.04,1402.05,9114.06,7.792545455,720.5893333,1751.580714,895.747027,1007.955
20,14,179.59,0.09,689.87,68.28,12.45,1899.64,304.06,2.29,11.35,11.35,0,0,0.03,1189.96,6554.45,8.255454545,614.0926667,1551.251,3166.914324,873.7191667
20,15,154.64,0.06,563.25,54.5,8.28,1060.33,232.39,1.55,9,9,0,0,0.01,319.44,3115.35,5.713272727,526.7053333,1371.709714,3218.171081,754.5125
20,16,107.05,0.04,410.29,32.15,6.14,635.96,142.25,0.94,4.76,4.76,0,0,0.01,99,1403.9,3.324909091,353.7786667,961.6822857,2500.633514,525.5241667
20,17,56,0.02,219.09,13.27,2.13,307.29,64.57,0.56,1.82,1.82,0,0,0,44.98,632.66,0.883818182,166.25,478.8794286,886.1327027,235.0375
20,18,0,0,0,0,0,0,0,0,0,0,0,0,0,0,0,0,0,0,0,0
20,19,0,0,0,0,0,0,0,0,0,0,0,0,0,0,0,0,0,0,0,0
20,20,0,0,0,0,0,0,0,0,0,0,0,0,0,0,0,0,0,0,0,0
20,21,0,0,0,0,0,0,0,0,0,0,0,0,0,0,0,0,0,0,0,0
20,22,0,0,0,0,0,0,0,0,0,0,0,0,0,0,0,0,0,0,0,0
20,23,0,0,0,0,0,0,0,0,0,0,0,0,0,0,0,0,0,0,0,0
21,0,0,0,0,0,0,0,0,0,0,0,0,0,0,0,0,0,0,0,0,0
21,1,0,0,0,0,0,0,0,0,0,0,0,0,0,0,0,0,0,0,0,0
21,2,0,0,0,0,0,0,0,0,0,0,0,0,0,0,0,0,0,0,0,0
21,3,0,0,0,0,0,0,0,0,0,0,0,0,0,0,0,0,0,0,0,0
21,4,0,0,0,0,0,0,0,0,0,0,0,0,0,0,0,0,0,0,0,0
21,5,0,0,0,0,0,0,0,0,0,0,0,0,0,0,0,0,0,0,0,0
21,6,4.05,0,22.36,1.29,0.18,26.25,8.08,0.04,0.19,0.19,0,0,0,4.02,81.05,0.044545455,14.53533333,31.39114286,15.21351351,19.15333333
21,7,36.02,0.02,222.99,12.72,1.91,245.52,78.22,0.67,1.6,1.6,0,0,0,35.67,750.93,0.418727273,142.1086667,305.1112857,136.5645946,189.8633333
21,8,108.03,0.03,1071.68,63.15,4.58,767.81,273.57,2.23,5.28,5.28,0,0,0,75.87,2062.57,1.934363636,730.1513333,1396.728286,324.8989189,823.8275
21,9,144.17,0.05,1068.12,61.19,8.18,1002.82,508.39,1.72,8.32,8.32,0,0,0.01,115.28,4184.19,3.849090909,733.6173333,1526.750714,398.0578378,976.2966667
21,10,178.64,0.09,1104.6,78.27,10.54,1190.61,1026.64,2.11,12.41,12.41,0,0.01,0.05,183.9,8671.07,7.188363636,825.1453333,1875.122286,459.2343243,1170.115
21,11,175.72,0.07,1021.91,71.82,9.96,1334.79,902.01,1.56,10.84,10.84,0,0,0.01,230.58,8801.35,5.599818182,745.02,1672.601857,544.9794595,991.6833333
21,12,188,0.1,943.66,66.71,10.26,1438.11,689.32,1.31,10.7,10.7,0,0,0.02,480.63,7021.44,3.664363636,675.2133333,1533.291143,657.7813514,894.015
21,13,145.38,0.08,726.52,47.64,6.71,1084.29,331.51,1.43,7.2,7.2,0,0,0.02,358.43,3769.71,1.77,503.9833333,1155.051571,702.867027,627.435
21,14,70.77,0.04,366.02,25.35,4.4,433.43,133.99,0.71,3.71,3.71,0,0,0,67.56,1316.5,0.458,230.0286667,501.4815714,259.0118919,305.9708333
21,15,57.05,0.02,300.21,16.87,3.34,350.45,106.65,0.89,2.51,2.51,0,0,0,55.61,1079.42,0.663454545,191.052,418.5434286,220.9308108,247.5275
21,16,16,0,87.33,5.19,0.62,101.42,31.87,0.09,0.68,0.68,0,0,0,15.2,312.88,0.161636364,55.99066667,123.0008571,59.13378378,74.03083333
21,17,18.28,0.01,96.58,5.6,0.86,117.42,33.65,0.31,0.73,0.73,0,0,0,18.4,336.55,0.196,63.33,142.2314286,82.45972973,83.01416667
21,18,0,0,0,0,0,0,0,0,0,0,0,0,0,0,0,0,0,0,0,0
21,19,0,0,0,0,0,0,0,0,0,0,0,0,0,0,0,0,0,0,0,0
21,20,0,0,0,0,0,0,0,0,0,0,0,0,0,0,0,0,0,0,0,0
21,21,0,0,0,0,0,0,0,0,0,0,0,0,0,0,0,0,0,0,0,0
21,22,0,0,0,0,0,0,0,0,0,0,0,0,0,0,0,0,0,0,0,0
21,23,0,0,0,0,0,0,0,0,0,0,0,0,0,0,0,0,0,0,0,0
22,0,0,0,0,0,0,0,0,0,0,0,0,0,0,0,0,0,0,0,0,0
22,1,0,0,0,0,0,0,0,0,0,0,0,0,0,0,0,0,0,0,0,0
22,2,0,0,0,0,0,0,0,0,0,0,0,0,0,0,0,0,0,0,0,0
22,3,0,0,0,0,0,0,0,0,0,0,0,0,0,0,0,0,0,0,0,0
22,4,0,0,0,0,0,0,0,0,0,0,0,0,0,0,0,0,0,0,0,0
22,5,0,0,0,0,0,0,0,0,0,0,0,0,0,0,0,0,0,0,0,0
22,6,4.16,0,22.55,1.33,0.19,26.31,8.13,0.03,0.18,0.18,0,0,0,4.12,81.11,0.034909091,14.13066667,31.34328571,15.34810811,18.73333333
22,7,13.09,0,71.76,4.29,0.54,83.29,25.82,0.13,0.57,0.57,0,0,0,13.12,259.65,0.075454545,45.59533333,100.4148571,48.98108108,59.4225
22,8,112.06,0.04,1247.23,73.96,5.34,799.86,297.64,2.83,5.22,5.22,0,0,0.01,80.74,2251.06,2.614545455,870.5013333,1643.754857,342.8448649,895.5508333
22,9,125.72,0.06,751.13,47.13,6.26,819.71,278.52,2.36,6.87,6.87,0,0,0.01,115.98,2614.27,1.544545455,456.6733333,979.6311429,400.7616216,603.1366667
22,10,93.44,0.03,549.96,28.74,4.51,637.21,205.52,0.93,3.86,3.86,0,0,0,98.23,2044.07,1.093818182,353.4433333,774.769,354.3551351,472.0966667
22,11,90.83,0.02,568.67,25.21,3.41,667.57,215.8,0.96,2.76,2.76,0,0,0,105.82,2224.1,1.110727273,371.982,826.5528571,386.7916216,502.4683333
22,12,136.61,0.03,777.78,42.99,6.22,1038.14,387.66,1.36,5.93,5.93,0,0,0.01,245.98,3952.02,1.987272727,536.2193333,1178.876571,544.9518919,659.1941667
22,13,177.04,0.1,850.62,57.96,8.28,1334.49,415.47,2.74,9.48,9.48,0,0.01,0.01,482.62,4817.09,2.811454545,600.2393333,1381.504571,808.927027,766.3016667
22,14,179.22,0.08,751.14,60.38,10.61,1581.91,303.69,1.17,9.88,9.88,0,0,0,779.61,5153.96,4.494727273,598.9226667,1452.223857,2192.571081,786.6825
22,15,156.45,0.1,520,57.25,10.84,1077.94,237.1,1.76,9.82,9.82,0,0,0.01,367.1,3345.44,7.642,560.238,1454.168,3196.184324,855.535
22,16,117.11,0.05,427.24,38.62,7.09,687.81,159.04,1.46,6.09,6.09,0,0,0.01,107.01,1562.61,4.759272727,410.9646667,1104.696,3386.16973,613.1133333
22,17,58.32,0.03,243.81,15.21,2.53,346.55,72.57,0.48,2.09,2.09,0,0,0,53.25,722.74,1.005818182,196.9286667,539.2228571,963.4508108,253.5708333
22,18,0,0,0,0,0,0,0,0,0,0,0,0,0,0,0,0,0,0,0,0
22,19,0,0,0,0,0,0,0,0,0,0,0,0,0,0,0,0,0,0,0,0
22,20,0,0,0,0,0,0,0,0,0,0,0,0,0,0,0,0,0,0,0,0
22,21,0,0,0,0,0,0,0,0,0,0,0,0,0,0,0,0,0,0,0,0
22,22,0,0,0,0,0,0,0,0,0,0,0,0,0,0,0,0,0,0,0,0
22,23,0,0,0,0,0,0,0,0,0,0,0,0,0,0,0,0,0,0,0,0
23,0,0,0,0,0,0,0,0,0,0,0,0,0,0,0,0,0,0,0,0,0
23,1,0,0,0,0,0,0,0,0,0,0,0,0,0,0,0,0,0,0,0,0
23,2,0,0,0,0,0,0,0,0,0,0,0,0,0,0,0,0,0,0,0,0
23,3,0,0,0,0,0,0,0,0,0,0,0,0,0,0,0,0,0,0,0,0
23,4,0,0,0,0,0,0,0,0,0,0,0,0,0,0,0,0,0,0,0,0
23,5,0,0,0,0,0,0,0,0,0,0,0,0,0,0,0,0,0,0,0,0
23,6,5.61,0,31.92,1.87,0.24,36.81,11.42,0.03,0.25,0.25,0,0,0,5.68,113.76,0.066,20.18866667,44.58985714,21.25432432,26.40083333
23,7,66.56,0.01,797.47,42.95,3.19,395.51,141.03,1.67,2.46,2.46,0,0,0,39.64,903.49,0.907818182,585.2326667,1072.662429,402.2,1048.833333
23,8,112.93,0.04,1137.21,66.47,5.04,825.3,295.64,1.92,5.3,5.3,0,0,0,81.62,2219.58,2.031636364,775.156,1491.733143,338.3524324,864.1558333
23,9,146.39,0.06,1248.33,64.52,7.51,1156.49,472.17,1.79,8.17,8.17,0,0,0,118.47,3853.69,3.014545455,709.9086667,1482.048429,395.7827027,954.7483333
23,10,162.49,0.08,1087.45,67.43,7.31,1149.69,718.31,1.85,10.15,10.15,0,0,0.01,155.73,6088.96,4.061090909,760.4153333,1623.516286,458.2562162,978.2741667
23,11,189.82,0.07,1122.69,72.97,7.9,1411.79,852.63,3.3,10.93,10.93,0,0,0.02,242.21,8201.34,3.908909091,776.5206667,1733.063571,586.2472973,1012.685
23,12,191.17,0.1,974.13,73.5,12.45,1582.45,839.26,2.28,11.76,11.76,0,0.01,0.01,616.4,8533.35,5.148,747.5426667,1699.623429,677.0902703,986.5383333
23,13,185.24,0.08,888.3,64.09,10.65,1516.74,491.03,1.79,10.45,10.45,0,0,0.02,677.82,5889.57,4.835818182,640.73,1494.592286,867.6048649,826.5058333
23,14,176.83,0.07,787.8,58.23,8.95,1379.61,304.87,2.08,9.51,9.51,0,0,0.01,527.55,4288.27,3.381090909,580.9053333,1355.036857,1612.587297,728.1475
23,15,141.36,0.05,595.46,42.26,8.64,917.29,207.79,1.95,6.39,6.39,0,0,0.01,204.03,2394.17,2.196909091,442.468,1082.580571,1299.882703,571.9825
23,16,98.12,0.04,439.56,31.88,4.7,574.57,150.99,0.89,4.93,4.93,0,0,0.01,97.84,1525.44,0.860363636,290.256,694.5224286,634.1448649,366.8641667
23,17,39.59,0.01,181.56,11.33,1.68,236.18,59.52,0.46,1.55,1.55,0,0,0,37.21,591.58,0.307272727,122.3573333,291.8248571,252.112973,158.7766667
23,18,0,0,0,0,0,0,0,0,0,0,0,0,0,0,0,0,0,0,0,0
23,19,0,0,0,0,0,0,0,0,0,0,0,0,0,0,0,0,0,0,0,0
23,20,0,0,0,0,0,0,0,0,0,0,0,0,0,0,0,0,0,0,0,0
23,21,0,0,0,0,0,0,0,0,0,0,0,0,0,0,0,0,0,0,0,0
23,22,0,0,0,0,0,0,0,0,0,0,0,0,0,0,0,0,0,0,0,0
23,23,0,0,0,0,0,0,0,0,0,0,0,0,0,0,0,0,0,0,0,0
24,0,0,0,0,0,0,0,0,0,0,0,0,0,0,0,0,0,0,0,0,0
24,1,0,0,0,0,0,0,0,0,0,0,0,0,0,0,0,0,0,0,0,0
24,2,0,0,0,0,0,0,0,0,0,0,0,0,0,0,0,0,0,0,0,0
24,3,0,0,0,0,0,0,0,0,0,0,0,0,0,0,0,0,0,0,0,0
24,4,0,0,0,0,0,0,0,0,0,0,0,0,0,0,0,0,0,0,0,0
24,5,0,0,0,0,0,0,0,0,0,0,0,0,0,0,0,0,0,0,0,0
24,6,7.15,0,38.52,2.21,0.28,44.56,13.81,0.06,0.29,0.29,0,0,0,6.66,137.83,0.033818182,24.872,53.66057143,25.73054054,32.29583333
24,7,117.62,0.04,1839.93,105.47,4.99,503.73,223.13,4.17,4.51,4.51,0.02,0,0.01,64.74,1449.78,2.131272727,1483.986667,2538.164857,948.2664865,2750.356667
24,8,144.41,0.07,2582.66,193.7,8.68,1019.65,428.13,5.98,8.88,8.88,0,0,0.01,122.59,3606.63,8.828909091,1950.56,3576.941571,370.5175676,1205.915833
24,9,162.82,0.09,2139.28,81.74,9.89,1678.9,942.03,3.62,12.87,12.87,0,0.01,0.03,152.11,7932.78,12.73309091,727.734,1878.848429,395.7175676,1287.560833
24,10,172.77,0.09,840.55,87.31,12.23,965.59,1497.44,4.56,14.73,14.73,0,0,0.03,188.43,12532.43,12.904,811.628,2074.414714,456.5848649,1395.365
24,11,186.15,0.2,829.48,90.78,11.56,1460.57,1709.92,3.3,16.06,16.06,0,0,0.05,269.82,16999.6,13.656,826.98,2068.389429,538.6697297,1344.42
24,12,189.11,0.18,780.07,92.44,12.82,1916.37,1441.42,4.24,16.3,16.3,0,0,0.02,1226.63,14825.94,12.42927273,788.9846667,2012.147143,652.4132432,1265.18
24,13,191.21,0.11,696.52,85.28,13.54,2230.5,836.58,3.04,15.22,15.22,0,0,0.05,2035.53,11605.07,11.862,723.5006667,1865.079714,783.5794595,1161.521667
24,14,169.37,0.11,562.3,72.75,14.21,2307.69,283.3,1.83,13.07,13.07,0,0.01,0.01,1796.11,8336.85,8.433272727,633.3773333,1658.500857,3612.488649,1004.268333
24,15,135.93,0.09,424.07,55.75,11.47,974.36,217.07,1.69,9.81,9.81,0,0,0.01,364.18,3185.64,9.100545455,519.412,1373.755714,3317.808378,834.2233333
24,16,93.33,0.04,275.79,34.91,7.23,521.4,127.42,1.22,6.2,6.2,0,0,0.01,68.7,1129.58,5.913454545,351.9813333,1235.886571,3677.731892,598.195
24,17,41.09,0.02,154.87,12.74,2.04,210.45,46.87,0.36,1.88,1.88,0,0,0,29.94,437.53,1.362909091,152.9973333,485.9727143,1425.48973,203.55
24,18,0,0,0,0,0,0,0,0,0,0,0,0,0,0,0,0,0,0,0,0
24,19,0,0,0,0,0,0,0,0,0,0,0,0,0,0,0,0,0,0,0,0
24,20,0,0,0,0,0,0,0,0,0,0,0,0,0,0,0,0,0,0,0,0
24,21,0,0,0,0,0,0,0,0,0,0,0,0,0,0,0,0,0,0,0,0
24,22,0,0,0,0,0,0,0,0,0,0,0,0,0,0,0,0,0,0,0,0
24,23,0,0,0,0,0,0,0,0,0,0,0,0,0,0,0,0,0,0,0,0
25,0,0,0,0,0,0,0,0,0,0,0,0,0,0,0,0,0,0,0,0,0
25,1,0,0,0,0,0,0,0,0,0,0,0,0,0,0,0,0,0,0,0,0
25,2,0,0,0,0,0,0,0,0,0,0,0,0,0,0,0,0,0,0,0,0
25,3,0,0,0,0,0,0,0,0,0,0,0,0,0,0,0,0,0,0,0,0
25,4,0,0,0,0,0,0,0,0,0,0,0,0,0,0,0,0,0,0,0,0
25,5,0,0,0,0,0,0,0,0,0,0,0,0,0,0,0,0,0,0,0,0
25,6,7.32,0,40.76,2.44,0.35,46.95,14.65,0.09,0.33,0.33,0,0,0,7.26,145.3,0.036545455,25.922,57.16357143,27.58486486,35.78
25,7,99.49,0.02,1444.83,80.84,3.86,478.14,195.78,3.51,3.68,3.68,0,0,0,54.77,1211.17,1.754363636,1128.793333,1965.300429,730.9902703,2542.065833
25,8,146.57,0.06,2306.81,165.54,7.59,1005.57,412.64,3.58,8.07,8.07,0,0,0.01,116.32,3382.18,7.051272727,1711.23,3145.465286,385.0183784,1163.678333
25,9,159.11,0.06,1925.04,75.31,10.42,1550.91,805.47,4.02,10.86,10.86,0,0,0.03,140.66,6642.42,8.61,775.9113333,1842.106714,403.2227027,1247.1225
25,10,175.97,0.12,1102.3,80.79,8.9,1186.3,1048.79,3.22,12.54,12.54,0,0,0.02,182.56,8809.88,7.196727273,846.7693333,1907.284286,462.44,1207.6925
25,11,192.63,0.13,996.32,82.92,10.72,1474.29,1347.92,2.66,13.94,13.94,0,0,0.02,260.18,13187.1,10.96054545,822.5973333,1982.713429,543.287027,1223.155
25,12,198.16,0.09,992.9,77.39,11.81,1705.28,951.25,3.99,12.42,12.42,0,0.01,0.04,723.84,9751.97,7.187090909,791.836,1813.944714,702.4367568,1063.248333
25,13,201.59,0.07,850.97,79.09,11.75,1967.77,685.4,2.66,13.13,13.13,0,0.02,0.1,1377.07,8996.93,7.776545455,734.6046667,1787.454,911.8489189,1021.083333
25,14,186.41,0.07,716.76,68.53,12.82,1929.68,308.67,1.67,11.58,11.58,0,0,0.1,1185.11,6529.24,5.134363636,638.604,1592.650857,2639.155676,914.7066667
25,15,157.28,0.09,567.46,54.09,11.47,1065.78,233.71,1.26,8.68,8.68,0,0,0,322.43,3105.24,6.311272727,562.3726667,1399.262857,2609.981622,774.8941667
25,16,104.3,0.04,374.52,34.22,7.67,623.5,142.92,1.05,5.26,5.26,0,0,0,90.67,1360.04,4.652545455,369.1386667,1173.401857,2788.867027,593.1125
25,17,40.53,0.01,161.75,12.26,2.54,222.82,49.6,0.42,1.91,1.91,0,0,0,32.44,466.87,1.304,154.9413333,505.3994286,1381.794865,202.5625
25,18,0,0,0,0,0,0,0,0,0,0,0,0,0,0,0,0,0,0,0,0
25,19,0,0,0,0,0,0,0,0,0,0,0,0,0,0,0,0,0,0,0,0
25,20,0,0,0,0,0,0,0,0,0,0,0,0,0,0,0,0,0,0,0,0
25,21,0,0,0,0,0,0,0,0,0,0,0,0,0,0,0,0,0,0,0,0
25,22,0,0,0,0,0,0,0,0,0,0,0,0,0,0,0,0,0,0,0,0
25,23,0,0,0,0,0,0,0,0,0,0,0,0,0,0,0,0,0,0,0,0
26,0,0,0,0,0,0,0,0,0,0,0,0,0,0,0,0,0,0,0,0,0
26,1,0,0,0,0,0,0,0,0,0,0,0,0,0,0,0,0,0,0,0,0
26,2,0,0,0,0,0,0,0,0,0,0,0,0,0,0,0,0,0,0,0,0
26,3,0,0,0,0,0,0,0,0,0,0,0,0,0,0,0,0,0,0,0,0
26,4,0,0,0,0,0,0,0,0,0,0,0,0,0,0,0,0,0,0,0,0
26,5,0,0,0,0,0,0,0,0,0,0,0,0,0,0,0,0,0,0,0,0
26,6,5.42,0,29.2,1.75,0.33,34.1,10.61,0.08,0.23,0.23,0,0,0,5.28,105.43,0.073818182,18.60266667,40.71014286,19.80216216,24.7575
26,7,16.94,0.01,94.99,5.58,0.82,110.67,34.46,0.3,0.74,0.74,0,0,0,16.73,340.21,0.082727273,60.48,131.8462857,64.58135135,78.64666667
26,8,64.07,0.02,383.31,21.57,2.75,429.63,134.63,0.74,2.78,2.78,0,0,0,62.28,1307.31,0.598,240.482,520.6382857,229.9745946,320.3283333
26,9,127.49,0.04,1002.43,51.44,6.12,933.97,350.64,1.68,6.49,6.49,0,0,0.01,94.51,2806.96,1.676909091,598.7606667,1234.319429,345.1867568,830.3108333
26,10,131,0.05,780.69,42.08,6.77,882.94,309.25,2.16,5.68,5.68,0,0,0.01,135.05,3010.94,2.159818182,496.5513333,1079.918429,467.4156757,653.8108333
26,11,66.15,0.01,405.28,18.28,3.04,476.44,151.17,1.06,1.99,1.99,0,0,0,74.95,1560.26,0.811090909,267.5013333,590.731,282.1821622,349.6083333
26,12,44.94,0.01,245.9,14.59,2.06,286.98,89.85,0.23,1.98,1.98,0,0,0,44.24,894.94,0.494,157.2033333,340.206,166.7859459,200.735
26,13,118.49,0.04,634.61,36.72,5.58,786.33,247.64,1.33,4.94,4.94,0,0,0.06,153.05,2555.15,0.559090909,419.5453333,930.9901429,454.8735135,545.9508333
26,14,176.62,0.07,758.38,56.15,10.06,1412.88,295.64,1.18,9.4,9.4,0,0,0.02,576.55,4353.69,4.455636364,569.1873333,1370.347143,1571.284054,725.4825
26,15,158.21,0.05,628.21,51.12,10.42,1058.39,236.21,1.52,7.99,7.99,0,0,0.01,281.76,2931.36,3.215272727,526.0346667,1314.309429,1979.068108,733.1166667
26,16,107.86,0.04,411.83,35.11,7.98,671.6,147.64,1.27,5.47,5.47,0,0,0.01,99.24,1440.61,4.564545455,382.8346667,1035.986857,2337.578108,599.0141667
26,17,49.08,0.02,205.14,14.06,1.77,276.51,62.16,0.6,1.96,1.96,0,0,0,39.7,595.75,0.941272727,163.8866667,496.7082857,1064.687297,230.9383333
26,18,0,0,0,0,0,0,0,0,0,0,0,0,0,0,0,0,0,0,0,0
26,19,0,0,0,0,0,0,0,0,0,0,0,0,0,0,0,0,0,0,0,0
26,20,0,0,0,0,0,0,0,0,0,0,0,0,0,0,0,0,0,0,0,0
26,21,0,0,0,0,0,0,0,0,0,0,0,0,0,0,0,0,0,0,0,0
26,22,0,0,0,0,0,0,0,0,0,0,0,0,0,0,0,0,0,0,0,0
26,23,0,0,0,0,0,0,0,0,0,0,0,0,0,0,0,0,0,0,0,0
27,0,0,0,0,0,0,0,0,0,0,0,0,0,0,0,0,0,0,0,0,0
27,1,0,0,0,0,0,0,0,0,0,0,0,0,0,0,0,0,0,0,0,0
27,2,0,0,0,0,0,0,0,0,0,0,0,0,0,0,0,0,0,0,0,0
27,3,0,0,0,0,0,0,0,0,0,0,0,0,0,0,0,0,0,0,0,0
27,4,0,0,0,0,0,0,0,0,0,0,0,0,0,0,0,0,0,0,0,0
27,5,0,0,0,0,0,0,0,0,0,0,0,0,0,0,0,0,0,0,0,0
27,6,1.93,0,10.37,0.63,0.08,12.3,3.77,0.03,0.09,0.09,0,0,0,1.92,38.06,0.016545455,6.738666667,14.59614286,7.020810811,8.806666667
27,7,26.92,0.01,151.95,8.71,1.28,172.42,54.19,0.35,1.14,1.14,0,0,0.02,25.95,529.56,0.127636364,94.66333333,209.3218571,98.13405405,129.9058333
27,8,58.76,0.03,349.27,20.22,2.5,392.01,123.58,0.94,2.66,2.66,0,0,0,58.81,1205.16,0.557818182,224.3766667,479.3018571,219.5981081,294.0233333
27,9,99.4,0.03,544.17,36.19,4.53,606.19,198.89,1.17,5.23,5.23,0,0,0.01,86.86,1886.3,0.816,340.518,723.2018571,319.0297297,443.3766667
27,10,113,0.03,665.32,36.11,4.79,756.78,250.1,1.53,4.86,4.86,0,0,0,115,2468.1,0.977272727,424.1066667,934.641,414.4989189,557.5266667
27,11,133.54,0.03,824.32,38.68,6.78,968.25,330.11,1.03,4.4,4.4,0,0,0.01,153.89,3375.96,1.162909091,550.0033333,1189.708143,540.922973,722.6683333
27,12,146.28,0.05,885.45,42.95,4.74,1062.26,356.06,2.22,5.24,5.24,0,0,0,197.57,3712.36,1.201090909,591.0266667,1293.406286,598.0759459,754.5325
27,13,146.61,0.04,729.7,45.15,6.45,1051.08,311.23,1.49,6.32,6.32,0,0,0.01,298.73,3428.99,1.693454545,503.358,1139.448571,677.4094595,614.8808333
27,14,148.53,0.06,744.93,53.37,8.25,956.18,281.04,2.05,7.74,7.74,0,0,0.02,193.91,2927.08,1.699272727,482.0746667,1067.065143,668.2262162,622.9658333
27,15,124.09,0.05,577.03,44.54,7.69,732.36,210.02,0.92,6.96,6.96,0,0,0.01,127.31,2107.45,0.810545455,369.958,840.4748571,560.2537838,464.9333333
27,16,83.74,0.04,385.61,28.41,4.27,496.64,134.49,1.07,4.5,4.5,0,0,0.01,80.7,1338.8,0.725636364,249.8486667,578.7992857,424.7283784,324.8141667
27,17,33.08,0.01,167.4,9.18,1.24,216.34,54.98,0.38,1.13,1.13,0,0,0,35.05,564.38,0.387818182,113.0753333,270.4135714,206.2243243,147.9258333
27,18,0,0,0,0,0,0,0,0,0,0,0,0,0,0,0,0,0,0,0,0
27,19,0,0,0,0,0,0,0,0,0,0,0,0,0,0,0,0,0,0,0,0
27,20,0,0,0,0,0,0,0,0,0,0,0,0,0,0,0,0,0,0,0,0
27,21,0,0,0,0,0,0,0,0,0,0,0,0,0,0,0,0,0,0,0,0
27,22,0,0,0,0,0,0,0,0,0,0,0,0,0,0,0,0,0,0,0,0
27,23,0,0,0,0,0,0,0,0,0,0,0,0,0,0,0,0,0,0,0,0
28,0,0,0,0,0,0,0,0,0,0,0,0,0,0,0,0,0,0,0,0,0
28,1,0,0,0,0,0,0,0,0,0,0,0,0,0,0,0,0,0,0,0,0
28,2,0,0,0,0,0,0,0,0,0,0,0,0,0,0,0,0,0,0,0,0
28,3,0,0,0,0,0,0,0,0,0,0,0,0,0,0,0,0,0,0,0,0
28,4,0,0,0,0,0,0,0,0,0,0,0,0,0,0,0,0,0,0,0,0
28,5,0,0,0,0,0,0,0,0,0,0,0,0,0,0,0,0,0,0,0,0
28,6,6.47,0,36.06,2.11,0.24,42.22,12.92,0.04,0.31,0.31,0,0,0,6.41,129.58,0.072909091,22.98933333,50.11714286,24.09918919,30.83583333
28,7,122.38,0.02,1887.8,107.91,4.54,530.36,231.89,5.06,4.66,4.66,0,0,0,65.18,1466.21,2.064363636,1497.598,2561.110286,968.4786486,3432.453333
28,8,149.77,0.09,2810.4,214.06,8.88,1022.84,437.82,5.78,9.34,9.34,0,0,0.03,126.04,3711.97,9.121818182,2103.462,3844.215714,348.4745946,1191.395833
28,9,161.53,0.11,2293.37,83.83,9.95,1734.46,1011.89,5.21,13.36,13.36,0,0,0.03,151.63,8544.23,13.57418182,679.2386667,1852.912,351.2297297,1300.960833
28,10,159.08,0.14,701.84,86.33,11.48,820.63,1657.69,4.73,15.31,15.31,0,0.01,0.03,185.59,13808.48,15.72163636,761.528,2078.381286,397.6808108,1428.663333
28,11,166.76,0.08,649.11,90.9,12.04,1365.63,1946.99,3.38,17.63,17.63,0,0.01,0.02,258.68,19479.47,16.056,774.1446667,2083.105143,477.0918919,1412.301667
28,12,177.41,0.15,619.74,89.44,14.42,1931.03,1612.3,4.46,16.67,16.67,0,0.01,0.11,1411.96,16577.32,15.25218182,730.824,2015.523429,576.9743243,1282.859167
28,13,178.37,0.11,553.13,84.96,15.96,2309.79,897.68,2.97,15.32,15.32,0,0.01,0.06,2397.37,12815.25,14.50454545,673.8473333,1866.876429,690.5016216,1178.540833
28,14,160.58,0.13,467.17,73.45,13.77,2430.5,257.2,2.3,13.35,13.35,0,0,0.01,2061.28,8965.02,14.14727273,596.9113333,1643.261,3005.378378,1037.064167
28,15,129.67,0.07,367.82,56.51,10.93,935.28,207.42,2.13,10.74,10.74,0,0,0.05,375.34,3174.45,9.602181818,517.77,1364.331571,3524.604054,852.0508333
28,16,91.43,0.05,262.5,35.13,8.06,516.06,130.38,1.08,6.21,6.21,0,0,0.01,66.04,1116.23,6.166545455,353.962,1030.190286,3360.00027,628.4716667
28,17,41.18,0.02,155.83,12.68,1.75,212.96,46.22,0.7,2.05,2.05,0,0,0,28.88,418.43,1.331818182,153.5726667,549.0605714,1640.464054,204.4841667
28,18,0,0,0,0,0,0,0,0,0,0,0,0,0,0,0,0,0,0,0,0
28,19,0,0,0,0,0,0,0,0,0,0,0,0,0,0,0,0,0,0,0,0
28,20,0,0,0,0,0,0,0,0,0,0,0,0,0,0,0,0,0,0,0,0
28,21,0,0,0,0,0,0,0,0,0,0,0,0,0,0,0,0,0,0,0,0
28,22,0,0,0,0,0,0,0,0,0,0,0,0,0,0,0,0,0,0,0,0
28,23,0,0,0,0,0,0,0,0,0,0,0,0,0,0,0,0,0,0,0,0
29,0,0,0,0,0,0,0,0,0,0,0,0,0,0,0,0,0,0,0,0,0
29,1,0,0,0,0,0,0,0,0,0,0,0,0,0,0,0,0,0,0,0,0
29,2,0,0,0,0,0,0,0,0,0,0,0,0,0,0,0,0,0,0,0,0
29,3,0,0,0,0,0,0,0,0,0,0,0,0,0,0,0,0,0,0,0,0
29,4,0,0,0,0,0,0,0,0,0,0,0,0,0,0,0,0,0,0,0,0
29,5,0,0,0,0,0,0,0,0,0,0,0,0,0,0,0,0,0,0,0,0
29,6,6.45,0,36.34,2.14,0.31,41.95,12.96,0.09,0.3,0.3,0,0,0,6.42,129.48,0.072,22.982,50.67628571,24.69810811,30.80416667
29,7,115.95,0.03,1756.27,98.42,4.57,508.01,294.29,3.79,4.44,4.44,0,0,0,62.01,1377.83,2.04,1367.072667,2354.696,886.0808108,3122.8225
29,8,147.73,0.09,2565.4,189.69,6.78,1015.44,422.15,5.97,8.83,8.83,0,0,0.03,118.64,3453.8,7.604363636,1906.452667,3508.109857,376.4543243,1219.225
29,9,168.2,0.09,2165.35,81.9,10.05,1684.4,921.06,4.32,12.33,12.33,0,0,0.03,151.08,7693.51,10.32236364,753.9693333,1887.095,402.4618919,1303.180833
29,10,175.29,0.19,876.69,87.62,12.75,996.06,1488.06,4.06,14.74,14.74,0,0,0.03,192.88,12382.58,14.41527273,816.9966667,2101.141143,455.3602703,1404.575833
29,11,180,0.15,820.07,90.97,13.22,1459.26,1763.98,3.17,17,17,0,0,0.06,269.42,17532.51,15.18363636,827.0853333,2129.724,535.4891892,1374.6725
29,12,187.6,0.11,758.38,92.45,12.15,1948.71,1492.59,3.75,16.09,16.09,0,0,0.02,1276.42,15299.04,13.04872727,784.2266667,2054.927143,636.7856757,1275.95
29,13,188.33,0.1,677.87,84.85,15.01,2276.86,860.22,2.75,15.74,15.74,0,0,0.05,2131.85,11933.85,13.45054545,709.1046667,1892.541571,774.9756757,1185.7225
29,14,181.26,0.08,617.65,74.23,12.61,2267.88,301.98,2,12.75,12.75,0,0,0.02,1692.75,8096.32,10.03654545,661.4513333,1693.853571,2680.844865,990.3275
29,15,145.66,0.07,490.04,55.01,12.11,1036.71,223.91,1.86,9.26,9.26,0,0,0.02,353.94,3151.33,7.892545455,552.91,1430.562429,3017.996757,821.2716667
29,16,102.32,0.03,344.56,35.09,9.49,606.51,137.16,1.13,5.39,5.39,0,0,0,85.39,1295.86,5.007818182,370.8713333,1074.077429,2683.586216,600.7125
29,17,47.61,0.02,198.24,14.13,2.35,261.24,58.35,0.48,1.93,1.93,0,0,0,36.04,543.67,1.088727273,168.7313333,523.6617143,1247.731622,225.6016667
29,18,0,0,0,0,0,0,0,0,0,0,0,0,0,0,0,0,0,0,0,0
29,19,0,0,0,0,0,0,0,0,0,0,0,0,0,0,0,0,0,0,0,0
29,20,0,0,0,0,0,0,0,0,0,0,0,0,0,0,0,0,0,0,0,0
29,21,0,0,0,0,0,0,0,0,0,0,0,0,0,0,0,0,0,0,0,0
29,22,0,0,0,0,0,0,0,0,0,0,0,0,0,0,0,0,0,0,0,0
29,23,0,0,0,0,0,0,0,0,0,0,0,0,0,0,0,0,0,0,0,0
30,0,0,0,0,0,0,0,0,0,0,0,0,0,0,0,0,0,0,0,0,0
30,1,0,0,0,0,0,0,0,0,0,0,0,0,0,0,0,0,0,0,0,0
30,2,0,0,0,0,0,0,0,0,0,0,0,0,0,0,0,0,0,0,0,0
30,3,0,0,0,0,0,0,0,0,0,0,0,0,0,0,0,0,0,0,0,0
30,4,0,0,0,0,0,0,0,0,0,0,0,0,0,0,0,0,0,0,0,0
30,5,0,0,0,0,0,0,0,0,0,0,0,0,0,0,0,0,0,0,0,0
30,6,6.63,0,36,2.14,0.35,41.91,12.92,0.08,0.31,0.31,0,0,0,6.37,129.48,0.082545455,23.416,50.59428571,24.37810811,30.51583333
30,7,113.48,0.03,1709.05,95.94,5.63,506.55,284.04,4.22,4.38,4.38,0,0,0.01,61.19,1356.75,1.781454545,1329.700667,2288.795143,864.9683784,3046.276667
30,8,147.19,0.05,2468.54,180.63,7.93,1015.85,419.07,4.21,8.58,8.58,0,0,0.01,116.51,3373.8,7.701636364,1822.148,3351.878143,378.5986486,1221.05
30,9,165.72,0.08,2080.42,81.56,9.43,1647.17,869.87,5.33,12.04,12.04,0,0.01,0.02,146.56,7251.68,9.52,763.3333333,1889.371,406.5405405,1277.178333
30,10,176.31,0.09,931.85,85.87,11.72,1052,1386.02,3.06,14.54,14.54,0,0,0.03,187.36,11526.76,12.848,821.762,2071.886857,466.1767568,1364.874167
30,11,174.11,0.11,824.44,88.44,13.44,1426.9,1660.32,2.85,15.71,15.71,0,0,0.01,258.05,14655.83,12.33054545,813.352,2077.203429,531.3072973,1311.8575
30,12,206.1,0.11,918.09,88.75,15.26,1971.66,1336.45,4.47,15.25,15.25,0,0.06,0.13,1107.96,13643.66,9.598181818,842.284,2083.623571,693.1837838,1277.435
30,13,197.46,0.14,740.31,84.52,15.25,2215.13,825.09,2.09,14.98,14.98,0,0,0.01,1934.6,11258.27,12.25272727,748.9033333,1904.353429,811.0213514,1154.8225
30,14,179.65,0.11,600.37,74.13,14.37,2290.76,294.15,1.89,13.9,13.9,0,0,0.03,1739.87,8181.64,10.78618182,651.9186667,1694.470286,2701.383784,1011.16
30,15,143.55,0.07,463.45,55.74,12.6,1031.5,222.63,1.07,9.6,9.6,0,0.01,0.03,359.48,3203.1,9.089818182,547.7946667,1427.860143,3171.798378,836.9966667
30,16,99.89,0.04,309.67,35.53,10.24,575.19,131.08,1.03,6.1,6.1,0,0,0.01,80.31,1208.85,5.928363636,372.7406667,1103.025286,3040.643514,616.265
30,17,50.12,0.01,204.77,14.34,2.84,272.65,60.71,0.41,2.01,2.01,0,0,0,37.74,565.1,1.070363636,177.2013333,551.7064286,1398.76,235.745
30,18,0,0,0,0,0,0,0,0,0,0,0,0,0,0,0,0,0,0,0,0
30,19,0,0,0,0,0,0,0,0,0,0,0,0,0,0,0,0,0,0,0,0
30,20,0,0,0,0,0,0,0,0,0,0,0,0,0,0,0,0,0,0,0,0
30,21,0,0,0,0,0,0,0,0,0,0,0,0,0,0,0,0,0,0,0,0
30,22,0,0,0,0,0,0,0,0,0,0,0,0,0,0,0,0,0,0,0,0
30,23,0,0,0,0,0,0,0,0,0,0,0,0,0,0,0,0,0,0,0,0
